Rec_ID,POINT_X,POINT_Y,CO,NOx,PM2.5,PM10
R001,442874.613600001,3919928.4415,0.0,0.0,0.0,0.0
R002,442924.613600001,3919928.4415,0.0,0.0,0.0,0.0
R003,442974.613600001,3919928.4415,0.0,0.0,0.0,0.0
R004,443024.613600001,3919928.4415,0.0,0.0,0.0,0.0
R005,443074.613600002,3919928.4415,0.0,0.0,0.0,0.0
R006,443124.613600002,3919928.4415,0.0,0.0,0.0,0.0
R007,443174.613599999,3919928.4415,0.0,0.0,0.0,0.0
R008,442774.6136,3919978.4415,0.0,0.0,0.0,0.0
R009,442824.613600001,3919978.4415,0.0,0.0,0.0,0.0
R010,442874.613600001,3919978.4415,0.0,0.0,0.0,0.0
R011,442924.613600001,3919978.4415,0.0,0.0,0.0,0.0
R012,442974.613600001,3919978.4415,0.0,0.0,0.0,0.0
R013,443024.613600001,3919978.4415,0.0,0.0,0.0,0.0
R014,443074.613600002,3919978.4415,0.0,0.0,0.0,0.0
R015,443124.613600002,3919978.4415,0.0,0.0,0.0,0.0
R016,443174.613599999,3919978.4415,0.0,0.0,0.0,0.0
R017,443224.6136,3919978.4415,0.0,0.0,0.0,0.0
R018,443274.6136,3919978.4415,0.0,0.0,0.0,0.0
R019,442674.6136,3920028.4415,0.0,0.0,0.0,0.0
R020,442724.6136,3920028.4415,0.0,0.0,0.0,0.0
R021,442774.6136,3920028.4415,0.0,0.0,0.0,0.0
R022,442824.613600001,3920028.4415,0.0,0.0,0.0,0.0
R023,442874.613600001,3920028.4415,0.0,0.0,0.0,0.0
R024,442924.613600001,3920028.4415,0.0,0.0,0.0,0.0
R025,442974.613600001,3920028.4415,0.0,0.0,0.0,0.0
R026,443024.613600001,3920028.4415,0.0,0.0,0.0,0.0
R027,443074.613600002,3920028.4415,0.0,0.0,0.0,0.0
R028,443124.613600002,3920028.4415,0.0,0.0,0.0,0.0
R029,443174.613599999,3920028.4415,0.0,0.0,0.0,0.0
R030,443224.6136,3920028.4415,0.0,0.0,0.0,0.0
R031,443274.6136,3920028.4415,0.0,0.0,0.0,0.0
R032,443324.6136,3920028.4415,0.0,0.0,0.0,0.0
R033,442574.6136,3920078.4415,0.0,0.0,0.0,0.0
R034,442624.6136,3920078.4415,0.0,0.0,0.0,0.0
R035,442674.6136,3920078.4415,0.0,0.0,0.0,0.0
R036,442724.6136,3920078.4415,0.0,0.0,0.0,0.0
R037,442774.6136,3920078.4415,0.0,0.0,0.0,0.0
R038,442824.613600001,3920078.4415,0.0,0.0,0.0,0.0
R039,442874.613600001,3920078.4415,0.0,0.0,0.0,0.0
R040,442924.613600001,3920078.4415,0.0,0.0,0.0,0.0
R041,442974.613600001,3920078.4415,0.0,0.0,0.0,0.0
R042,443024.613600001,3920078.4415,0.0,0.0,0.0,0.0
R043,443074.613600002,3920078.4415,0.0,0.0,0.0,0.0
R044,443124.613600002,3920078.4415,0.0,0.0,0.0,0.0
R045,443174.613599999,3920078.4415,0.0,0.0,0.0,0.0
R046,443224.6136,3920078.4415,0.0,0.0,0.0,0.0
R047,443274.6136,3920078.4415,0.0,0.0,0.0,0.0
R048,443324.6136,3920078.4415,0.0,0.0,0.0,0.0
R049,443374.6136,3920078.4415,0.0,0.0,0.0,0.0
R050,442474.613600002,3920128.4415,0.0,0.0,0.0,0.0
R051,442524.613600002,3920128.4415,0.0,0.0,0.0,0.0
R052,442574.6136,3920128.4415,0.0,0.0,0.0,0.0
R053,442624.6136,3920128.4415,0.0,0.0,0.0,0.0
R054,442674.6136,3920128.4415,0.0,0.0,0.0,0.0
R055,442724.6136,3920128.4415,0.0,0.0,0.0,0.0
R056,442774.6136,3920128.4415,0.0,0.0,0.0,0.0
R057,442824.613600001,3920128.4415,0.0,0.0,0.0,0.0
R058,442874.613600001,3920128.4415,0.0,0.0,0.0,0.0
R059,442924.613600001,3920128.4415,0.0,0.0,0.0,0.0
R060,442974.613600001,3920128.4415,0.0,0.0,0.0,0.0
R061,443024.613600001,3920128.4415,0.0,0.0,0.0,0.0
R062,443074.613600002,3920128.4415,0.0,0.0,0.0,0.0
R063,443124.613600002,3920128.4415,0.0,0.0,0.0,0.0
R064,443174.613599999,3920128.4415,0.0,0.0,0.0,0.0
R065,443224.6136,3920128.4415,0.0,0.0,0.0,0.0
R066,443274.6136,3920128.4415,0.0,0.0,0.0,0.0
R067,443324.6136,3920128.4415,0.0,0.0,0.0,0.0
R068,443374.6136,3920128.4415,0.0,0.0,0.0,0.0
R069,443424.6136,3920128.4415,0.0,0.0,0.0,0.0
R070,442374.613600001,3920178.4415,0.0,0.0,0.0,0.0
R071,442424.613600001,3920178.4415,0.0,0.0,0.0,0.0
R072,442474.613600002,3920178.4415,0.0,0.0,0.0,0.0
R073,442524.613600002,3920178.4415,0.0,0.0,0.0,0.0
R074,442574.6136,3920178.4415,0.0,0.0,0.0,0.0
R075,442624.6136,3920178.4415,0.0,0.0,0.0,0.0
R076,442674.6136,3920178.4415,0.0,0.0,0.0,0.0
R077,442724.6136,3920178.4415,0.0,0.0,0.0,0.0
R078,442774.6136,3920178.4415,0.0,0.0,0.0,0.0
R079,442824.613600001,3920178.4415,0.0,0.0,0.0,0.0
R080,442874.613600001,3920178.4415,0.0,0.0,0.0,0.0
R081,442924.613600001,3920178.4415,0.0,0.0,0.0,0.0
R082,442974.613600001,3920178.4415,0.0,0.0,0.0,0.0
R083,443024.613600001,3920178.4415,0.0,0.0,0.0,0.0
R084,443074.613600002,3920178.4415,0.0,0.0,0.0,0.0
R085,443124.613600002,3920178.4415,0.0,0.0,0.0,0.0
R086,443174.613599999,3920178.4415,0.0,0.0,0.0,0.0
R087,443224.6136,3920178.4415,0.0,0.0,0.0,0.0
R088,443274.6136,3920178.4415,0.0,0.0,0.0,0.0
R089,443324.6136,3920178.4415,0.0,0.0,0.0,0.0
R090,443374.6136,3920178.4415,0.0,0.0,0.0,0.0
R091,443424.6136,3920178.4415,0.0,0.0,0.0,0.0
R092,443474.613600001,3920178.4415,0.0,0.0,0.0,0.0
R093,442274.613600001,3920228.4415,0.0,0.0,0.0,0.0
R094,442324.613600001,3920228.4415,0.0,0.0,0.0,0.0
R095,442374.613600001,3920228.4415,0.0,0.0,0.0,0.0
R096,442424.613600001,3920228.4415,0.0,0.0,0.0,0.0
R097,442474.613600002,3920228.4415,0.0,0.0,0.0,0.0
R098,442524.613600002,3920228.4415,0.0,0.0,0.0,0.0
R099,442574.6136,3920228.4415,0.0,0.0,0.0,0.0
R100,442624.6136,3920228.4415,0.0,0.0,0.0,0.0
R101,442674.6136,3920228.4415,0.0,0.0,0.0,0.0
R102,442724.6136,3920228.4415,0.0,0.0,0.0,0.0
R103,442774.6136,3920228.4415,0.0,0.0,0.0,0.0
R104,442824.613600001,3920228.4415,0.0,0.0,0.0,0.0
R105,442874.613600001,3920228.4415,0.0,0.0,0.0,0.0
R106,442924.613600001,3920228.4415,0.0,0.0,0.0,0.0
R107,442974.613600001,3920228.4415,0.0,0.0,0.0,0.0
R108,443024.613600001,3920228.4415,0.0,0.0,0.0,0.0
R109,443074.613600002,3920228.4415,0.0,0.0,0.0,0.0
R110,443124.613600002,3920228.4415,0.0,0.0,0.0,0.0
R111,443174.613599999,3920228.4415,0.0,0.0,0.0,0.0
R112,443224.6136,3920228.4415,0.0,0.0,0.0,0.0
R113,443274.6136,3920228.4415,0.0,0.0,0.0,0.0
R114,443324.6136,3920228.4415,0.0,0.0,0.0,0.0
R115,443374.6136,3920228.4415,0.0,0.0,0.0,0.0
R116,443424.6136,3920228.4415,0.0,0.0,0.0,0.0
R117,443474.613600001,3920228.4415,0.0,0.0,0.0,0.0
R118,442174.6136,3920278.4415,0.0,0.0,0.0,0.0
R119,442224.613600001,3920278.4415,0.0,0.0,0.0,0.0
R120,442274.613600001,3920278.4415,0.0,0.0,0.0,0.0
R121,442324.613600001,3920278.4415,0.0,0.0,0.0,0.0
R122,442374.613600001,3920278.4415,0.0,0.0,0.0,0.0
R123,442424.613600001,3920278.4415,0.0,0.0,0.0,0.0
R124,442474.613600002,3920278.4415,0.0,0.0,0.0,0.0
R125,442524.613600002,3920278.4415,0.0,0.0,0.0,0.0
R126,442574.6136,3920278.4415,0.0,0.0,0.0,0.0
R127,442624.6136,3920278.4415,0.0,0.0,0.0,0.0
R128,442674.6136,3920278.4415,0.0,0.0,0.0,0.0
R129,442724.6136,3920278.4415,0.0,0.0,0.0,0.0
R130,442774.6136,3920278.4415,0.0,0.0,0.0,0.0
R131,442824.613600001,3920278.4415,0.0,0.0,0.0,0.0
R132,442874.613600001,3920278.4415,0.0,0.0,0.0,0.0
R133,442924.613600001,3920278.4415,0.0,0.0,0.0,0.0
R134,442974.613600001,3920278.4415,0.0,0.0,0.0,0.0
R135,443024.613600001,3920278.4415,0.0,0.0,0.0,0.0
R136,443074.613600002,3920278.4415,0.0,0.0,0.0,0.0
R137,443124.613600002,3920278.4415,0.0,0.0,0.0,0.0
R138,443174.613599999,3920278.4415,0.0,0.0,0.0,0.0
R139,443224.6136,3920278.4415,0.0,0.0,0.0,0.0
R140,443274.6136,3920278.4415,0.0,0.0,0.0,0.0
R141,443324.6136,3920278.4415,0.0,0.0,0.0,0.0
R142,443374.6136,3920278.4415,0.0,0.0,0.0,0.0
R143,443424.6136,3920278.4415,0.0,0.0,0.0,0.0
R144,443474.613600001,3920278.4415,0.0,0.0,0.0,0.0
R145,443524.613600001,3920278.4415,0.0,0.0,0.0,0.0
R146,442024.6136,3920328.4415,0.0,0.0,0.0,0.0
R147,442074.6136,3920328.4415,0.0,0.0,0.0,0.0
R148,442124.6136,3920328.4415,0.0,0.0,0.0,0.0
R149,442174.6136,3920328.4415,0.0,0.0,0.0,0.0
R150,442224.613600001,3920328.4415,0.0,0.0,0.0,0.0
R151,442274.613600001,3920328.4415,0.0,0.0,0.0,0.0
R152,442324.613600001,3920328.4415,0.0,0.0,0.0,0.0
R153,442374.613600001,3920328.4415,0.0,0.0,0.0,0.0
R154,442424.613600001,3920328.4415,0.0,0.0,0.0,0.0
R155,442474.613600002,3920328.4415,0.0,0.0,0.0,0.0
R156,442524.613600002,3920328.4415,0.0,0.0,0.0,0.0
R157,442574.6136,3920328.4415,0.0,0.0,0.0,0.0
R158,442624.6136,3920328.4415,0.0,0.0,0.0,0.0
R159,442674.6136,3920328.4415,0.0,0.0,0.0,0.0
R160,442724.6136,3920328.4415,0.0,0.0,0.0,0.0
R161,442774.6136,3920328.4415,0.0,0.0,0.0,0.0
R162,442824.613600001,3920328.4415,0.0,0.0,0.0,0.0
R163,442874.613600001,3920328.4415,0.0,0.0,0.0,0.0
R164,442924.613600001,3920328.4415,0.0,0.0,0.0,0.0
R165,442974.613600001,3920328.4415,0.0,0.0,0.0,0.0
R166,443024.613600001,3920328.4415,0.0,0.0,0.0,0.0
R167,443074.613600002,3920328.4415,0.0,0.0,0.0,0.0
R168,443124.613600002,3920328.4415,0.0,0.0,0.0,0.0
R169,443174.613599999,3920328.4415,0.0,0.0,0.0,0.0
R170,443224.6136,3920328.4415,0.0,0.0,0.0,0.0
R171,443274.6136,3920328.4415,0.0,0.0,0.0,0.0
R172,443324.6136,3920328.4415,0.0,0.0,0.0,0.0
R173,443374.6136,3920328.4415,0.0,0.0,0.0,0.0
R174,443424.6136,3920328.4415,0.0,0.0,0.0,0.0
R175,443474.613600001,3920328.4415,0.0,0.0,0.0,0.0
R176,443524.613600001,3920328.4415,0.0,0.0,0.0,0.0
R177,441874.613600002,3920378.4415,6.737595515652232e-272,6.082018876275742e-272,3.021057562875248e-273,3.021057562875248e-273
R178,441924.613599999,3920378.4415,5.361876902311148e-303,4.840159439129888e-303,2.404201725868157e-304,2.404201725868157e-304
R179,441974.6136,3920378.4415,0.0,0.0,0.0,0.0
R180,442024.6136,3920378.4415,0.0,0.0,0.0,0.0
R181,442074.6136,3920378.4415,0.0,0.0,0.0,0.0
R182,442124.6136,3920378.4415,0.0,0.0,0.0,0.0
R183,442174.6136,3920378.4415,0.0,0.0,0.0,0.0
R184,442224.613600001,3920378.4415,0.0,0.0,0.0,0.0
R185,442274.613600001,3920378.4415,0.0,0.0,0.0,0.0
R186,442324.613600001,3920378.4415,0.0,0.0,0.0,0.0
R187,442374.613600001,3920378.4415,0.0,0.0,0.0,0.0
R188,442424.613600001,3920378.4415,0.0,0.0,0.0,0.0
R189,442474.613600002,3920378.4415,0.0,0.0,0.0,0.0
R190,442524.613600002,3920378.4415,0.0,0.0,0.0,0.0
R191,442574.6136,3920378.4415,0.0,0.0,0.0,0.0
R192,442624.6136,3920378.4415,0.0,0.0,0.0,0.0
R193,442674.6136,3920378.4415,0.0,0.0,0.0,0.0
R194,442724.6136,3920378.4415,0.0,0.0,0.0,0.0
R195,442774.6136,3920378.4415,0.0,0.0,0.0,0.0
R196,442824.613600001,3920378.4415,0.0,0.0,0.0,0.0
R197,442874.613600001,3920378.4415,0.0,0.0,0.0,0.0
R198,442924.613600001,3920378.4415,0.0,0.0,0.0,0.0
R199,442974.613600001,3920378.4415,0.0,0.0,0.0,0.0
R200,443024.613600001,3920378.4415,0.0,0.0,0.0,0.0
R201,443074.613600002,3920378.4415,0.0,0.0,0.0,0.0
R202,443124.613600002,3920378.4415,0.0,0.0,0.0,0.0
R203,443174.613599999,3920378.4415,0.0,0.0,0.0,0.0
R204,443224.6136,3920378.4415,0.0,0.0,0.0,0.0
R205,443274.6136,3920378.4415,0.0,0.0,0.0,0.0
R206,443324.6136,3920378.4415,0.0,0.0,0.0,0.0
R207,443374.6136,3920378.4415,0.0,0.0,0.0,0.0
R208,443424.6136,3920378.4415,0.0,0.0,0.0,0.0
R209,443474.613600001,3920378.4415,0.0,0.0,0.0,0.0
R210,443524.613600001,3920378.4415,0.0,0.0,0.0,0.0
R211,443574.613600001,3920378.4415,0.0,0.0,0.0,0.0
R212,441774.613600001,3920428.4415,9.328382432905011e-196,8.4207189212003395e-196,4.182735552000879e-197,4.182735552000879e-197
R213,441824.613600002,3920428.4415,1.4896814076449665e-218,1.344733506172287e-218,6.679553963109654e-220,6.679553963109654e-220
R214,441874.613600002,3920428.4415,3.4343070194245245e-244,3.100144565007213e-244,1.5399023539132171e-245,1.5399023539132171e-245
R215,441924.613599999,3920428.4415,4.407317406900665e-273,3.978479800432722e-273,1.976188619987236e-274,1.976188619987236e-274
R216,441974.6136,3920428.4415,1.0261030180596243e-305,9.26261885318292e-306,4.600923691131478e-307,4.600923691131478e-307
R217,442024.6136,3920428.4415,0.0,0.0,0.0,0.0
R218,442074.6136,3920428.4415,0.0,0.0,0.0,0.0
R219,442124.6136,3920428.4415,0.0,0.0,0.0,0.0
R220,442174.6136,3920428.4415,0.0,0.0,0.0,0.0
R221,442224.613600001,3920428.4415,0.0,0.0,0.0,0.0
R222,442274.613600001,3920428.4415,0.0,0.0,0.0,0.0
R223,442324.613600001,3920428.4415,0.0,0.0,0.0,0.0
R224,442374.613600001,3920428.4415,0.0,0.0,0.0,0.0
R225,442424.613600001,3920428.4415,0.0,0.0,0.0,0.0
R226,442474.613600002,3920428.4415,0.0,0.0,0.0,0.0
R227,442524.613600002,3920428.4415,0.0,0.0,0.0,0.0
R228,442574.6136,3920428.4415,0.0,0.0,0.0,0.0
R229,442624.6136,3920428.4415,0.0,0.0,0.0,0.0
R230,442674.6136,3920428.4415,0.0,0.0,0.0,0.0
R231,442724.6136,3920428.4415,0.0,0.0,0.0,0.0
R232,442774.6136,3920428.4415,0.0,0.0,0.0,0.0
R233,442824.613600001,3920428.4415,0.0,0.0,0.0,0.0
R234,442874.613600001,3920428.4415,0.0,0.0,0.0,0.0
R235,442924.613600001,3920428.4415,0.0,0.0,0.0,0.0
R236,442974.613600001,3920428.4415,0.0,0.0,0.0,0.0
R237,443024.613600001,3920428.4415,0.0,0.0,0.0,0.0
R238,443074.613600002,3920428.4415,0.0,0.0,0.0,0.0
R239,443124.613600002,3920428.4415,0.0,0.0,0.0,0.0
R240,443174.613599999,3920428.4415,0.0,0.0,0.0,0.0
R241,443224.6136,3920428.4415,0.0,0.0,0.0,0.0
R242,443274.6136,3920428.4415,0.0,0.0,0.0,0.0
R243,443324.6136,3920428.4415,0.0,0.0,0.0,0.0
R244,443374.6136,3920428.4415,0.0,0.0,0.0,0.0
R245,443424.6136,3920428.4415,0.0,0.0,0.0,0.0
R246,443474.613600001,3920428.4415,0.0,0.0,0.0,0.0
R247,443524.613600001,3920428.4415,0.0,0.0,0.0,0.0
R248,443574.613600001,3920428.4415,0.0,0.0,0.0,0.0
R249,441624.613600001,3920478.4415,5.5514098261330744e-123,5.011250567661228e-123,2.4891860309657905e-124,2.4891860309657905e-124
R250,441674.613600001,3920478.4415,1.0018750635786336e-137,9.043913417181939e-138,4.492288429676309e-139,4.492288429676309e-139
R251,441724.613600001,3920478.4415,2.8674175054354918e-154,2.5884141239567892e-154,1.2857158493104027e-155,1.2857158493104027e-155
R252,441774.613600001,3920478.4415,7.340946869853711e-173,6.62666337396858e-173,3.291593122252018e-174,3.291593122252018e-174
R253,441824.613600002,3920478.4415,8.633075874939316e-194,7.793066578384342e-194,3.8709683747372434e-195,3.8709683747372434e-195
R254,441874.613600002,3920478.4415,2.1408357003187883e-217,1.932529655437977e-217,9.599252238126241e-219,9.599252238126241e-219
R255,441924.613599999,3920478.4415,4.490036850655876e-244,4.0531505367785684e-244,2.0132790331135464e-245,2.0132790331135464e-245
R256,441974.6136,3920478.4415,2.713158046326953e-274,2.4491643070209625e-274,1.216547745570387e-275,1.216547745570387e-275
R257,442024.6136,3920478.4415,1.318946610217198e-308,1.190611421376384e-308,5.91399952540333e-310,5.91399952540333e-310
R258,442074.6136,3920478.4415,0.0,0.0,0.0,0.0
R259,442124.6136,3920478.4415,0.0,0.0,0.0,0.0
R260,442174.6136,3920478.4415,0.0,0.0,0.0,0.0
R261,442224.613600001,3920478.4415,0.0,0.0,0.0,0.0
R262,442274.613600001,3920478.4415,0.0,0.0,0.0,0.0
R263,442324.613600001,3920478.4415,0.0,0.0,0.0,0.0
R264,442374.613600001,3920478.4415,0.0,0.0,0.0,0.0
R265,442424.613600001,3920478.4415,0.0,0.0,0.0,0.0
R266,442474.613600002,3920478.4415,0.0,0.0,0.0,0.0
R267,442524.613600002,3920478.4415,0.0,0.0,0.0,0.0
R268,442574.6136,3920478.4415,0.0,0.0,0.0,0.0
R269,442624.6136,3920478.4415,0.0,0.0,0.0,0.0
R270,442674.6136,3920478.4415,0.0,0.0,0.0,0.0
R271,442724.6136,3920478.4415,0.0,0.0,0.0,0.0
R272,442774.6136,3920478.4415,0.0,0.0,0.0,0.0
R273,442824.613600001,3920478.4415,0.0,0.0,0.0,0.0
R274,442874.613600001,3920478.4415,0.0,0.0,0.0,0.0
R275,442924.613600001,3920478.4415,0.0,0.0,0.0,0.0
R276,442974.613600001,3920478.4415,0.0,0.0,0.0,0.0
R277,443024.613600001,3920478.4415,0.0,0.0,0.0,0.0
R278,443074.613600002,3920478.4415,0.0,0.0,0.0,0.0
R279,443124.613600002,3920478.4415,0.0,0.0,0.0,0.0
R280,443174.613599999,3920478.4415,0.0,0.0,0.0,0.0
R281,443224.6136,3920478.4415,0.0,0.0,0.0,0.0
R282,443274.6136,3920478.4415,0.0,0.0,0.0,0.0
R283,443324.6136,3920478.4415,0.0,0.0,0.0,0.0
R284,443374.6136,3920478.4415,0.0,0.0,0.0,0.0
R285,443424.6136,3920478.4415,0.0,0.0,0.0,0.0
R286,443474.613600001,3920478.4415,0.0,0.0,0.0,0.0
R287,443524.613600001,3920478.4415,0.0,0.0,0.0,0.0
R288,443574.613600001,3920478.4415,0.0,0.0,0.0,0.0
R289,443624.613600001,3920478.4415,0.0,0.0,0.0,0.0
R290,441524.6136,3920528.4415,1.9981902887294347e-83,1.8037638243807255e-83,8.959647206197054e-85,8.959647206197054e-85
R291,441574.613600001,3920528.4415,5.8373478605581e-94,5.269366466542081e-94,2.617397239164117e-95,2.617397239164117e-95
R292,441624.613600001,3920528.4415,8.623558369851416e-106,7.784475138683758e-106,3.866700838839799e-107,3.866700838839799e-107
R293,441674.613600001,3920528.4415,4.3048938113689613e-119,3.88602215141644e-119,1.930263099943908e-120,1.930263099943908e-120
R294,441724.613600001,3920528.4415,4.551196205837101e-134,4.108359008674651e-134,2.0407021593729927e-135,2.0407021593729927e-135
R295,441774.613600001,3920528.4415,5.919181481051907e-151,5.343237571359975e-151,2.654090459693006e-152,2.654090459693006e-152
R296,441824.613600002,3920528.4415,5.025539880008112e-170,4.5365484381896704e-170,2.253392211918785e-171,2.253392211918785e-171
R297,441874.613600002,3920528.4415,1.3265033109433432e-191,1.1974328464594208e-191,5.947882817237511e-193,5.947882817237511e-193
R298,441924.613599999,3920528.4415,4.5506062044059626e-216,4.1078264151354765e-216,2.0404376097600774e-217,2.0404376097600774e-217
R299,441974.6136,3920528.4415,7.242469778572946e-244,6.53776822930474e-244,3.2474371676993037e-245,3.2474371676993037e-245
R300,442024.6136,3920528.4415,1.5741918711251827e-275,1.421020993738944e-275,7.058488813451858e-277,7.058488813451858e-277
R301,442074.6136,3920528.4415,1.0856642967624e-311,9.80028121025e-312,4.8679794019e-313,4.8679794019e-313
R302,442124.6136,3920528.4415,0.0,0.0,0.0,0.0
R303,442174.6136,3920528.4415,0.0,0.0,0.0,0.0
R304,442224.613600001,3920528.4415,0.0,0.0,0.0,0.0
R305,442274.613600001,3920528.4415,0.0,0.0,0.0,0.0
R306,442324.613600001,3920528.4415,0.0,0.0,0.0,0.0
R307,442374.613600001,3920528.4415,0.0,0.0,0.0,0.0
R308,442424.613600001,3920528.4415,0.0,0.0,0.0,0.0
R309,442474.613600002,3920528.4415,0.0,0.0,0.0,0.0
R310,442524.613600002,3920528.4415,0.0,0.0,0.0,0.0
R311,442574.6136,3920528.4415,0.0,0.0,0.0,0.0
R312,442624.6136,3920528.4415,0.0,0.0,0.0,0.0
R313,442674.6136,3920528.4415,0.0,0.0,0.0,0.0
R314,442724.6136,3920528.4415,0.0,0.0,0.0,0.0
R315,442774.6136,3920528.4415,0.0,0.0,0.0,0.0
R316,442824.613600001,3920528.4415,0.0,0.0,0.0,0.0
R317,442874.613600001,3920528.4415,0.0,0.0,0.0,0.0
R318,442924.613600001,3920528.4415,0.0,0.0,0.0,0.0
R319,442974.613600001,3920528.4415,0.0,0.0,0.0,0.0
R320,443024.613600001,3920528.4415,0.0,0.0,0.0,0.0
R321,443074.613600002,3920528.4415,0.0,0.0,0.0,0.0
R322,443124.613600002,3920528.4415,0.0,0.0,0.0,0.0
R323,443174.613599999,3920528.4415,0.0,0.0,0.0,0.0
R324,443224.6136,3920528.4415,0.0,0.0,0.0,0.0
R325,443274.6136,3920528.4415,0.0,0.0,0.0,0.0
R326,443324.6136,3920528.4415,0.0,0.0,0.0,0.0
R327,443374.6136,3920528.4415,0.0,0.0,0.0,0.0
R328,443424.6136,3920528.4415,0.0,0.0,0.0,0.0
R329,443474.613600001,3920528.4415,0.0,0.0,0.0,0.0
R330,443524.613600001,3920528.4415,0.0,0.0,0.0,0.0
R331,443574.613600001,3920528.4415,0.0,0.0,0.0,0.0
R332,443624.613600001,3920528.4415,0.0,0.0,0.0,0.0
R333,441474.6136,3920578.4415,1.8100151803775348e-61,1.633898394141894e-61,8.11589243802982e-63,8.11589243802982e-63
R334,441524.6136,3920578.4415,9.385267326934647e-70,8.472068842468164e-70,4.208242060802475e-71,4.208242060802475e-71
R335,441574.613600001,3920578.4415,4.343969256322197e-79,3.921295505723975e-79,1.9477840639472303e-80,1.9477840639472303e-80
R336,441624.613600001,3920578.4415,1.2941450531579155e-89,1.1682230884386003e-89,5.802792244232597e-91,5.802792244232597e-91
R337,441674.613600001,3920578.4415,1.6996101448412382e-101,1.5342359094160438e-101,7.620849411461086e-103,7.620849411461086e-103
R338,441724.613600001,3920578.4415,6.339270672027136e-115,5.72245154811106e-115,2.8424534483184826e-116,2.8424534483184826e-116
R339,441774.613600001,3920578.4415,4.022545986549282e-130,3.631147130166007e-130,1.8036616989617217e-131,1.8036616989617217e-131
R340,441824.613600002,3920578.4415,2.3848921303801107e-147,2.152839083491516e-147,1.0693572195583226e-148,1.0693572195583226e-148
R341,441874.613600002,3920578.4415,6.5386492652569015e-167,5.902430349855935e-167,2.931852434285051e-168,2.931852434285051e-168
R342,441924.613599999,3920578.4415,3.619484048845157e-189,3.2673036332196846e-189,1.6229335278538831e-190,1.6229335278538831e-190
R343,441974.6136,3920578.4415,1.5168359584563937e-214,1.3692458845464734e-214,6.801311733971329e-216,6.801311733971329e-216
R344,442024.6136,3920578.4415,1.498112484626749e-243,1.3523442286075252e-243,6.7173579078846496e-245,6.7173579078846496e-245
R345,442074.6136,3920578.4415,8.632676328334613e-277,7.792705908174011e-277,3.8707892227995744e-278,3.8707892227995744e-278
R346,442124.6136,3920578.4415,5.41001882e-315,4.88136858e-315,2.3715151e-316,2.3715151e-316
R347,442174.6136,3920578.4415,0.0,0.0,0.0,0.0
R348,442224.613600001,3920578.4415,0.0,0.0,0.0,0.0
R349,442274.613600001,3920578.4415,0.0,0.0,0.0,0.0
R350,442324.613600001,3920578.4415,0.0,0.0,0.0,0.0
R351,442374.613600001,3920578.4415,0.0,0.0,0.0,0.0
R352,442424.613600001,3920578.4415,0.0,0.0,0.0,0.0
R353,442474.613600002,3920578.4415,0.0,0.0,0.0,0.0
R354,442524.613600002,3920578.4415,0.0,0.0,0.0,0.0
R355,442574.6136,3920578.4415,0.0,0.0,0.0,0.0
R356,442624.6136,3920578.4415,0.0,0.0,0.0,0.0
R357,442674.6136,3920578.4415,0.0,0.0,0.0,0.0
R358,442724.6136,3920578.4415,0.0,0.0,0.0,0.0
R359,442774.6136,3920578.4415,0.0,0.0,0.0,0.0
R360,442824.613600001,3920578.4415,0.0,0.0,0.0,0.0
R361,442874.613600001,3920578.4415,0.0,0.0,0.0,0.0
R362,442924.613600001,3920578.4415,0.0,0.0,0.0,0.0
R363,442974.613600001,3920578.4415,0.0,0.0,0.0,0.0
R364,443024.613600001,3920578.4415,0.0,0.0,0.0,0.0
R365,443074.613600002,3920578.4415,0.0,0.0,0.0,0.0
R366,443124.613600002,3920578.4415,0.0,0.0,0.0,0.0
R367,443174.613599999,3920578.4415,0.0,0.0,0.0,0.0
R368,443224.6136,3920578.4415,0.0,0.0,0.0,0.0
R369,443274.6136,3920578.4415,0.0,0.0,0.0,0.0
R370,443324.6136,3920578.4415,0.0,0.0,0.0,0.0
R371,443374.6136,3920578.4415,0.0,0.0,0.0,0.0
R372,443424.6136,3920578.4415,0.0,0.0,0.0,0.0
R373,443474.613600001,3920578.4415,0.0,0.0,0.0,0.0
R374,443524.613600001,3920578.4415,0.0,0.0,0.0,0.0
R375,443574.613600001,3920578.4415,0.0,0.0,0.0,0.0
R376,443624.613600001,3920578.4415,0.0,0.0,0.0,0.0
R377,443674.613600001,3920578.4415,0.0,0.0,0.0,0.0
R378,441424.6136,3920628.4415,1.574529899932946e-43,1.421326131912461e-43,7.060004494355812e-45,7.060004494355812e-45
R379,441474.6136,3920628.4415,6.689926677570439e-50,6.038988276954356e-50,2.9996834237679166e-51,2.9996834237679166e-51
R380,441524.6136,3920628.4415,4.120146286003745e-57,3.719250795966838e-57,1.8474245105049207e-58,1.8474245105049207e-58
R381,441574.613600001,3920628.4415,2.8248012450966364e-65,2.549944480117965e-65,1.2666072258706206e-66,1.2666072258706206e-66
R382,441624.613600001,3920628.4415,1.589515790230879e-74,1.434853875965675e-74,7.127199441152208e-76,7.127199441152208e-76
R383,441674.613600001,3920628.4415,5.156010079103762e-85,4.654323720461773e-85,2.3118934948753047e-86,2.3118934948753047e-86
R384,441724.613600001,3920628.4415,6.391136644246289e-97,5.769270895063611e-97,2.8657095323716935e-98,2.8657095323716935e-98
R385,441774.613600001,3920628.4415,1.872601000194378e-110,1.690394533844692e-110,8.396519798112771e-112,8.396519798112771e-112
R386,441824.613600002,3920628.4415,7.383869926811801e-126,6.665409962724181e-126,3.3108393096409347e-127,3.3108393096409347e-127
R387,441874.613600002,3920628.4415,2.0192104122803696e-143,1.822738663093058e-143,9.053898936029454e-145,9.053898936029454e-145
R388,441924.613599999,3920628.4415,1.7498093346142946e-163,1.579550653980955e-163,7.845936598072081e-165,7.845936598072081e-165
R389,441974.6136,3920628.4415,1.897260991887607e-186,1.7126550768853945e-186,8.507092263070334e-188,8.507092263070334e-188
R390,442024.6136,3920628.4415,8.498787076137351e-213,7.671844251029049e-213,3.810754877164165e-214,3.810754877164165e-214
R391,442074.6136,3920628.4415,4.1651007173562586e-243,3.759831103796695e-243,1.8675815419721213e-244,1.8675815419721213e-244
R392,442124.6136,3920628.4415,4.4952037988117793e-278,4.057814734287003e-278,2.0155958311117514e-279,2.0155958311117514e-279
R393,442174.6136,3920628.4415,0.0,0.0,0.0,0.0
R394,442224.613600001,3920628.4415,0.0,0.0,0.0,0.0
R395,442274.613600001,3920628.4415,0.0,0.0,0.0,0.0
R396,442324.613600001,3920628.4415,0.0,0.0,0.0,0.0
R397,442374.613600001,3920628.4415,0.0,0.0,0.0,0.0
R398,442424.613600001,3920628.4415,0.0,0.0,0.0,0.0
R399,442474.613600002,3920628.4415,0.0,0.0,0.0,0.0
R400,442524.613600002,3920628.4415,0.0,0.0,0.0,0.0
R401,442574.6136,3920628.4415,0.0,0.0,0.0,0.0
R402,442624.6136,3920628.4415,0.0,0.0,0.0,0.0
R403,442674.6136,3920628.4415,0.0,0.0,0.0,0.0
R404,442724.6136,3920628.4415,0.0,0.0,0.0,0.0
R405,442774.6136,3920628.4415,0.0,0.0,0.0,0.0
R406,442824.613600001,3920628.4415,0.0,0.0,0.0,0.0
R407,442874.613600001,3920628.4415,0.0,0.0,0.0,0.0
R408,442924.613600001,3920628.4415,0.0,0.0,0.0,0.0
R409,442974.613600001,3920628.4415,0.0,0.0,0.0,0.0
R410,443024.613600001,3920628.4415,0.0,0.0,0.0,0.0
R411,443074.613600002,3920628.4415,0.0,0.0,0.0,0.0
R412,443124.613600002,3920628.4415,0.0,0.0,0.0,0.0
R413,443174.613599999,3920628.4415,0.0,0.0,0.0,0.0
R414,443224.6136,3920628.4415,0.0,0.0,0.0,0.0
R415,443274.6136,3920628.4415,0.0,0.0,0.0,0.0
R416,443324.6136,3920628.4415,0.0,0.0,0.0,0.0
R417,443374.6136,3920628.4415,0.0,0.0,0.0,0.0
R418,443424.6136,3920628.4415,0.0,0.0,0.0,0.0
R419,443474.613600001,3920628.4415,0.0,0.0,0.0,0.0
R420,443524.613600001,3920628.4415,0.0,0.0,0.0,0.0
R421,443574.613600001,3920628.4415,0.0,0.0,0.0,0.0
R422,443624.613600001,3920628.4415,0.0,0.0,0.0,0.0
R423,443674.613600001,3920628.4415,0.0,0.0,0.0,0.0
R424,441424.6136,3920678.4415,5.734343179838407e-34,5.17638427266794e-34,2.57121116744508e-35,2.57121116744508e-35
R425,441474.6136,3920678.4415,2.1778895273510696e-39,1.9659780978274093e-39,9.76539718424135e-41,9.76539718424135e-41
R426,441524.6136,3920678.4415,1.4655468315317374e-45,1.3229472551053347e-45,6.571337399018985e-47,6.571337399018985e-47
R427,441574.613600001,3920678.4415,1.3713563522045238e-52,1.237921629583183e-52,6.148998510818783e-54,6.148998510818783e-54
R428,441624.613600001,3920678.4415,1.3454518457825302e-60,1.2145376646845544e-60,6.032845790079003e-62,6.032845790079003e-62
R429,441674.613600001,3920678.4415,9.971035785564922e-70,9.000841282760816e-70,4.4708936592737225e-71,4.4708936592737225e-71
R430,441724.613600001,3920678.4415,3.809289164165423e-80,3.438640468669326e-80,1.708039880376618e-81,1.708039880376618e-81
R431,441774.613600001,3920678.4415,4.79704777488832e-92,4.330288906404164e-92,2.1509390740559057e-93,2.1509390740559057e-93
R432,441824.613600002,3920678.4415,1.1771097467518862e-105,1.0625754666574226e-105,5.2780198729616125e-107,5.2780198729616125e-107
R433,441874.613600002,3920678.4415,3.0259521101747337e-121,2.7315231093992973e-121,1.3568008774205476e-122,1.3568008774205476e-122
R434,441924.613599999,3920678.4415,3.905835275199695e-139,3.525792519928167e-139,1.7513300063909655e-140,1.7513300063909655e-140
R435,441974.6136,3920678.4415,1.0551234354528274e-159,9.524585790757104e-160,4.731047785573548e-161,4.731047785573548e-161
R436,442024.6136,3920678.4415,2.095335511303717e-183,1.891456692862397e-183,9.395234811112548e-185,9.395234811112548e-185
R437,442074.6136,3920678.4415,8.69734346180832e-211,7.851080847059556e-211,3.899785195056495e-212,3.899785195056495e-212
R438,442124.6136,3920678.4415,1.648507127766603e-242,1.488105281099083e-242,7.391709570904594e-244,7.391709570904594e-244
R439,442174.6136,3920678.4415,2.2385433324014256e-279,2.020730210265329e-279,1.0037361620276217e-280,1.0037361620276217e-280
R440,442224.613600001,3920678.4415,0.0,0.0,0.0,0.0
R441,442274.613600001,3920678.4415,0.0,0.0,0.0,0.0
R442,442324.613600001,3920678.4415,0.0,0.0,0.0,0.0
R443,442374.613600001,3920678.4415,0.0,0.0,0.0,0.0
R444,442424.613600001,3920678.4415,0.0,0.0,0.0,0.0
R445,442474.613600002,3920678.4415,0.0,0.0,0.0,0.0
R446,442524.613600002,3920678.4415,0.0,0.0,0.0,0.0
R447,442574.6136,3920678.4415,0.0,0.0,0.0,0.0
R448,442624.6136,3920678.4415,0.0,0.0,0.0,0.0
R449,442674.6136,3920678.4415,0.0,0.0,0.0,0.0
R450,442724.6136,3920678.4415,0.0,0.0,0.0,0.0
R451,442774.6136,3920678.4415,0.0,0.0,0.0,0.0
R452,442824.613600001,3920678.4415,0.0,0.0,0.0,0.0
R453,442874.613600001,3920678.4415,0.0,0.0,0.0,0.0
R454,442924.613600001,3920678.4415,0.0,0.0,0.0,0.0
R455,442974.613600001,3920678.4415,0.0,0.0,0.0,0.0
R456,443024.613600001,3920678.4415,0.0,0.0,0.0,0.0
R457,443074.613600002,3920678.4415,0.0,0.0,0.0,0.0
R458,443124.613600002,3920678.4415,0.0,0.0,0.0,0.0
R459,443174.613599999,3920678.4415,0.0,0.0,0.0,0.0
R460,443224.6136,3920678.4415,0.0,0.0,0.0,0.0
R461,443274.6136,3920678.4415,0.0,0.0,0.0,0.0
R462,443324.6136,3920678.4415,0.0,0.0,0.0,0.0
R463,443374.6136,3920678.4415,0.0,0.0,0.0,0.0
R464,443424.6136,3920678.4415,0.0,0.0,0.0,0.0
R465,443474.613600001,3920678.4415,0.0,0.0,0.0,0.0
R466,443524.613600001,3920678.4415,0.0,0.0,0.0,0.0
R467,443574.613600001,3920678.4415,0.0,0.0,0.0,0.0
R468,443624.613600001,3920678.4415,0.0,0.0,0.0,0.0
R469,443674.613600001,3920678.4415,0.0,0.0,0.0,0.0
R470,441374.6136,3920728.4415,1.4259549659611407e-21,1.287207728565349e-21,6.393812190459753e-23,6.393812190459753e-23
R471,441424.6136,3920728.4415,1.7609495800694715e-25,1.5896069393408184e-25,7.895888131533038e-27,7.895888131533038e-27
R472,441474.6136,3920728.4415,5.507852695118635e-30,4.9719316010639005e-30,2.4696555323238603e-31,2.4696555323238603e-31
R473,441524.6136,3920728.4415,3.678043740351271e-35,3.3201653920328505e-35,1.6491909958917318e-36,1.6491909958917318e-36
R474,441574.613600001,3920728.4415,4.250711055945722e-41,3.837111447221269e-41,1.9059681979022927e-42,1.9059681979022927e-42
R475,441624.613600001,3920728.4415,6.589879017732418e-48,5.948675382057585e-48,2.9548232449846315e-49,2.9548232449846315e-49
R476,441674.613600001,3920728.4415,1.013648310948647e-55,9.15019037099007e-56,4.5450782683125885e-57,4.5450782683125885e-57
R477,441724.613600001,3920728.4415,1.086911998530456e-64,9.81154074410607e-65,4.87358391537758e-66,4.87358391537758e-66
R478,441774.613600001,3920728.4415,5.37267430099768e-75,4.849906237149085e-75,2.4090431508076762e-76,2.4090431508076762e-76
R479,441824.613600002,3920728.4415,7.522880498878508e-87,6.790894628781602e-87,3.3731699940944793e-88,3.3731699940944793e-88
R480,441874.613600002,3920728.4415,1.6767660219768524e-100,1.513614548850485e-100,7.518419086003916e-102,7.518419086003916e-102
R481,441924.613599999,3920728.4415,2.998184105452605e-116,2.706456966962554e-116,1.3443500349090224e-117,1.3443500349090224e-117
R482,441974.6136,3920728.4415,1.8975376317234757e-134,1.712904799312301e-134,8.508332683137702e-136,8.508332683137702e-136
R483,442024.6136,3920728.4415,1.5932138032401426e-155,1.4381920675912791e-155,7.143780890933951e-157,7.143780890933951e-157
R484,442074.6136,3920728.4415,5.436996209566225e-180,4.907969541953173e-180,2.4378843283298564e-181,2.4378843283298564e-181
R485,442124.6136,3920728.4415,1.7964828357523263e-208,1.6216827639130408e-208,8.055215016866072e-210,8.055215016866072e-210
R486,442174.6136,3920728.4415,9.970481446299407e-242,9.000340881413053e-242,4.470645100151023e-243,4.470645100151023e-243
R487,442224.613600001,3920728.4415,1.0774380474641757e-280,9.726019508697728e-281,4.831103847447403e-282,4.831103847447403e-282
R488,442274.613600001,3920728.4415,0.0,0.0,0.0,0.0
R489,442324.613600001,3920728.4415,0.0,0.0,0.0,0.0
R490,442374.613600001,3920728.4415,0.0,0.0,0.0,0.0
R491,442424.613600001,3920728.4415,0.0,0.0,0.0,0.0
R492,442474.613600002,3920728.4415,0.0,0.0,0.0,0.0
R493,442524.613600002,3920728.4415,0.0,0.0,0.0,0.0
R494,442574.6136,3920728.4415,0.0,0.0,0.0,0.0
R495,442624.6136,3920728.4415,0.0,0.0,0.0,0.0
R496,442674.6136,3920728.4415,0.0,0.0,0.0,0.0
R497,442724.6136,3920728.4415,0.0,0.0,0.0,0.0
R498,442774.6136,3920728.4415,0.0,0.0,0.0,0.0
R499,442824.613600001,3920728.4415,0.0,0.0,0.0,0.0
R500,442874.613600001,3920728.4415,0.0,0.0,0.0,0.0
R501,442924.613600001,3920728.4415,0.0,0.0,0.0,0.0
R502,442974.613600001,3920728.4415,0.0,0.0,0.0,0.0
R503,443024.613600001,3920728.4415,0.0,0.0,0.0,0.0
R504,443074.613600002,3920728.4415,0.0,0.0,0.0,0.0
R505,443124.613600002,3920728.4415,0.0,0.0,0.0,0.0
R506,443174.613599999,3920728.4415,0.0,0.0,0.0,0.0
R507,443224.6136,3920728.4415,0.0,0.0,0.0,0.0
R508,443274.6136,3920728.4415,0.0,0.0,0.0,0.0
R509,443324.6136,3920728.4415,0.0,0.0,0.0,0.0
R510,443374.6136,3920728.4415,0.0,0.0,0.0,0.0
R511,443424.6136,3920728.4415,0.0,0.0,0.0,0.0
R512,443474.613600001,3920728.4415,0.0,0.0,0.0,0.0
R513,443524.613600001,3920728.4415,0.0,0.0,0.0,0.0
R514,443574.613600001,3920728.4415,0.0,0.0,0.0,0.0
R515,443624.613600001,3920728.4415,0.0,0.0,0.0,0.0
R516,443674.613600001,3920728.4415,0.0,0.0,0.0,0.0
R517,443724.613600002,3920728.4415,0.0,0.0,0.0,0.0
R518,441374.6136,3920778.4415,4.371035753735765e-15,3.94572839840825e-15,1.9599203589387953e-16,1.9599203589387953e-16
R519,441424.6136,3920778.4415,3.7443110053883824e-18,3.379984767639261e-18,1.6789044480789903e-19,1.6789044480789903e-19
R520,441474.6136,3920778.4415,9.235544011805569e-22,8.336913796915465e-22,4.141107909982847e-23,4.141107909982847e-23
R521,441524.6136,3920778.4415,5.656388910506254e-26,5.106015053194464e-26,2.536257401761579e-27,2.536257401761579e-27
R522,441574.613600001,3920778.4415,7.250787474170514e-31,6.545276602509097e-31,3.2511667233148566e-32,3.2511667233148566e-32
R523,441624.613600001,3920778.4415,1.5761571336011496e-36,1.422795033668753e-36,7.067300816268387e-38,7.067300816268387e-38
R524,441674.613600001,3920778.4415,4.464318430949621e-43,4.0299345521208295e-43,2.0017472001060166e-44,2.0017472001060166e-44
R525,441724.613600001,3920778.4415,1.19578491271718e-50,1.0794335151488518e-50,5.361757092339556e-52,5.361757092339556e-52
R526,441774.613600001,3920778.4415,2.0714149878070947e-59,1.869863666819371e-59,9.287978033454223e-61,9.287978033454223e-61
R527,441824.613600002,3920778.4415,1.4824558892226837e-69,1.338211039910679e-69,6.647155599294816e-71,6.647155599294816e-71
R528,441874.613600002,3920778.4415,2.57751847330007e-81,2.3267226374961296e-81,1.1557285769269029e-82,1.1557285769269029e-82
R529,441924.613599999,3920778.4415,5.781852148910947e-95,5.21927055843863e-95,2.592513623193213e-96,2.592513623193213e-96
R530,441974.6136,3920778.4415,7.838329192964217e-111,7.075649762488985e-111,3.514613430518177e-112,3.514613430518177e-112
R531,442024.6136,3920778.4415,2.5771400775746034e-129,2.3263810601575014e-129,1.1555589087915088e-130,1.1555589087915088e-130
R532,442074.6136,3920778.4415,6.809310430180716e-151,6.146755838128002e-151,3.053213676195483e-152,3.053213676195483e-152
R533,442124.6136,3920778.4415,3.772172419360153e-176,3.4051352304864874e-176,1.6913971741852518e-177,1.6913971741852518e-177
R534,442174.6136,3920778.4415,8.453854975841266e-206,7.631284101415343e-206,3.790607858676634e-207,3.790607858676634e-207
R535,442224.613600001,3920778.4415,1.0064020324969804e-240,9.084778307853599e-241,4.512586818999177e-242,4.512586818999177e-242
R536,442274.613600001,3920778.4415,5.090059438522972e-282,4.594790161348139e-282,2.282322013322249e-283,2.282322013322249e-283
R537,442324.613600001,3920778.4415,0.0,0.0,0.0,0.0
R538,442374.613600001,3920778.4415,0.0,0.0,0.0,0.0
R539,442424.613600001,3920778.4415,0.0,0.0,0.0,0.0
R540,442474.613600002,3920778.4415,0.0,0.0,0.0,0.0
R541,442524.613600002,3920778.4415,0.0,0.0,0.0,0.0
R542,442574.6136,3920778.4415,0.0,0.0,0.0,0.0
R543,442624.6136,3920778.4415,0.0,0.0,0.0,0.0
R544,442674.6136,3920778.4415,0.0,0.0,0.0,0.0
R545,442724.6136,3920778.4415,0.0,0.0,0.0,0.0
R546,442774.6136,3920778.4415,0.0,0.0,0.0,0.0
R547,442824.613600001,3920778.4415,0.0,0.0,0.0,0.0
R548,442874.613600001,3920778.4415,0.0,0.0,0.0,0.0
R549,442924.613600001,3920778.4415,0.0,0.0,0.0,0.0
R550,442974.613600001,3920778.4415,0.0,0.0,0.0,0.0
R551,443024.613600001,3920778.4415,0.0,0.0,0.0,0.0
R552,443074.613600002,3920778.4415,0.0,0.0,0.0,0.0
R553,443124.613600002,3920778.4415,0.0,0.0,0.0,0.0
R554,443174.613599999,3920778.4415,0.0,0.0,0.0,0.0
R555,443224.6136,3920778.4415,0.0,0.0,0.0,0.0
R556,443274.6136,3920778.4415,0.0,0.0,0.0,0.0
R557,443324.6136,3920778.4415,0.0,0.0,0.0,0.0
R558,443374.6136,3920778.4415,0.0,0.0,0.0,0.0
R559,443424.6136,3920778.4415,0.0,0.0,0.0,0.0
R560,443474.613600001,3920778.4415,0.0,0.0,0.0,0.0
R561,443524.613600001,3920778.4415,0.0,0.0,0.0,0.0
R562,443574.613600001,3920778.4415,0.0,0.0,0.0,0.0
R563,443624.613600001,3920778.4415,0.0,0.0,0.0,0.0
R564,443674.613600001,3920778.4415,0.0,0.0,0.0,0.0
R565,443724.613600002,3920778.4415,0.0,0.0,0.0,0.0
R566,441324.6136,3920828.4415,4.532637871322102e-08,4.091606423784353e-08,2.0323808232656742e-09,2.0323808232656742e-09
R567,441374.6136,3920828.4415,6.947024368281202e-10,6.271070034358336e-10,3.114962965425638e-11,3.114962965425638e-11
R568,441424.6136,3920828.4415,4.041996860150255e-12,3.64870540895053e-12,1.812383238962192e-13,1.812383238962192e-13
R569,441474.6136,3920828.4415,7.78862575638411e-15,7.0307825336988755e-15,3.492327001682788e-16,3.492327001682788e-16
R570,441524.6136,3920828.4415,4.283781009242924e-18,3.8669636518726e-18,1.9207963709916904e-19,1.9207963709916904e-19
R571,441574.613600001,3920828.4415,5.73232061570442e-22,5.17455850660454e-22,2.5703042737826174e-23,2.5703042737826174e-23
R572,441624.613600001,3920828.4415,1.5664328225467888e-26,1.414016910486083e-26,7.02369816397755e-28,7.02369816397755e-28
R573,441674.613600001,3920828.4415,7.103374310477278e-32,6.412206927710284e-32,3.1850684168777565e-33,3.1850684168777565e-33
R574,441724.613600001,3920828.4415,4.102763631014136e-38,3.703559495484198e-38,1.839630335090678e-39,1.839630335090678e-39
R575,441774.613600001,3920828.4415,2.157403098398308e-45,1.9474850245479703e-45,9.67353847740704e-47,9.67353847740704e-47
R576,441824.613600002,3920828.4415,6.866663033241886e-54,6.198527959741899e-54,3.0789299001549085e-55,3.0789299001549085e-55
R577,441874.613600002,3920828.4415,8.13638683052232e-64,7.344706011656095e-64,3.6482589243780837e-65,3.6482589243780837e-65
R578,441924.613599999,3920828.4415,2.0102805807793814e-75,1.8146777155896345e-75,9.013858635407979e-77,9.013858635407979e-77
R579,441974.6136,3920828.4415,5.163276549957311e-89,4.66088315443084e-89,2.315151693839094e-90,2.315151693839094e-90
R580,442024.6136,3920828.4415,5.944757424769727e-105,5.366324943124722e-105,2.6655584081646673e-106,2.6655584081646673e-106
R581,442074.6136,3920828.4415,1.1042214780934338e-123,9.96779319528984e-124,4.951197559624533e-125,4.951197559624533e-125
R582,442124.6136,3920828.4415,9.498203126436118e-146,8.574015844596672e-146,4.2588811278718266e-147,4.2588811278718266e-147
R583,442174.6136,3920828.4415,8.163926248786236e-172,7.369565809388638e-172,3.6606072714449435e-173,3.6606072714449435e-173
R584,442224.613600001,3920828.4415,1.0507374284071143e-202,9.484993361111346e-203,4.7113814524944955e-204,4.7113814524944955e-204
R585,442274.613600001,3920828.4415,1.893631927275633e-239,1.7093791248900612e-239,8.490819969688078e-241,8.490819969688078e-241
R586,442324.613600001,3920828.4415,2.413218074134286e-283,2.1784088767806785e-283,1.082058235284976e-284,1.082058235284976e-284
R587,442374.613600001,3920828.4415,0.0,0.0,0.0,0.0
R588,442424.613600001,3920828.4415,0.0,0.0,0.0,0.0
R589,442474.613600002,3920828.4415,0.0,0.0,0.0,0.0
R590,442524.613600002,3920828.4415,0.0,0.0,0.0,0.0
R591,442574.6136,3920828.4415,0.0,0.0,0.0,0.0
R592,442624.6136,3920828.4415,0.0,0.0,0.0,0.0
R593,442674.6136,3920828.4415,0.0,0.0,0.0,0.0
R594,442724.6136,3920828.4415,0.0,0.0,0.0,0.0
R595,442774.6136,3920828.4415,0.0,0.0,0.0,0.0
R596,442824.613600001,3920828.4415,0.0,0.0,0.0,0.0
R597,442874.613600001,3920828.4415,0.0,0.0,0.0,0.0
R598,442924.613600001,3920828.4415,0.0,0.0,0.0,0.0
R599,442974.613600001,3920828.4415,0.0,0.0,0.0,0.0
R600,443024.613600001,3920828.4415,0.0,0.0,0.0,0.0
R601,443074.613600002,3920828.4415,0.0,0.0,0.0,0.0
R602,443124.613600002,3920828.4415,0.0,0.0,0.0,0.0
R603,443174.613599999,3920828.4415,0.0,0.0,0.0,0.0
R604,443224.6136,3920828.4415,0.0,0.0,0.0,0.0
R605,443274.6136,3920828.4415,0.0,0.0,0.0,0.0
R606,443324.6136,3920828.4415,0.0,0.0,0.0,0.0
R607,443374.6136,3920828.4415,0.0,0.0,0.0,0.0
R608,443424.6136,3920828.4415,0.0,0.0,0.0,0.0
R609,443474.613600001,3920828.4415,0.0,0.0,0.0,0.0
R610,443524.613600001,3920828.4415,0.0,0.0,0.0,0.0
R611,443574.613600001,3920828.4415,0.0,0.0,0.0,0.0
R612,443624.613600001,3920828.4415,0.0,0.0,0.0,0.0
R613,443674.613600001,3920828.4415,0.0,0.0,0.0,0.0
R614,443724.613600002,3920828.4415,0.0,0.0,0.0,0.0
R615,441324.6136,3920878.4415,5.117918295297381e-05,4.619938315816568e-05,2.294813592811677e-06,2.294813592811677e-06
R616,441374.6136,3920878.4415,4.225644490563157e-06,3.8144838906299023e-06,1.8947286486078326e-07,1.8947286486078326e-07
R617,441424.6136,3920878.4415,1.554867009992876e-07,1.4035764662491222e-07,6.971838438344536e-09,6.971838438344536e-09
R618,441474.6136,3920878.4415,2.239460860166028e-09,2.0215584614078705e-09,1.0041475705465749e-10,1.0041475705465749e-10
R619,441524.6136,3920878.4415,1.0897550974968197e-11,9.837205362203692e-12,4.886332032438603e-13,4.886332032438603e-13
R620,441574.613600001,3920878.4415,1.5206463957665778e-14,1.3726855614450889e-14,6.81839728092506e-16,6.81839728092506e-16
R621,441624.613600001,3920878.4415,5.0917408545972485e-18,4.596307973493268e-18,2.2830759402589035e-19,2.2830759402589035e-19
R622,441674.613600001,3920878.4415,3.383844838432387e-22,3.054592418604356e-22,1.5172757131225496e-23,1.5172757131225496e-23
R623,441724.613600001,3920878.4415,3.621918514296092e-27,3.269501222076397e-27,1.6240251131598017e-28,1.6240251131598017e-28
R624,441774.613600001,3920878.4415,4.829217033729457e-33,4.359328055319095e-33,2.16536338648136e-34,2.16536338648136e-34
R625,441824.613600002,3920878.4415,5.7086780193820755e-40,5.153216365067161e-40,2.5597032152507283e-41,2.5597032152507283e-41
R626,441874.613600002,3920878.4415,3.8756629991718416e-48,3.498556044851072e-48,1.7378011172685252e-49,1.7378011172685252e-49
R627,441924.613599999,3920878.4415,8.917882500323937e-58,8.050161155767855e-58,3.998672272600559e-59,3.998672272600559e-59
R628,441974.6136,3920878.4415,3.6905220985749855e-69,3.33142959008173e-69,1.65478614306203e-70,1.65478614306203e-70
R629,442024.6136,3920878.4415,1.2760216486178091e-82,1.1518631142817611e-82,5.7215290573527365e-84,5.7215290573527365e-84
R630,442074.6136,3920878.4415,1.4472426869071574e-98,1.3064241271048257e-98,6.489263795132278e-100,6.489263795132278e-100
R631,442124.6136,3920878.4415,1.7095130234769452e-117,1.5431752253265811e-117,7.665252739513563e-119,7.665252739513563e-119
R632,442174.6136,3920878.4415,5.103518025715209e-140,4.606939210836347e-140,2.2883566834843666e-141,2.2883566834843666e-141
R633,442224.613600001,3920878.4415,6.630018426671114e-167,5.9849091752974084e-167,2.972821277763815e-168,2.972821277763815e-168
R634,442274.613600001,3920878.4415,4.1379454315949997e-199,3.735318061984234e-199,1.8554054353432045e-200,1.8554054353432045e-200
R635,442324.613600001,3920878.4415,7.642199251996886e-238,6.898603514996837e-238,3.42667110152423e-239,3.42667110152423e-239
R636,442374.613600001,3920878.4415,1.1853424927959508e-284,1.0700071560082102e-284,5.31493452543945e-286,5.31493452543945e-286
R637,442424.613600001,3920878.4415,0.0,0.0,0.0,0.0
R638,442474.613600002,3920878.4415,0.0,0.0,0.0,0.0
R639,442524.613600002,3920878.4415,0.0,0.0,0.0,0.0
R640,442574.6136,3920878.4415,0.0,0.0,0.0,0.0
R641,442624.6136,3920878.4415,0.0,0.0,0.0,0.0
R642,442674.6136,3920878.4415,0.0,0.0,0.0,0.0
R643,442724.6136,3920878.4415,0.0,0.0,0.0,0.0
R644,442774.6136,3920878.4415,0.0,0.0,0.0,0.0
R645,442824.613600001,3920878.4415,0.0,0.0,0.0,0.0
R646,442874.613600001,3920878.4415,0.0,0.0,0.0,0.0
R647,442924.613600001,3920878.4415,0.0,0.0,0.0,0.0
R648,442974.613600001,3920878.4415,0.0,0.0,0.0,0.0
R649,443024.613600001,3920878.4415,0.0,0.0,0.0,0.0
R650,443074.613600002,3920878.4415,0.0,0.0,0.0,0.0
R651,443124.613600002,3920878.4415,0.0,0.0,0.0,0.0
R652,443174.613599999,3920878.4415,0.0,0.0,0.0,0.0
R653,443224.6136,3920878.4415,0.0,0.0,0.0,0.0
R654,443274.6136,3920878.4415,0.0,0.0,0.0,0.0
R655,443324.6136,3920878.4415,0.0,0.0,0.0,0.0
R656,443374.6136,3920878.4415,0.0,0.0,0.0,0.0
R657,443424.6136,3920878.4415,0.0,0.0,0.0,0.0
R658,443474.613600001,3920878.4415,0.0,0.0,0.0,0.0
R659,443524.613600001,3920878.4415,0.0,0.0,0.0,0.0
R660,443574.613600001,3920878.4415,0.0,0.0,0.0,0.0
R661,443624.613600001,3920878.4415,0.0,0.0,0.0,0.0
R662,443674.613600001,3920878.4415,0.0,0.0,0.0,0.0
R663,443724.613600002,3920878.4415,0.0,0.0,0.0,0.0
R664,443774.613600002,3920878.4415,0.0,0.0,0.0,0.0
R665,441324.6136,3920928.4415,0.0019749194869679836,0.0017827573013191355,8.855303703396566e-05,8.855303703396566e-05
R666,441374.6136,3920928.4415,0.0007647005038712301,0.0006902941692533706,3.4288259590351094e-05,3.4288259590351094e-05
R667,441424.6136,3920928.4415,0.0001562153588920141,0.00014101540517506782,7.0045105901894534e-06,7.0045105901894534e-06
R668,441474.6136,3920928.4415,1.5005236064336103e-05,1.354520745186513e-05,6.72816909082478e-07,6.72816909082478e-07
R669,441524.6136,3920928.4415,5.925147736066602e-07,5.348623302150101e-07,2.6567656573643885e-08,2.6567656573643885e-08
R670,441574.613600001,3920928.4415,8.231243633293332e-09,7.430333126500881e-09,3.690791584692257e-10,3.690791584692257e-10
R671,441624.613600001,3920928.4415,3.365950888802929e-11,3.038439573102624e-11,1.5092522792829554e-12,1.5092522792829554e-12
R672,441674.613600001,3920928.4415,3.318082641008466e-14,2.9952289668880146e-14,1.487788727236072e-15,1.487788727236072e-15
R673,441724.613600001,3920928.4415,6.35227852669978e-18,5.734193721928868e-18,2.848286015388483e-19,2.848286015388483e-19
R674,441774.613600001,3920928.4415,1.8815991663429412e-22,1.6985171669473006e-22,8.436866503153126e-24,8.436866503153126e-24
R675,441824.613600002,3920928.4415,6.704395930220907e-28,6.05204965286232e-28,3.006171264281242e-29,3.006171264281242e-29
R676,441874.613600002,3920928.4415,2.0739656536705584e-34,1.8721661496402258e-34,9.299414915319993e-36,9.299414915319993e-36
R677,441924.613599999,3920928.4415,3.562450499950552e-42,3.2158195213949045e-42,1.5973603639817898e-43,1.5973603639817898e-43
R678,441974.6136,3920928.4415,1.9218050166676643e-51,1.7348109367415254e-51,8.61714474620461e-53,8.61714474620461e-53
R679,442024.6136,3920928.4415,1.6266352030153627e-62,1.4683615225299474e-62,7.29363846596683e-64,7.29363846596683e-64
R680,442074.6136,3920928.4415,9.271586092395293e-76,8.36944893708197e-76,4.157268749542656e-77,4.157268749542656e-77
R681,442124.6136,3920928.4415,1.2563424061279496e-91,1.1340986871925893e-91,5.6332896784563165e-93,5.6332896784563165e-93
R682,442174.6136,3920928.4415,1.1120077028030147e-110,1.0038079346407965e-110,4.986110063633536e-112,4.986110063633536e-112
R683,442224.613600001,3920928.4415,1.2808853275677142e-133,1.1562535510648459e-133,5.743337214344164e-135,5.743337214344164e-135
R684,442274.613600001,3920928.4415,2.5238371645823504e-161,2.2782645886022947e-161,1.1316585176142063e-162,1.1316585176142063e-162
R685,442324.613600001,3920928.4415,6.47250928474073e-195,5.842725873824187e-195,2.9021960549606145e-196,2.9021960549606145e-196
R686,442374.613600001,3920928.4415,7.91983750623905e-236,7.149227212895332e-236,3.551160787165529e-237,3.551160787165529e-237
R687,442424.613600001,3920928.4415,6.314475693396148e-286,5.700069152533856e-286,2.831335675287961e-287,2.831335675287961e-287
R688,442474.613600002,3920928.4415,0.0,0.0,0.0,0.0
R689,442524.613600002,3920928.4415,0.0,0.0,0.0,0.0
R690,442574.6136,3920928.4415,0.0,0.0,0.0,0.0
R691,442624.6136,3920928.4415,0.0,0.0,0.0,0.0
R692,442674.6136,3920928.4415,0.0,0.0,0.0,0.0
R693,442724.6136,3920928.4415,0.0,0.0,0.0,0.0
R694,442774.6136,3920928.4415,0.0,0.0,0.0,0.0
R695,442824.613600001,3920928.4415,0.0,0.0,0.0,0.0
R696,442874.613600001,3920928.4415,0.0,0.0,0.0,0.0
R697,442924.613600001,3920928.4415,0.0,0.0,0.0,0.0
R698,442974.613600001,3920928.4415,0.0,0.0,0.0,0.0
R699,443024.613600001,3920928.4415,0.0,0.0,0.0,0.0
R700,443074.613600002,3920928.4415,0.0,0.0,0.0,0.0
R701,443124.613600002,3920928.4415,0.0,0.0,0.0,0.0
R702,443174.613599999,3920928.4415,0.0,0.0,0.0,0.0
R703,443224.6136,3920928.4415,0.0,0.0,0.0,0.0
R704,443274.6136,3920928.4415,0.0,0.0,0.0,0.0
R705,443324.6136,3920928.4415,0.0,0.0,0.0,0.0
R706,443374.6136,3920928.4415,0.0,0.0,0.0,0.0
R707,443424.6136,3920928.4415,0.0,0.0,0.0,0.0
R708,443474.613600001,3920928.4415,0.0,0.0,0.0,0.0
R709,443524.613600001,3920928.4415,0.0,0.0,0.0,0.0
R710,443574.613600001,3920928.4415,0.0,0.0,0.0,0.0
R711,443624.613600001,3920928.4415,0.0,0.0,0.0,0.0
R712,443674.613600001,3920928.4415,0.0,0.0,0.0,0.0
R713,443724.613600002,3920928.4415,0.0,0.0,0.0,0.0
R714,443774.613600002,3920928.4415,0.0,0.0,0.0,0.0
R715,441324.6136,3920978.4415,0.002273822992897559,0.0020525771147860304,0.00010195551415003301,0.00010195551415003301
R716,441374.6136,3920978.4415,0.003441704010003842,0.003106821818966215,0.00015432190763671328,0.00015432190763671328
R717,441424.6136,3920978.4415,0.0032481754651908445,0.0029321238484637684,0.00014564431824178284,0.00014564431824178284
R718,441474.6136,3920978.4415,0.0017374251630699767,0.0015683714781274034,7.790407448218857e-05,7.790407448218857e-05
R719,441524.6136,3920978.4415,0.0004698712101210926,0.000424152141923047,2.1068465294718068e-05,2.1068465294718068e-05
R720,441574.613600001,3920978.4415,5.608060273101304e-05,5.0623888538658245e-05,2.514587416498069e-06,2.514587416498069e-06
R721,441624.613600001,3920978.4415,2.514804473094571e-06,2.2701107895200225e-06,1.1276083663593736e-07,1.1276083663593736e-07
R722,441674.613600001,3920978.4415,3.506978608948896e-08,3.165745116157752e-08,1.5724874289045456e-09,1.5724874289045456e-09
R723,441724.613600001,3920978.4415,1.2216326294572702e-10,1.1027662160740776e-10,5.477655174911149e-12,5.477655174911149e-12
R724,441774.613600001,3920978.4415,8.301588820720756e-14,7.493833637446488e-14,3.7223335286982155e-15,3.7223335286982155e-15
R725,441824.613600002,3920978.4415,8.433168575289425e-18,7.612610514028536e-18,3.781332323110478e-19,3.781332323110478e-19
R726,441874.613600002,3920978.4415,9.734465301057025e-23,8.787289408207921e-23,4.364818272332592e-24,4.364818272332592e-24
R727,441924.613599999,3920978.4415,9.391174609204186e-29,8.477401338636473e-29,4.210890815797485e-30,4.210890815797485e-30
R728,441974.6136,3920978.4415,4.9423467181732e-36,4.461450077137639e-36,2.216089389249036e-37,2.216089389249036e-37
R729,442024.6136,3920978.4415,7.785999861217905e-45,7.028412141482412e-45,3.4911495815730836e-46,3.4911495815730836e-46
R730,442074.6136,3920978.4415,1.7158756367326124e-55,1.5489187481951644e-55,7.693781939360939e-57,7.693781939360939e-57
R731,442124.6136,3920978.4415,2.0761965555760363e-68,1.8741799819441564e-68,9.309418013692283e-70,9.309418013692283e-70
R732,442174.6136,3920978.4415,4.316093911865646e-84,3.8961324678459107e-84,1.9352850915775505e-85,1.9352850915775505e-85
R733,442224.613600001,3920978.4415,3.584459903857044e-103,3.235687382222091e-103,1.6072291184909632e-104,1.6072291184909632e-104
R734,442274.613600001,3920978.4415,1.877747263313748e-126,1.695040058997037e-126,8.419595028855252e-128,8.419595028855252e-128
R735,442324.613600001,3920978.4415,5.8938410008827494e-155,5.320362752240208e-155,2.6427280902714415e-156,2.6427280902714415e-156
R736,442374.613600001,3920978.4415,5.337645342203949e-190,4.818285640735301e-190,2.3933365829916645e-191,2.3933365829916645e-191
R737,442424.613600001,3920978.4415,2.663105768374165e-233,2.403982179568779e-233,1.1941049004193057e-234,1.1941049004193057e-234
R738,442474.613600002,3920978.4415,3.897640698816722e-287,3.518395286281751e-287,1.747655655964492e-288,1.747655655964492e-288
R739,442524.613600002,3920978.4415,0.0,0.0,0.0,0.0
R740,442574.6136,3920978.4415,0.0,0.0,0.0,0.0
R741,442624.6136,3920978.4415,0.0,0.0,0.0,0.0
R742,442674.6136,3920978.4415,0.0,0.0,0.0,0.0
R743,442724.6136,3920978.4415,0.0,0.0,0.0,0.0
R744,442774.6136,3920978.4415,0.0,0.0,0.0,0.0
R745,442824.613600001,3920978.4415,0.0,0.0,0.0,0.0
R746,442874.613600001,3920978.4415,0.0,0.0,0.0,0.0
R747,442924.613600001,3920978.4415,0.0,0.0,0.0,0.0
R748,442974.613600001,3920978.4415,0.0,0.0,0.0,0.0
R749,443024.613600001,3920978.4415,0.0,0.0,0.0,0.0
R750,443074.613600002,3920978.4415,0.0,0.0,0.0,0.0
R751,443124.613600002,3920978.4415,0.0,0.0,0.0,0.0
R752,443174.613599999,3920978.4415,0.0,0.0,0.0,0.0
R753,443224.6136,3920978.4415,0.0,0.0,0.0,0.0
R754,443274.6136,3920978.4415,0.0,0.0,0.0,0.0
R755,443324.6136,3920978.4415,0.0,0.0,0.0,0.0
R756,443374.6136,3920978.4415,0.0,0.0,0.0,0.0
R757,443424.6136,3920978.4415,0.0,0.0,0.0,0.0
R758,443474.613600001,3920978.4415,0.0,0.0,0.0,0.0
R759,443524.613600001,3920978.4415,0.0,0.0,0.0,0.0
R760,443574.613600001,3920978.4415,0.0,0.0,0.0,0.0
R761,443624.613600001,3920978.4415,0.0,0.0,0.0,0.0
R762,443674.613600001,3920978.4415,0.0,0.0,0.0,0.0
R763,443724.613600002,3920978.4415,0.0,0.0,0.0,0.0
R764,443774.613600002,3920978.4415,0.0,0.0,0.0,0.0
R765,441324.6136,3921028.4415,7.398577082288956e-05,6.678686093210284e-05,3.3174338229475612e-06,3.3174338229475612e-06
R766,441374.6136,3921028.4415,0.00035465113340636055,0.00032014312566836585,1.5902134318846015e-05,1.5902134318846015e-05
R767,441424.6136,3921028.4415,0.001232515169978178,0.001112589871518551,5.526451190147755e-05,5.526451190147755e-05
R768,441474.6136,3921028.4415,0.0028924682222240066,0.002611027374042526,0.00012969482922840976,0.00012969482922840976
R769,441524.6136,3921028.4415,0.00419867078865503,0.0037901347643300018,0.00018826339620154156,0.00018826339620154156
R770,441574.613600001,3921028.4415,0.0033829967612864255,0.0030538268604466583,0.00015168954454336154,0.00015168954454336154
R771,441624.613600001,3921028.4415,0.0013249137831501095,0.00119599798174836,5.940755563976324e-05,5.940755563976324e-05
R772,441674.613600001,3921028.4415,0.00021461247788964386,0.00019373040999223098,9.622967836369755e-06,9.622967836369755e-06
R773,441724.613600001,3921028.4415,1.1834255513086162e-05,1.0682767353731926e-05,5.306339188179371e-07,5.306339188179371e-07
R774,441774.613600001,3921028.4415,1.760439034617312e-07,1.5891460706124985e-07,7.893598906547871e-09,7.893598906547871e-09
R775,441824.613600002,3921028.4415,5.373174254484023e-10,4.850357544523375e-10,2.409267323994905e-11,2.409267323994905e-11
R776,441874.613600002,3921028.4415,2.4629580697860695e-13,2.2233091073981498e-13,1.10436105677257e-14,1.10436105677257e-14
R777,441924.613599999,3921028.4415,1.2140818669046874e-17,1.0959501523509888e-17,5.443798455163041e-19,5.443798455163041e-19
R778,441974.6136,3921028.4415,4.6103753505692005e-23,4.1617799471246264e-23,2.0672373828577006e-24,2.0672373828577006e-24
R779,442024.6136,3921028.4415,9.21351795527722e-30,8.317030903787774e-30,4.131231688636419e-31,4.131231688636419e-31
R780,442074.6136,3921028.4415,5.436887005801194e-38,4.907870963853799e-38,2.4378353626625837e-39,2.4378353626625837e-39
R781,442124.6136,3921028.4415,4.162087912218142e-48,3.7571114484421997e-48,1.8662306360403488e-49,1.8662306360403488e-49
R782,442174.6136,3921028.4415,1.4636792928124622e-60,1.3212614302860171e-60,6.562963577885433e-62,6.562963577885433e-62
R783,442224.613600001,3921028.4415,6.447903215318564e-76,5.82051400634878e-76,2.8911629865688164e-77,2.8911629865688164e-77
R784,442274.613600001,3921028.4415,6.82247137799888e-95,6.158636208932959e-95,3.0591148884081054e-96,3.0591148884081054e-96
R785,442324.613600001,3921028.4415,2.079491943451538e-118,1.8771547243751749e-118,9.324194140339785e-120,9.324194140339785e-120
R786,442374.613600001,3921028.4415,1.1703080727459626e-147,1.0564356042097294e-147,5.2475219770162845e-149,5.2475219770162845e-149
R787,442424.613600001,3921028.4415,3.3207667007679404e-184,2.997651864208617e-184,1.4889922276564713e-185,1.4889922276564713e-185
R788,442474.613600002,3921028.4415,3.955306696215441e-230,3.570450308564329e-230,1.7735124022113436e-231,1.7735124022113436e-231
R789,442524.613600002,3921028.4415,3.070303452917719e-288,2.7715590099107418e-288,1.3766874911399516e-289,1.3766874911399516e-289
R790,442574.6136,3921028.4415,0.0,0.0,0.0,0.0
R791,442624.6136,3921028.4415,0.0,0.0,0.0,0.0
R792,442674.6136,3921028.4415,0.0,0.0,0.0,0.0
R793,442724.6136,3921028.4415,0.0,0.0,0.0,0.0
R794,442774.6136,3921028.4415,0.0,0.0,0.0,0.0
R795,442824.613600001,3921028.4415,0.0,0.0,0.0,0.0
R796,442874.613600001,3921028.4415,0.0,0.0,0.0,0.0
R797,442924.613600001,3921028.4415,0.0,0.0,0.0,0.0
R798,442974.613600001,3921028.4415,0.0,0.0,0.0,0.0
R799,443024.613600001,3921028.4415,0.0,0.0,0.0,0.0
R800,443074.613600002,3921028.4415,0.0,0.0,0.0,0.0
R801,443124.613600002,3921028.4415,0.0,0.0,0.0,0.0
R802,443174.613599999,3921028.4415,0.0,0.0,0.0,0.0
R803,443224.6136,3921028.4415,0.0,0.0,0.0,0.0
R804,443274.6136,3921028.4415,0.0,0.0,0.0,0.0
R805,443324.6136,3921028.4415,0.0,0.0,0.0,0.0
R806,443374.6136,3921028.4415,0.0,0.0,0.0,0.0
R807,443424.6136,3921028.4415,0.0,0.0,0.0,0.0
R808,443474.613600001,3921028.4415,0.0,0.0,0.0,0.0
R809,443524.613600001,3921028.4415,0.0,0.0,0.0,0.0
R810,443574.613600001,3921028.4415,0.0,0.0,0.0,0.0
R811,443624.613600001,3921028.4415,0.0,0.0,0.0,0.0
R812,443674.613600001,3921028.4415,0.0,0.0,0.0,0.0
R813,443724.613600002,3921028.4415,0.0,0.0,0.0,0.0
R814,443774.613600002,3921028.4415,0.0,0.0,0.0,0.0
R815,443824.613599999,3921028.4415,0.0,0.0,0.0,0.0
R816,441324.6136,3921078.4415,6.564233907852852e-08,5.9255255740868705e-08,2.9433242832300333e-09,2.9433242832300333e-09
R817,441374.6136,3921078.4415,8.189116098415556e-07,7.392304654512267e-07,3.671902099926938e-08,3.671902099926938e-08
R818,441424.6136,3921078.4415,8.352782382959962e-06,7.54004600076799e-06,3.745288112126976e-07,3.745288112126976e-07
R819,441474.6136,3921078.4415,6.633509019417152e-05,5.9880601289160196e-05,2.974386417966998e-06,2.974386417966998e-06
R820,441524.6136,3921078.4415,0.0003863799519661546,0.0003487846897032343,1.732481674388149e-05,1.732481674388149e-05
R821,441574.613600001,3921078.4415,0.0015321325156764734,0.0013830540672339659,6.86989967423625e-05,6.86989967423625e-05
R822,441624.613600001,3921078.4415,0.003763738105079751,0.0033975215857459146,0.00016876153281416176,0.00016876153281416176
R823,441674.613600001,3921078.4415,0.005078214683797509,0.0045840979163687895,0.00022770109664123188,0.00022770109664123188
R824,441724.613600001,3921078.4415,0.0032295331450563894,0.002915295449861934,0.00014480841881592832,0.00014480841881592832
R825,441774.613600001,3921078.4415,0.0007988963010327108,0.0007211626717246544,3.582155839692451e-05,3.582155839692451e-05
R826,441824.613600002,3921078.4415,6.060515333970651e-05,5.470819460078531e-05,2.7174628756028888e-06,2.7174628756028888e-06
R827,441874.613600002,3921078.4415,1.0547050480944543e-06,9.520809013410782e-07,4.729171786501939e-08,4.729171786501939e-08
R828,441924.613599999,3921078.4415,2.9722722724628377e-09,2.6830663883805422e-09,1.3327314776893374e-10,1.3327314776893374e-10
R829,441974.6136,3921078.4415,9.063057555252543e-13,8.181210492640176e-13,4.063767037730644e-14,4.063767037730644e-14
R830,442024.6136,3921078.4415,1.9463390967451553e-17,1.7569578195273372e-17,8.727152638477314e-19,8.727152638477314e-19
R831,442074.6136,3921078.4415,1.9561364901433478e-23,1.7658019140485467e-23,8.771082983291442e-25,8.771082983291442e-25
R832,442124.6136,3921078.4415,5.673959846465535e-31,5.121876314668222e-31,2.5441360001195934e-32,2.5441360001195934e-32
R833,442174.6136,3921078.4415,2.1078046444428052e-40,1.902712563439156e-40,9.451144918635078e-42,9.451144918635078e-42
R834,442224.613600001,3921078.4415,3.1705356270519395e-52,2.862038465627293e-52,1.4216304039354972e-53,1.4216304039354972e-53
R835,442274.613600001,3921078.4415,4.484308723115371e-67,4.0479797633555975e-67,2.0107106089647302e-68,2.0107106089647302e-68
R836,442324.613600001,3921078.4415,9.145542742838406e-86,8.255669766240811e-86,4.100752413181359e-87,4.100752413181359e-87
R837,442374.613600001,3921078.4415,2.3283421717440954e-109,2.101791507976208e-109,1.0440008917970709e-110,1.0440008917970709e-110
R838,442424.613600001,3921078.4415,2.937075973934159e-139,2.6512947346015116e-139,1.3169498767297277e-140,1.3169498767297277e-140
R839,442474.613600002,3921078.4415,2.463835468059133e-177,2.224101133699875e-177,1.1047544717055877e-178,1.1047544717055877e-178
R840,442524.613600002,3921078.4415,3.922303687255485e-226,3.5406585344808236e-226,1.758714246165245e-227,1.758714246165245e-227
R841,442574.6136,3921078.4415,3.561313485212986e-289,3.214793139641886e-289,1.596850540118952e-290,1.596850540118952e-290
R842,442624.6136,3921078.4415,0.0,0.0,0.0,0.0
R843,442674.6136,3921078.4415,0.0,0.0,0.0,0.0
R844,442724.6136,3921078.4415,0.0,0.0,0.0,0.0
R845,442774.6136,3921078.4415,0.0,0.0,0.0,0.0
R846,442824.613600001,3921078.4415,0.0,0.0,0.0,0.0
R847,442874.613600001,3921078.4415,0.0,0.0,0.0,0.0
R848,442924.613600001,3921078.4415,0.0,0.0,0.0,0.0
R849,442974.613600001,3921078.4415,0.0,0.0,0.0,0.0
R850,443024.613600001,3921078.4415,0.0,0.0,0.0,0.0
R851,443074.613600002,3921078.4415,0.0,0.0,0.0,0.0
R852,443124.613600002,3921078.4415,0.0,0.0,0.0,0.0
R853,443174.613599999,3921078.4415,0.0,0.0,0.0,0.0
R854,443224.6136,3921078.4415,0.0,0.0,0.0,0.0
R855,443274.6136,3921078.4415,0.0,0.0,0.0,0.0
R856,443324.6136,3921078.4415,0.0,0.0,0.0,0.0
R857,443374.6136,3921078.4415,0.0,0.0,0.0,0.0
R858,443424.6136,3921078.4415,0.0,0.0,0.0,0.0
R859,443474.613600001,3921078.4415,0.0,0.0,0.0,0.0
R860,443524.613600001,3921078.4415,0.0,0.0,0.0,0.0
R861,443574.613600001,3921078.4415,0.0,0.0,0.0,0.0
R862,443624.613600001,3921078.4415,0.0,0.0,0.0,0.0
R863,443674.613600001,3921078.4415,0.0,0.0,0.0,0.0
R864,443724.613600002,3921078.4415,0.0,0.0,0.0,0.0
R865,443774.613600002,3921078.4415,0.0,0.0,0.0,0.0
R866,443824.613599999,3921078.4415,0.0,0.0,0.0,0.0
R867,441374.6136,3921128.4415,3.787419074843773e-11,3.4188983669401405e-11,1.6982335928676049e-12,1.6982335928676049e-12
R868,441424.6136,3921128.4415,9.41652592959876e-10,8.500285943213894e-10,4.222258045846985e-11,4.222258045846985e-11
R869,441474.6136,3921128.4415,2.0404121497780287e-08,1.841877444483398e-08,9.148965001162926e-10,9.148965001162926e-10
R870,441524.6136,3921128.4415,3.6930972949639253e-07,3.3337542165766375e-07,1.6559408304439934e-08,1.6559408304439934e-08
R871,441574.613600001,3921128.4415,5.306021505638507e-06,4.7897388438128014e-06,2.3791568314169063e-07,2.3791568314169063e-07
R872,441624.613600001,3921128.4415,5.688459538116499e-05,5.1349651678231004e-05,2.5506374891181155e-06,2.5506374891181155e-06
R873,441674.613600001,3921128.4415,0.0004215342845520332,0.0003805184608792398,1.8901095136962186e-05,1.8901095136962186e-05
R874,441724.613600001,3921128.4415,0.0019584533778125293,0.0017678933655916732,8.78147163158452e-05,8.78147163158452e-05
R875,441774.613600001,3921128.4415,0.005018213524338588,0.004529934946273624,0.00022501071613169324,0.00022501071613169324
R876,441824.613600002,3921128.4415,0.005976696285062307,0.005395156111563809,0.0002679879412625733,0.0002679879412625733
R877,441874.613600002,3921128.4415,0.0026390067327233253,0.0023822280108318837,0.00011832991799301732,0.00011832991799301732
R878,441924.613599999,3921128.4415,0.0003226176512313884,0.00029122654217676063,1.4465791140257907e-05,1.4465791140257907e-05
R879,441974.6136,3921128.4415,7.559348338697402e-06,6.823814101261102e-06,3.389521739020492e-07,3.389521739020492e-07
R880,442024.6136,3921128.4415,2.1587305368078013e-08,1.9486833015066977e-08,9.679490553094774e-10,9.679490553094774e-10
R881,442074.6136,3921128.4415,4.396414964386825e-12,3.96863817948462e-12,1.9713000946470418e-13,1.9713000946470418e-13
R882,442124.6136,3921128.4415,3.6103351433131007e-17,3.2590449278679075e-17,1.6188312676060784e-18,1.6188312676060784e-18
R883,442174.6136,3921128.4415,7.217847535687852e-24,6.51554176206498e-24,3.2363968473194057e-25,3.2363968473194057e-25
R884,442224.613600001,3921128.4415,1.867025331645952e-32,1.6853613849593655e-32,8.37151916458234e-34,8.37151916458234e-34
R885,442274.613600001,3921128.4415,1.9083988361278362e-43,1.7227091946715874e-43,8.557033029769523e-45,8.557033029769523e-45
R886,442324.613600001,3921128.4415,1.4723523254426712e-57,1.3290905657764076e-57,6.601852422963306e-59,6.601852422963306e-59
R887,442374.613600001,3921128.4415,1.0109209642735954e-75,9.125570647349382e-76,4.532849170736002e-77,4.532849170736002e-77
R888,442424.613600001,3921128.4415,3.630822687211185e-99,3.2775390076070676e-99,1.62801763821771e-100,1.62801763821771e-100
R889,442474.613600002,3921128.4415,1.505085107605801e-129,1.3586384064751678e-129,6.748622318659987e-131,6.748622318659987e-131
R890,442524.613600002,3921128.4415,3.936420816449041e-169,3.553402048993466e-169,1.7650441987154096e-170,1.7650441987154096e-170
R891,442574.6136,3921128.4415,4.56314972587344e-221,4.1191494359613685e-221,2.046061975352576e-222,2.046061975352576e-222
R892,442624.6136,3921128.4415,7.549172335115848e-290,6.814628235810395e-290,3.38495894024332e-291,3.38495894024332e-291
R893,442674.6136,3921128.4415,0.0,0.0,0.0,0.0
R894,442724.6136,3921128.4415,0.0,0.0,0.0,0.0
R895,442774.6136,3921128.4415,0.0,0.0,0.0,0.0
R896,442824.613600001,3921128.4415,0.0,0.0,0.0,0.0
R897,442874.613600001,3921128.4415,0.0,0.0,0.0,0.0
R898,442924.613600001,3921128.4415,0.0,0.0,0.0,0.0
R899,442974.613600001,3921128.4415,0.0,0.0,0.0,0.0
R900,443024.613600001,3921128.4415,0.0,0.0,0.0,0.0
R901,443074.613600002,3921128.4415,0.0,0.0,0.0,0.0
R902,443124.613600002,3921128.4415,0.0,0.0,0.0,0.0
R903,443174.613599999,3921128.4415,0.0,0.0,0.0,0.0
R904,443224.6136,3921128.4415,0.0,0.0,0.0,0.0
R905,443274.6136,3921128.4415,0.0,0.0,0.0,0.0
R906,443324.6136,3921128.4415,0.0,0.0,0.0,0.0
R907,443374.6136,3921128.4415,0.0,0.0,0.0,0.0
R908,443424.6136,3921128.4415,0.0,0.0,0.0,0.0
R909,443474.613600001,3921128.4415,0.0,0.0,0.0,0.0
R910,443524.613600001,3921128.4415,0.0,0.0,0.0,0.0
R911,443574.613600001,3921128.4415,0.0,0.0,0.0,0.0
R912,443624.613600001,3921128.4415,0.0,0.0,0.0,0.0
R913,443674.613600001,3921128.4415,0.0,0.0,0.0,0.0
R914,443724.613600002,3921128.4415,0.0,0.0,0.0,0.0
R915,443774.613600002,3921128.4415,0.0,0.0,0.0,0.0
R916,443824.613599999,3921128.4415,0.0,0.0,0.0,0.0
R917,441374.6136,3921178.4415,2.7239647059352823e-17,2.4589194648624586e-17,1.2213933229968318e-18,1.2213933229968318e-18
R918,441424.6136,3921178.4415,1.3798840259895857e-15,1.2456195498295053e-15,6.187235584151909e-17,6.187235584151909e-17
R919,441474.6136,3921178.4415,6.739169796467413e-14,6.083439977559167e-14,3.0217634516380478e-15,3.0217634516380478e-15
R920,441524.6136,3921178.4415,3.0796968028890624e-12,2.780038374946006e-12,1.3808993573622168e-13,1.3808993573622168e-13
R921,441574.613600001,3921178.4415,1.269609535152279e-10,1.1460749076368862e-10,5.692777904461393e-12,5.692777904461393e-12
R922,441624.613600001,3921178.4415,4.5158288295112695e-09,4.076432923186387e-09,2.024843849167224e-10,2.024843849167224e-10
R923,441674.613600001,3921178.4415,1.3127278740849734e-07,1.184997777181826e-07,5.886115399460341e-09,5.886115399460341e-09
R924,441724.613600001,3921178.4415,2.920064727446798e-06,2.635938704100013e-06,1.3093222364632279e-07,1.3093222364632279e-07
R925,441774.613600001,3921178.4415,4.586699117039234e-05,4.1404074413228406e-05,2.056621241802641e-06,2.056621241802641e-06
R926,441824.613600002,3921178.4415,0.00046035872488717525,0.0004155652336382479,2.064193678924599e-05,2.064193678924599e-05
R927,441874.613600002,3921178.4415,0.0025929661140699062,0.0023406672031112377,0.0001162655115017217,0.0001162655115017217
R928,441924.613599999,3921178.4415,0.0068542048350229414,0.006187281960103603,0.00030733437924905776,0.00030733437924905776
R929,441974.6136,3921178.4415,0.006593694827287765,0.0059521199084750535,0.00029565342085307347,0.00029565342085307347
R930,442024.6136,3921178.4415,0.0016189895168595581,0.001461459771391332,7.259356120090316e-05,7.259356120090316e-05
R931,442074.6136,3921178.4415,6.327660611029921e-05,5.711971160860781e-05,2.8372476352803444e-06,2.8372476352803444e-06
R932,442124.6136,3921178.4415,2.154050058681277e-07,1.9444582398731543e-07,9.658503846770302e-09,9.658503846770302e-09
R933,442174.6136,3921178.4415,3.0582274186825126e-11,2.7606579892130096e-11,1.371272741253133e-12,1.371272741253133e-12
R934,442224.613600001,3921178.4415,8.20630015193956e-17,7.407816677705276e-17,3.6796072248099834e-18,3.6796072248099834e-18
R935,442274.613600001,3921178.4415,2.220860783966956e-24,2.0047681963526116e-24,9.958075179653946e-26,9.958075179653946e-26
R936,442324.613600001,3921178.4415,2.5633156274231957e-34,2.3139017466428114e-34,1.1493601900370989e-35,1.1493601900370989e-35
R937,442374.613600001,3921178.4415,2.0903658810868746e-47,1.8869706140058188e-47,9.372951581262367e-49,9.372951581262367e-49
R938,442424.613600001,3921178.4415,1.0187460910227683e-64,9.1962079666826e-65,4.567936106856058e-66,4.567936106856058e-66
R939,442474.613600002,3921178.4415,1.0971206416091789e-87,9.903694034937666e-88,4.9193582547661984e-89,4.9193582547661984e-89
R940,442524.613600002,3921178.4415,2.794877249038823e-118,2.522932127053074e-118,1.2531896625289372e-119,1.2531896625289372e-119
R941,442574.6136,3921178.4415,2.9224528292298166e-159,2.6380944405328464e-159,1.310393032852792e-160,1.310393032852792e-160
R942,442624.6136,3921178.4415,1.3649918571432482e-214,1.232176408011078e-214,6.12046087317924e-216,6.12046087317924e-216
R943,442674.6136,3921178.4415,4.0848240906141303e-290,3.687365495252057e-290,1.831586458892702e-291,1.831586458892702e-291
R944,442724.6136,3921178.4415,0.0,0.0,0.0,0.0
R945,442774.6136,3921178.4415,0.0,0.0,0.0,0.0
R946,442824.613600001,3921178.4415,0.0,0.0,0.0,0.0
R947,442874.613600001,3921178.4415,0.0,0.0,0.0,0.0
R948,442924.613600001,3921178.4415,0.0,0.0,0.0,0.0
R949,442974.613600001,3921178.4415,0.0,0.0,0.0,0.0
R950,443024.613600001,3921178.4415,0.0,0.0,0.0,0.0
R951,443074.613600002,3921178.4415,0.0,0.0,0.0,0.0
R952,443124.613600002,3921178.4415,0.0,0.0,0.0,0.0
R953,443174.613599999,3921178.4415,0.0,0.0,0.0,0.0
R954,443224.6136,3921178.4415,0.0,0.0,0.0,0.0
R955,443274.6136,3921178.4415,0.0,0.0,0.0,0.0
R956,443324.6136,3921178.4415,0.0,0.0,0.0,0.0
R957,443374.6136,3921178.4415,0.0,0.0,0.0,0.0
R958,443424.6136,3921178.4415,0.0,0.0,0.0,0.0
R959,443474.613600001,3921178.4415,0.0,0.0,0.0,0.0
R960,443524.613600001,3921178.4415,0.0,0.0,0.0,0.0
R961,443574.613600001,3921178.4415,0.0,0.0,0.0,0.0
R962,443624.613600001,3921178.4415,0.0,0.0,0.0,0.0
R963,443674.613600001,3921178.4415,0.0,0.0,0.0,0.0
R964,443724.613600002,3921178.4415,0.0,0.0,0.0,0.0
R965,443774.613600002,3921178.4415,0.0,0.0,0.0,0.0
R966,443824.613599999,3921178.4415,0.0,0.0,0.0,0.0
R967,443874.6136,3921178.4415,0.0,0.0,0.0,0.0
R968,441424.6136,3921228.4415,1.8984889607012192e-23,1.7137635627668215e-23,8.51259832894015e-25,8.51259832894015e-25
R969,441474.6136,3921228.4415,1.682846701814844e-21,1.5191035707826171e-21,7.545684129993735e-23,7.545684129993735e-23
R970,441524.6136,3921228.4415,1.5456425484091012e-19,1.3952495565458513e-19,6.930477051531725e-21,6.930477051531725e-21
R971,441574.613600001,3921228.4415,1.438276687046589e-17,1.2983305304693523e-17,6.449061319895255e-19,6.449061319895255e-19
R972,441624.613600001,3921228.4415,1.3177460617086693e-15,1.1895276887476222e-15,5.908616354938114e-17,5.908616354938114e-17
R973,441674.613600001,3921228.4415,1.146518065697771e-13,1.034960395198191e-13,5.14085041956403e-15,5.14085041956403e-15
R974,441724.613600001,3921228.4415,9.051881544561009e-12,8.171121922047085e-12,4.058755847678645e-13,4.058755847678645e-13
R975,441774.613600001,3921228.4415,6.125816596122965e-10,5.529766826113247e-10,2.746743183604793e-11,2.746743183604793e-11
R976,441824.613600002,3921228.4415,3.3098986053345036e-08,2.9878412483261754e-08,1.4841191031379462e-09,1.4841191031379462e-09
R977,441874.613600002,3921228.4415,1.307569522429216e-06,1.1803413397231062e-06,5.862985965160829e-08,5.862985965160829e-08
R978,441924.613599999,3921228.4415,3.388140801260604e-05,3.0584703787686756e-05,1.5192019716760448e-06,1.5192019716760448e-06
R979,441974.6136,3921228.4415,0.0005031836842432011,0.00045422326981361727,2.256215694852669e-05,2.256215694852669e-05
R980,442024.6136,3921228.4415,0.0035917051801239107,0.003242227683864798,0.0001610477814054579,0.0001610477814054579
R981,442074.6136,3921228.4415,0.009538114247208122,0.008610043562399671,0.0004276776798956712,0.0004276776798956712
R982,442124.6136,3921228.4415,0.006305462683326709,0.00569193311984281,0.00028272943489466434,0.00028272943489466434
R983,442174.6136,3921228.4415,0.0005679840583773955,0.0005127184848733994,2.5467728526702715e-05,2.5467728526702715e-05
R984,442224.613600001,3921228.4415,3.0563748009239013e-06,2.7589856335258474e-06,1.3704420495207829e-07,1.3704420495207829e-07
R985,442274.613600001,3921228.4415,3.4293914758668577e-10,3.0957073101088703e-10,1.5376982827418277e-11,1.5376982827418277e-11
R986,442324.613600001,3921228.4415,2.5004242954940933e-16,2.257129821546044e-16,1.1211604660372946e-17,1.1211604660372946e-17
R987,442374.613600001,3921228.4415,5.356569535912776e-25,4.835368486253113e-25,2.4018219660029412e-26,2.4018219660029412e-26
R988,442424.613600001,3921228.4415,9.84197194290069e-37,8.88433551664515e-37,4.41302296978684e-38,4.41302296978684e-38
R989,442474.613600002,3921228.4415,9.071992803439065e-53,8.189276329778721e-53,4.0677734965700546e-54,4.0677734965700546e-54
R990,442524.613600002,3921228.4415,8.6000340446049345e-75,7.763239760295671e-75,3.8561528116493397e-76,3.8561528116493397e-76
R991,442574.6136,3921228.4415,3.660601632804077e-105,3.3044204238023256e-105,1.641370162658938e-106,1.641370162658938e-106
R992,442624.6136,3921228.4415,2.759063981500741e-147,2.4906035361363713e-147,1.237131420015588e-148,1.237131420015588e-148
R993,442674.6136,3921228.4415,3.209601861624991e-206,2.897303505736384e-206,1.4391472381140695e-207,1.4391472381140695e-207
R994,442724.6136,3921228.4415,9.615134261167546e-290,8.679569430740089e-290,4.311311655661054e-291,4.311311655661054e-291
R995,442774.6136,3921228.4415,0.0,0.0,0.0,0.0
R996,442824.613600001,3921228.4415,0.0,0.0,0.0,0.0
R997,442874.613600001,3921228.4415,0.0,0.0,0.0,0.0
R998,442924.613600001,3921228.4415,0.0,0.0,0.0,0.0
R999,442974.613600001,3921228.4415,0.0,0.0,0.0,0.0
R1000,443024.613600001,3921228.4415,0.0,0.0,0.0,0.0
R1001,443074.613600002,3921228.4415,0.0,0.0,0.0,0.0
R1002,443124.613600002,3921228.4415,0.0,0.0,0.0,0.0
R1003,443174.613599999,3921228.4415,0.0,0.0,0.0,0.0
R1004,443224.6136,3921228.4415,0.0,0.0,0.0,0.0
R1005,443274.6136,3921228.4415,0.0,0.0,0.0,0.0
R1006,443324.6136,3921228.4415,0.0,0.0,0.0,0.0
R1007,443374.6136,3921228.4415,0.0,0.0,0.0,0.0
R1008,443424.6136,3921228.4415,0.0,0.0,0.0,0.0
R1009,443474.613600001,3921228.4415,0.0,0.0,0.0,0.0
R1010,443524.613600001,3921228.4415,0.0,0.0,0.0,0.0
R1011,443574.613600001,3921228.4415,0.0,0.0,0.0,0.0
R1012,443624.613600001,3921228.4415,0.0,0.0,0.0,0.0
R1013,443674.613600001,3921228.4415,0.0,0.0,0.0,0.0
R1014,443724.613600002,3921228.4415,0.0,0.0,0.0,0.0
R1015,443774.613600002,3921228.4415,0.0,0.0,0.0,0.0
R1016,443824.613599999,3921228.4415,0.0,0.0,0.0,0.0
R1017,443874.6136,3921228.4415,0.0,0.0,0.0,0.0
R1018,441424.6136,3921278.4415,1.7572689976219014e-33,1.5862844822610174e-33,7.879384838313392e-35,7.879384838313392e-35
R1019,441474.6136,3921278.4415,2.2031149006407094e-31,1.9887490101138883e-31,9.878504752922169e-33,9.878504752922169e-33
R1020,441524.6136,3921278.4415,3.117173922364017e-29,2.813868922883411e-29,1.3977036512622537e-30,1.3977036512622537e-30
R1021,441574.613600001,3921278.4415,4.931859434922055e-27,4.4519832199263186e-27,2.211387016376358e-28,2.211387016376358e-28
R1022,441624.613600001,3921278.4415,8.611425212786193e-25,7.773522553280243e-25,3.861260475756516e-26,3.861260475756516e-26
R1023,441674.613600001,3921278.4415,1.6295079968208223e-22,1.4709547898330768e-22,7.306519731148753e-24,7.306519731148753e-24
R1024,441724.613600001,3921278.4415,3.2603590318662324e-20,2.943121938558066e-20,1.4619061485697692e-21,1.4619061485697692e-21
R1025,441774.613600001,3921278.4415,6.674925937657285e-18,6.025447128172426e-18,2.992957270697718e-19,2.992957270697718e-19
R1026,441824.613600002,3921278.4415,1.3390298939174967e-15,1.2087405769289993e-15,6.004050522976356e-17,6.004050522976356e-17
R1027,441874.613600002,3921278.4415,2.4869974964103067e-13,2.245009467142779e-13,1.1151400492843077e-14,1.1151400492843077e-14
R1028,441924.613599999,3921278.4415,3.972648987825797e-11,3.586105173076014e-11,1.7812884791671864e-12,1.7812884791671864e-12
R1029,441974.6136,3921278.4415,4.961629810146802e-09,4.4788568996611875e-09,2.2247356979666108e-10,2.2247356979666108e-10
R1030,442024.6136,3921278.4415,4.2881784734382997e-07,3.870933237191561e-07,1.9227681415490134e-08,1.9227681415490134e-08
R1031,442074.6136,3921278.4415,2.1974645525200883e-05,1.9836484480740165e-05,9.85316926508674e-07,9.85316926508674e-07
R1032,442124.6136,3921278.4415,0.000550754837048476,0.0004971656887605151,2.4695190767835116e-05,2.4695190767835116e-05
R1033,442174.6136,3921278.4415,0.005278340720480466,0.004764751434365286,0.00023667450971188536,0.00023667450971188536
R1034,442224.613600001,3921278.4415,0.013266812639308102,0.011975934843941783,0.0005948680737233415,0.0005948680737233415
R1035,442274.613600001,3921278.4415,0.004375871447779742,0.003950093573252456,0.00019620886265395095,0.00019620886265395095
R1036,442324.613600001,3921278.4415,6.059882031170714e-05,5.470247778448986e-05,2.7171789101720616e-06,2.7171789101720616e-06
R1037,442374.613600001,3921278.4415,7.27441919228246e-09,6.56660892429983e-09,3.261762904186798e-10,3.261762904186798e-10
R1038,442424.613600001,3921278.4415,1.1856617277909407e-15,1.0702953290309133e-15,5.316365937125871e-17,5.316365937125871e-17
R1039,442474.613600002,3921278.4415,9.200719555101157e-26,8.305477804276808e-26,4.125493038467411e-27,4.125493038467411e-27
R1040,442524.613600002,3921278.4415,5.297235043994051e-40,4.78180731609596e-40,2.3752170866904327e-41,2.3752170866904327e-41
R1041,442574.6136,3921278.4415,2.013371367728554e-60,1.8174677650254822e-60,9.027717355876347e-62,9.027717355876347e-62
R1042,442624.6136,3921278.4415,6.9386718011262835e-90,6.2635301826436495e-90,3.1112177738192015e-91,3.1112177738192015e-91
R1043,442674.6136,3921278.4415,1.2335621868605809e-132,1.1135350123225308e-132,5.531145889115202e-134,5.531145889115202e-134
R1044,442724.6136,3921278.4415,3.0334863691991802e-195,2.7383242754085922e-195,1.3601791494099517e-196,1.3601791494099517e-196
R1045,442774.6136,3921278.4415,2.3837903999457102e-288,2.151844552833951e-288,1.0688632167566756e-289,1.0688632167566756e-289
R1046,442824.613600001,3921278.4415,0.0,0.0,0.0,0.0
R1047,442874.613600001,3921278.4415,0.0,0.0,0.0,0.0
R1048,442924.613600001,3921278.4415,0.0,0.0,0.0,0.0
R1049,442974.613600001,3921278.4415,0.0,0.0,0.0,0.0
R1050,443024.613600001,3921278.4415,0.0,0.0,0.0,0.0
R1051,443074.613600002,3921278.4415,0.0,0.0,0.0,0.0
R1052,443124.613600002,3921278.4415,0.0,0.0,0.0,0.0
R1053,443174.613599999,3921278.4415,0.0,0.0,0.0,0.0
R1054,443224.6136,3921278.4415,0.0,0.0,0.0,0.0
R1055,443274.6136,3921278.4415,0.0,0.0,0.0,0.0
R1056,443324.6136,3921278.4415,0.0,0.0,0.0,0.0
R1057,443374.6136,3921278.4415,0.0,0.0,0.0,0.0
R1058,443424.6136,3921278.4415,0.0,0.0,0.0,0.0
R1059,443474.613600001,3921278.4415,0.0,0.0,0.0,0.0
R1060,443524.613600001,3921278.4415,0.0,0.0,0.0,0.0
R1061,443574.613600001,3921278.4415,0.0,0.0,0.0,0.0
R1062,443624.613600001,3921278.4415,0.0,0.0,0.0,0.0
R1063,443674.613600001,3921278.4415,0.0,0.0,0.0,0.0
R1064,443724.613600002,3921278.4415,0.0,0.0,0.0,0.0
R1065,443774.613600002,3921278.4415,0.0,0.0,0.0,0.0
R1066,443824.613599999,3921278.4415,0.0,0.0,0.0,0.0
R1067,443874.6136,3921278.4415,0.0,0.0,0.0,0.0
R1068,441474.6136,3921328.4415,1.0419969117930145e-43,9.406092829067951e-44,4.672190017222959e-45,4.672190017222959e-45
R1069,441524.6136,3921328.4415,1.6793682026224235e-41,1.5159635339994261e-41,7.530086954015592e-43,7.530086954015592e-43
R1070,441574.613600001,3921328.4415,3.2649664129365166e-39,2.947281015572197e-39,1.4639720433530182e-40,1.4639720433530182e-40
R1071,441624.613600001,3921328.4415,7.659621385976618e-37,6.914330453113495e-37,3.4344829788473226e-38,3.4344829788473226e-38
R1072,441674.613600001,3921328.4415,2.163535336964251e-34,1.9530205884780467e-34,9.701034704590698e-36,9.701034704590698e-36
R1073,441724.613600001,3921328.4415,7.316147123061974e-32,6.604276674178751e-32,3.280473211235021e-33,3.280473211235021e-33
R1074,441774.613600001,3921328.4415,2.931471337099678e-29,2.6462354360813195e-29,1.3144368243423228e-30,1.3144368243423228e-30
R1075,441824.613600002,3921328.4415,1.369019774642087e-26,1.2358124039985354e-26,6.138521575390044e-28,6.138521575390044e-28
R1076,441874.613600002,3921328.4415,7.269550628747161e-24,6.562214078207741e-24,3.2595798982977566e-25,3.2595798982977566e-25
R1077,441924.613599999,3921328.4415,4.2350475336725104e-21,3.8229720056484814e-21,1.8989448611177048e-22,1.8989448611177048e-22
R1078,441974.6136,3921328.4415,2.573840834612652e-18,2.323402837744863e-18,1.1540795675519211e-19,1.1540795675519211e-19
R1079,442024.6136,3921328.4415,1.5216890091862962e-15,1.3736267272489211e-15,6.823072235290424e-17,6.823072235290424e-17
R1080,442074.6136,3921328.4415,7.951748806305106e-13,7.178033502753099e-13,3.5654694339493534e-14,3.5654694339493534e-14
R1081,442124.6136,3921328.4415,3.2241144344557093e-10,2.9104039867157935e-10,1.4456545028801376e-11,1.4456545028801376e-11
R1082,442174.6136,3921328.4415,8.51127686034278e-08,7.683118763297047e-08,3.816355147608545e-09,3.816355147608545e-09
R1083,442224.613600001,3921328.4415,1.1594443359827822e-05,1.0466289228933668e-05,5.1988102755892e-07,5.1988102755892e-07
R1084,442274.613600001,3921328.4415,0.000605058308028873,0.0005461853627351252,2.7130093713768692e-05,2.7130093713768692e-05
R1085,442324.613600001,3921328.4415,0.008389867975389473,0.007573523117740977,0.0003761916849964176,0.0003761916849964176
R1086,442374.613600001,3921328.4415,0.017448584561124365,0.0157508150227357,0.0007823737448677958,0.0007823737448677958
R1087,442424.613600001,3921328.4415,0.0013886397013010514,0.0012535232867628319,6.226494989167148e-05,6.226494989167148e-05
R1088,442474.613600002,3921328.4415,3.550562519593362e-07,3.20508825669294e-07,1.5920299352135487e-08,1.5920299352135487e-08
R1089,442524.613600002,3921328.4415,1.1457429357450808e-14,1.0342606863787942e-14,5.137374829198972e-16,5.137374829198972e-16
R1090,442574.6136,3921328.4415,9.589986296918641e-27,8.656868395495926e-27,4.300035608084649e-28,4.300035608084649e-28
R1091,442624.6136,3921328.4415,1.0897729119484696e-44,9.837366173031461e-45,4.886411910317532e-46,4.886411910317532e-46
R1092,442674.6136,3921328.4415,3.557897897258397e-72,3.211709892752824e-72,1.595319031170707e-73,1.595319031170707e-73
R1093,442724.6136,3921328.4415,1.4018397910876722e-114,1.2654389909727766e-114,6.285682619216858e-116,6.285682619216858e-116
R1094,442774.6136,3921328.4415,1.3316122222299117e-180,1.2020446541599492e-180,5.9707905668115126e-182,5.9707905668115126e-182
R1095,442824.613600001,3921328.4415,2.9077557389377037e-285,2.62482739587644e-285,1.3038030326552292e-286,1.3038030326552292e-286
R1096,442874.613600001,3921328.4415,0.0,0.0,0.0,0.0
R1097,442924.613600001,3921328.4415,0.0,0.0,0.0,0.0
R1098,442974.613600001,3921328.4415,0.0,0.0,0.0,0.0
R1099,443024.613600001,3921328.4415,0.0,0.0,0.0,0.0
R1100,443074.613600002,3921328.4415,0.0,0.0,0.0,0.0
R1101,443124.613600002,3921328.4415,0.0,0.0,0.0,0.0
R1102,443174.613599999,3921328.4415,0.0,0.0,0.0,0.0
R1103,443224.6136,3921328.4415,0.0,0.0,0.0,0.0
R1104,443274.6136,3921328.4415,0.0,0.0,0.0,0.0
R1105,443324.6136,3921328.4415,0.0,0.0,0.0,0.0
R1106,443374.6136,3921328.4415,0.0,0.0,0.0,0.0
R1107,443424.6136,3921328.4415,0.0,0.0,0.0,0.0
R1108,443474.613600001,3921328.4415,0.0,0.0,0.0,0.0
R1109,443524.613600001,3921328.4415,0.0,0.0,0.0,0.0
R1110,443574.613600001,3921328.4415,0.0,0.0,0.0,0.0
R1111,443624.613600001,3921328.4415,0.0,0.0,0.0,0.0
R1112,443674.613600001,3921328.4415,0.0,0.0,0.0,0.0
R1113,443724.613600002,3921328.4415,0.0,0.0,0.0,0.0
R1114,443774.613600002,3921328.4415,0.0,0.0,0.0,0.0
R1115,443824.613599999,3921328.4415,0.0,0.0,0.0,0.0
R1116,443874.6136,3921328.4415,0.0,0.0,0.0,0.0
R1117,441574.613600001,3921378.4415,3.332679373951564e-54,3.002156100100231e-54,1.4903693806515489e-55,1.4903693806515489e-55
R1118,441624.613600001,3921378.4415,5.5650801119631576e-52,5.023590717053684e-52,2.4953156241571023e-53,2.4953156241571023e-53
R1119,441674.613600001,3921378.4415,1.5261624056591031e-49,1.377664856537845e-49,6.843130412149687e-51,6.843130412149687e-51
R1120,441724.613600001,3921378.4415,5.465027614907382e-47,4.93327345579267e-47,2.450453276541009e-48,2.450453276541009e-48
R1121,441774.613600001,3921378.4415,2.5766022701570253e-44,2.325895582087779e-44,1.1553177623524762e-45,1.1553177623524762e-45
R1122,441824.613600002,3921378.4415,1.6092000226271671e-41,1.4526228074370141e-41,7.215461194194599e-43,7.215461194194599e-43
R1123,441874.613600002,3921378.4415,1.335001555142132e-38,1.2051042006557603e-38,5.985987931811797e-40,5.985987931811797e-40
R1124,441924.613599999,3921378.4415,1.4680685337125186e-35,1.3252235924467835e-35,6.582644411182107e-37,6.582644411182107e-37
R1125,441974.6136,3921378.4415,2.1204605091773654e-32,1.9141369963889175e-32,9.507892308385983e-34,9.507892308385983e-34
R1126,442024.6136,3921378.4415,3.946312097058651e-29,3.562330895380644e-29,1.769479331103925e-30,1.769479331103925e-30
R1127,442074.6136,3921378.4415,9.151310327100204e-26,8.260876157195755e-26,4.103338529253949e-27,4.103338529253949e-27
R1128,442124.6136,3921378.4415,2.5059463965478575e-22,2.2621146151222794e-22,1.1236365103638916e-23,1.1236365103638916e-23
R1129,442174.6136,3921378.4415,7.4626230041720475e-19,6.736500265185513e-19,3.3461512513278705e-20,3.3461512513278705e-20
R1130,442224.613600001,3921378.4415,2.137441072132744e-15,1.9294653289052408e-15,9.584031129748967e-17,9.584031129748967e-17
R1131,442274.613600001,3921378.4415,4.9180599847908116e-12,4.439526473897936e-12,2.2051995073331588e-13,2.2051995073331588e-13
R1132,442324.613600001,3921378.4415,7.007259716295302e-09,6.325444406163491e-09,3.1419717778792317e-10,3.1419717778792317e-10
R1133,442374.613600001,3921378.4415,4.269829827055935e-06,3.854369937511073e-06,1.9145408271023095e-07,1.9145408271023095e-07
R1134,442424.613600001,3921378.4415,0.000670812205884913,0.0006055413224421288,3.0078420159680098e-05,3.0078420159680098e-05
R1135,442474.613600002,3921378.4415,0.014778004290405745,0.013340085619436419,0.0006626281070452661,0.0006626281070452661
R1136,442524.613600002,3921378.4415,0.018389060833627142,0.016599781754081194,0.0008245435805183436,0.0008245435805183436
R1137,442574.6136,3921378.4415,4.500501093790065e-05,4.062596595705708e-05,2.0179710750722635e-06,2.0179710750722635e-06
R1138,442624.6136,3921378.4415,3.891201367848555e-13,3.512582510431969e-13,1.7447683366714227e-14,1.7447683366714227e-14
R1139,442674.6136,3921378.4415,4.521872228115175e-28,4.081888291396075e-28,2.027553637104981e-29,2.027553637104981e-29
R1140,442724.6136,3921378.4415,5.438151522164171e-52,4.9090124411614114e-52,2.438402356735302e-53,2.438402356735302e-53
R1141,442774.6136,3921378.4415,2.9454345602959765e-92,2.6588400198465888e-92,1.3206977672768305e-93,1.3206977672768305e-93
R1142,442824.613600001,3921378.4415,1.1662894878961063e-160,1.0528080327926027e-160,5.2295031212917e-162,5.2295031212917e-162
R1143,442874.613600001,3921378.4415,3.0672029016986025e-279,2.7687601462808728e-279,1.375297240910796e-280,1.375297240910796e-280
R1144,442924.613600001,3921378.4415,0.0,0.0,0.0,0.0
R1145,442974.613600001,3921378.4415,0.0,0.0,0.0,0.0
R1146,443024.613600001,3921378.4415,0.0,0.0,0.0,0.0
R1147,443074.613600002,3921378.4415,0.0,0.0,0.0,0.0
R1148,443124.613600002,3921378.4415,0.0,0.0,0.0,0.0
R1149,443174.613599999,3921378.4415,0.0,0.0,0.0,0.0
R1150,443224.6136,3921378.4415,0.0,0.0,0.0,0.0
R1151,443274.6136,3921378.4415,0.0,0.0,0.0,0.0
R1152,443324.6136,3921378.4415,0.0,0.0,0.0,0.0
R1153,443374.6136,3921378.4415,0.0,0.0,0.0,0.0
R1154,443424.6136,3921378.4415,0.0,0.0,0.0,0.0
R1155,443474.613600001,3921378.4415,0.0,0.0,0.0,0.0
R1156,443524.613600001,3921378.4415,0.0,0.0,0.0,0.0
R1157,443574.613600001,3921378.4415,0.0,0.0,0.0,0.0
R1158,443624.613600001,3921378.4415,0.0,0.0,0.0,0.0
R1159,443674.613600001,3921378.4415,0.0,0.0,0.0,0.0
R1160,443724.613600002,3921378.4415,0.0,0.0,0.0,0.0
R1161,443774.613600002,3921378.4415,0.0,0.0,0.0,0.0
R1162,443824.613599999,3921378.4415,0.0,0.0,0.0,0.0
R1163,443874.6136,3921378.4415,0.0,0.0,0.0,0.0
R1164,443924.6136,3921378.4415,0.0,0.0,0.0,0.0
R1165,441624.613600001,3921428.4415,9.008609572828069e-52,8.052597365073132e-52,3.9889428298980704e-53,3.9889428298980704e-53
R1166,441674.613600001,3921428.4415,3.24129767990447e-57,2.8973262539997093e-57,1.435226087397221e-58,1.435226087397221e-58
R1167,441724.613600001,3921428.4415,3.310271627365893e-63,2.959044088493124e-63,1.4658096189595433e-64,1.4658096189595433e-64
R1168,441774.613600001,3921428.4415,2.1954029042562184e-63,1.9817873934298445e-63,9.843925033036904e-65,9.843925033036904e-65
R1169,441824.613600002,3921428.4415,9.678196268451866e-61,8.736495424262266e-61,4.339587908456847e-62,4.339587908456847e-62
R1170,441874.613600002,3921428.4415,6.2066976517861424e-58,5.602778051873795e-58,2.783009285411725e-59,2.783009285411725e-59
R1171,441924.613599999,3921428.4415,5.926684656920821e-55,5.350010678644428e-55,2.6574547943657704e-56,2.6574547943657704e-56
R1172,441974.6136,3921428.4415,8.620324760268749e-52,7.781556163438867e-52,3.8652509268255794e-53,3.8652509268255794e-53
R1173,442024.6136,3921428.4415,1.950481292350468e-48,1.7606969742157144e-48,8.745725750103364e-50,8.745725750103364e-50
R1174,442074.6136,3921428.4415,6.987252923915783e-45,6.307384300206805e-45,3.1330009705212346e-46,3.1330009705212346e-46
R1175,442124.6136,3921428.4415,4.0084038533406034e-41,3.6183810445608126e-41,1.797320534909054e-42,1.797320534909054e-42
R1176,442174.6136,3921428.4415,3.6864831863452855e-37,3.327783669164752e-37,1.652975142934614e-38,1.652975142934614e-38
R1177,442224.613600001,3921428.4415,5.3518438771368076e-33,4.831102640104956e-33,2.3997030369055293e-34,2.3997030369055293e-34
R1178,442274.613600001,3921428.4415,1.1764346339252105e-28,1.0619660431700793e-28,5.274992747474362e-30,5.274992747474362e-30
R1179,442324.613600001,3921428.4415,3.605897837139948e-24,3.2550393772464378e-24,1.6168416323805659e-25,1.6168416323805659e-25
R1180,442374.613600001,3921428.4415,1.3320606308683292e-19,1.2024494320657767e-19,5.972801177726343e-21,5.972801177726343e-21
R1181,442424.613600001,3921428.4415,4.6460229725495235e-15,4.193959010007666e-15,2.0832213518763196e-16,2.0832213518763196e-16
R1182,442474.613600002,3921428.4415,1.0294444403408107e-10,9.292781829488945e-11,4.615906230682086e-12,4.615906230682086e-12
R1183,442524.613600002,3921428.4415,7.732050242927415e-07,6.979711889879543e-07,3.466959215444384e-08,3.466959215444384e-08
R1184,442574.6136,3921428.4415,0.000757091708495497,0.0006834257193748609,3.3947090270215624e-05,3.3947090270215624e-05
R1185,442624.6136,3921428.4415,0.02938565822142084,0.026526396186780828,0.0013176179069172972,0.0013176179069172972
R1186,442674.6136,3921428.4415,0.008118690795608905,0.00732873182351604,0.00036403242331393656,0.00036403242331393656
R1187,442724.6136,3921428.4415,1.5718272117560999e-10,1.4188864187432634e-10,7.047885962547564e-12,7.047885962547564e-12
R1188,442774.6136,3921428.4415,5.226073250334813e-30,4.717569655746707e-30,2.3433089861785255e-31,2.3433089861785255e-31
R1189,442824.613600001,3921428.4415,6.179099105386568e-65,5.577864879248631e-65,2.7706344259932423e-66,2.7706344259932423e-66
R1190,442874.613600001,3921428.4415,6.94255788302211e-133,6.267038143813219e-133,3.1129602466456075e-134,3.1129602466456075e-134
R1191,442924.613600001,3921428.4415,9.334940057420582e-268,8.426638480484446e-268,4.185675912711349e-269,4.185675912711349e-269
R1192,442974.613600001,3921428.4415,0.0,0.0,0.0,0.0
R1193,443024.613600001,3921428.4415,0.0,0.0,0.0,0.0
R1194,443074.613600002,3921428.4415,0.0,0.0,0.0,0.0
R1195,443124.613600002,3921428.4415,0.0,0.0,0.0,0.0
R1196,443174.613599999,3921428.4415,0.0,0.0,0.0,0.0
R1197,443224.6136,3921428.4415,0.0,0.0,0.0,0.0
R1198,443274.6136,3921428.4415,0.0,0.0,0.0,0.0
R1199,443324.6136,3921428.4415,0.0,0.0,0.0,0.0
R1200,443374.6136,3921428.4415,0.0,0.0,0.0,0.0
R1201,443424.6136,3921428.4415,0.0,0.0,0.0,0.0
R1202,443474.613600001,3921428.4415,0.0,0.0,0.0,0.0
R1203,443524.613600001,3921428.4415,0.0,0.0,0.0,0.0
R1204,443574.613600001,3921428.4415,0.0,0.0,0.0,0.0
R1205,443624.613600001,3921428.4415,0.0,0.0,0.0,0.0
R1206,443674.613600001,3921428.4415,0.0,0.0,0.0,0.0
R1207,443724.613600002,3921428.4415,0.0,0.0,0.0,0.0
R1208,443774.613600002,3921428.4415,0.0,0.0,0.0,0.0
R1209,443824.613599999,3921428.4415,0.0,0.0,0.0,0.0
R1210,443874.6136,3921428.4415,0.0,0.0,0.0,0.0
R1211,443924.6136,3921428.4415,0.0,0.0,0.0,0.0
R1212,441774.613600001,3921478.4415,7.645402249931015e-60,6.834062804257433e-60,3.3853413868427476e-61,3.3853413868427476e-61
R1213,441824.613600002,3921478.4415,2.2698336735486087e-66,2.0289565926001562e-66,1.0050708007751029e-67,1.0050708007751029e-67
R1214,441874.613600002,3921478.4415,1.3861776664636554e-73,1.2390752073675175e-73,6.137927696983144e-75,6.137927696983144e-75
R1215,441924.613599999,3921478.4415,9.695726177250441e-80,8.751027718149247e-80,4.346628853774863e-81,4.346628853774863e-81
R1216,441974.6136,3921478.4415,5.146703798690547e-77,4.645922953005548e-77,2.3077206696056264e-78,2.3077206696056264e-78
R1217,442024.6136,3921478.4415,4.622187418238051e-74,4.172442685539674e-74,2.0725337732808533e-75,2.0725337732808533e-75
R1218,442074.6136,3921478.4415,7.270407214870546e-71,6.562987317408504e-71,3.2599639813107974e-72,3.2599639813107974e-72
R1219,442124.6136,3921478.4415,2.1144734164932438e-67,1.908732455461187e-67,9.481046898044892e-69,9.481046898044892e-69
R1220,442174.6136,3921478.4415,1.205166190093958e-63,1.0879019822684037e-63,5.403821622486407e-65,5.403821622486407e-65
R1221,442224.613600001,3921478.4415,1.4309687084017183e-59,1.2917336274700156e-59,6.416293214265986e-61,6.416293214265986e-61
R1222,442274.613600001,3921478.4415,3.765319623452106e-55,3.398949220362967e-55,1.6883244621388321e-56,1.6883244621388321e-56
R1223,442324.613600001,3921478.4415,2.327651906908264e-50,2.1011684067895305e-50,1.0436913852679494e-51,1.0436913852679494e-51
R1224,442374.613600001,3921478.4415,3.544587255531644e-45,3.1996943934475624e-45,1.5893506979928082e-46,1.5893506979928082e-46
R1225,442424.613600001,3921478.4415,1.3606149842886491e-39,1.2282254104691677e-39,6.100835496724966e-41,6.100835496724966e-41
R1226,442474.613600002,3921478.4415,1.2838013260186298e-33,1.1588858191463087e-33,5.756412204009254e-35,5.756412204009254e-35
R1227,442524.613600002,3921478.4415,2.6523796166772645e-27,2.394299696116219e-27,1.1892954217812377e-28,1.1892954217812377e-28
R1228,442574.6136,3921478.4415,9.049585279718917e-21,8.169049086703657e-21,4.0577262298793195e-22,4.0577262298793195e-22
R1229,442624.6136,3921478.4415,2.8363688492104332e-14,2.5603865415937478e-14,1.271794001748031e-15,1.271794001748031e-15
R1230,442674.6136,3921478.4415,2.6148365907442084e-08,2.360409654503168e-08,1.1724615762105453e-09,1.1724615762105453e-09
R1231,442724.6136,3921478.4415,0.0008790215582826422,0.0007934916392218013,3.941427947716581e-05,3.941427947716581e-05
R1232,442774.6136,3921478.4415,0.06356535136054818,0.057380361577631545,0.00285019462831343,0.00285019462831343
R1233,442824.613600001,3921478.4415,8.398575106013152e-06,7.5813830334465716e-06,3.7658210236060205e-07,3.7658210236060205e-07
R1234,442874.613600001,3921478.4415,3.139874897641618e-33,2.8343610643050047e-33,1.4078824981354035e-34,1.4078824981354035e-34
R1235,442924.613600001,3921478.4415,1.3475029932306215e-93,1.216389232869129e-93,6.042042890878884e-95,6.042042890878884e-95
R1236,442974.613600001,3921478.4415,4.683748220427415e-245,4.228013543137845e-245,2.1001369035962296e-246,2.1001369035962296e-246
R1237,443024.613600001,3921478.4415,0.0,0.0,0.0,0.0
R1238,443074.613600002,3921478.4415,0.0,0.0,0.0,0.0
R1239,443124.613600002,3921478.4415,0.0,0.0,0.0,0.0
R1240,443174.613599999,3921478.4415,0.0,0.0,0.0,0.0
R1241,443224.6136,3921478.4415,0.0,0.0,0.0,0.0
R1242,443274.6136,3921478.4415,0.0,0.0,0.0,0.0
R1243,443324.6136,3921478.4415,0.0,0.0,0.0,0.0
R1244,443374.6136,3921478.4415,0.0,0.0,0.0,0.0
R1245,443424.6136,3921478.4415,0.0,0.0,0.0,0.0
R1246,443474.613600001,3921478.4415,0.0,0.0,0.0,0.0
R1247,443524.613600001,3921478.4415,0.0,0.0,0.0,0.0
R1248,443574.613600001,3921478.4415,0.0,0.0,0.0,0.0
R1249,443624.613600001,3921478.4415,0.0,0.0,0.0,0.0
R1250,443674.613600001,3921478.4415,0.0,0.0,0.0,0.0
R1251,443724.613600002,3921478.4415,0.0,0.0,0.0,0.0
R1252,443774.613600002,3921478.4415,0.0,0.0,0.0,0.0
R1253,443824.613599999,3921478.4415,0.0,0.0,0.0,0.0
R1254,443874.6136,3921478.4415,0.0,0.0,0.0,0.0
R1255,443924.6136,3921478.4415,0.0,0.0,0.0,0.0
R1256,441874.613600002,3921528.4415,8.208230255448708e-63,7.33716431119568e-63,3.634562289617712e-64,3.634562289617712e-64
R1257,441924.613599999,3921528.4415,5.833327453672259e-70,5.214289311822442e-70,2.5829691355037494e-71,2.5829691355037494e-71
R1258,441974.6136,3921528.4415,6.779238090655033e-78,6.059819372222832e-78,3.0018146497139435e-79,3.0018146497139435e-79
R1259,442024.6136,3921528.4415,1.0462510213578282e-86,9.352219630063616e-87,4.63275072471914e-88,4.63275072471914e-88
R1260,442074.6136,3921528.4415,1.6933326603530798e-96,1.513634755020164e-96,7.49799837290341e-98,7.49799837290341e-98
R1261,442124.6136,3921528.4415,5.405180154144957e-102,4.879249035520257e-102,2.4236182652198806e-103,2.4236182652198806e-103
R1262,442174.6136,3921528.4415,2.8223671811597908e-99,2.5477472537075082e-99,1.2655158205988368e-100,1.2655158205988368e-100
R1263,442224.613600001,3921528.4415,3.0345945015327215e-96,2.739324585052345e-96,1.360676022746906e-97,1.360676022746906e-97
R1264,442274.613600001,3921528.4415,7.470021619089035e-93,6.7431789854320555e-93,3.349468702115446e-94,3.349468702115446e-94
R1265,442324.613600001,3921528.4415,4.7696050397992464e-89,4.305516384450207e-89,2.1386340785728394e-90,2.1386340785728394e-90
R1266,442374.613600001,3921528.4415,9.14899478113512e-85,8.258785916807207e-85,4.102300266028774e-86,4.102300266028774e-86
R1267,442424.613600001,3921528.4415,6.263712657448494e-80,5.6542454247464795e-80,2.808574134719386e-81,2.808574134719386e-81
R1268,442474.613600002,3921528.4415,1.870344173731241e-74,1.6883572994756365e-74,8.386400457112379e-76,8.386400457112379e-76
R1269,442524.613600002,3921528.4415,3.0627166980073995e-68,2.7647104559322417e-68,1.3732856806207156e-69,1.3732856806207156e-69
R1270,442574.6136,3921528.4415,3.538010213442599e-61,3.193757305944654e-61,1.5864016306737177e-62,1.5864016306737177e-62
R1271,442624.6136,3921528.4415,3.7171550393745943e-53,3.3554711117637096e-53,1.6667280364329444e-54,1.6667280364329444e-54
R1272,442674.6136,3921528.4415,4.3407732338909357e-44,3.918410460352703e-44,1.9463510055639164e-45,1.9463510055639164e-45
R1273,442724.6136,3921528.4415,5.677280699352357e-34,5.124874044332472e-34,2.5456250309920496e-35,2.5456250309920496e-35
R1274,442774.6136,3921528.4415,4.88716232151516e-23,4.4116351926776907e-23,2.1913453632104926e-24,2.1913453632104926e-24
R1275,442824.613600001,3921528.4415,3.923386469166729e-12,3.5416359603307103e-12,1.7591997526748462e-13,1.7591997526748462e-13
R1276,442874.613600001,3921528.4415,0.0010587968378676985,0.0009557745547491538,4.747518884381943e-05,4.747518884381943e-05
R1277,442924.613600001,3921528.4415,0.1529296996099716,0.13804944473295316,0.006857185542255271,0.006857185542255271
R1278,442974.613600001,3921528.4415,3.704377964411618e-40,3.3439372624953933e-40,1.6609989482354338e-41,1.6609989482354338e-41
R1279,443024.613600001,3921528.4415,1.1895331847510625e-195,1.07379008828968e-195,5.3337250889205296e-197,5.3337250889205296e-197
R1280,443074.613600002,3921528.4415,0.0,0.0,0.0,0.0
R1281,443124.613600002,3921528.4415,0.0,0.0,0.0,0.0
R1282,443174.613599999,3921528.4415,0.0,0.0,0.0,0.0
R1283,443224.6136,3921528.4415,0.0,0.0,0.0,0.0
R1284,443274.6136,3921528.4415,0.0,0.0,0.0,0.0
R1285,443324.6136,3921528.4415,0.0,0.0,0.0,0.0
R1286,443374.6136,3921528.4415,0.0,0.0,0.0,0.0
R1287,443424.6136,3921528.4415,0.0,0.0,0.0,0.0
R1288,443474.613600001,3921528.4415,0.0,0.0,0.0,0.0
R1289,443524.613600001,3921528.4415,0.0,0.0,0.0,0.0
R1290,443574.613600001,3921528.4415,0.0,0.0,0.0,0.0
R1291,443624.613600001,3921528.4415,0.0,0.0,0.0,0.0
R1292,443674.613600001,3921528.4415,0.0,0.0,0.0,0.0
R1293,443724.613600002,3921528.4415,0.0,0.0,0.0,0.0
R1294,443774.613600002,3921528.4415,0.0,0.0,0.0,0.0
R1295,443824.613599999,3921528.4415,0.0,0.0,0.0,0.0
R1296,443874.6136,3921528.4415,0.0,0.0,0.0,0.0
R1297,443924.6136,3921528.4415,0.0,0.0,0.0,0.0
R1298,441974.6136,3921578.4415,3.4295425772091204e-66,3.065596303614598e-66,1.518584783463111e-67,1.518584783463111e-67
R1299,442024.6136,3921578.4415,4.58029334828372e-74,4.094228577047503e-74,2.0281322745646997e-75,2.0281322745646997e-75
R1300,442074.6136,3921578.4415,7.562696136682638e-83,6.760136317365867e-83,3.348726576381741e-84,3.348726576381741e-84
R1301,442124.6136,3921578.4415,1.1981671220202792e-92,1.0710166057769764e-92,5.305428371491089e-94,5.305428371491089e-94
R1302,442174.6136,3921578.4415,1.3636701450751061e-103,1.2189563102578745e-103,6.038268155175994e-105,6.038268155175994e-105
R1303,442224.613600001,3921578.4415,8.003278373964095e-116,7.153963675810847e-116,3.543814557643459e-117,3.543814557643459e-117
R1304,442274.613600001,3921578.4415,1.6548960195317976e-129,1.479277048683855e-129,7.327802852896302e-131,7.327802852896302e-131
R1305,442324.613600001,3921578.4415,5.9802657160712744e-142,5.398309682353249e-142,2.681436433595821e-143,2.681436433595821e-143
R1306,442374.613600001,3921578.4415,1.9811300862366277e-140,1.7883636013555693e-140,8.883151290635868e-142,8.883151290635868e-142
R1307,442424.613600001,3921578.4415,1.3931151859772747e-138,1.2575633010703154e-138,6.246562529281755e-140,6.246562529281755e-140
R1308,442474.613600002,3921578.4415,2.4878604596764093e-136,2.245788462982137e-136,1.115526991732172e-137,1.115526991732172e-137
R1309,442524.613600002,3921578.4415,1.4302862564028698e-133,1.2911175789213148e-133,6.413233180805041e-135,6.413233180805041e-135
R1310,442574.6136,3921578.4415,3.631597731216804e-130,3.2782386388421513e-130,1.628365158716573e-131,1.628365158716573e-131
R1311,442624.6136,3921578.4415,6.2527757931455e-126,5.6443727312932225e-126,2.8036701750590087e-127,2.8036701750590087e-127
R1312,442674.6136,3921578.4415,1.3200603910681953e-120,1.1916168309078867e-120,5.918993532075473e-122,5.918993532075473e-122
R1313,442724.6136,3921578.4415,7.870631166431995e-114,7.10480871272807e-114,3.529097250601162e-115,3.529097250601162e-115
R1314,442774.6136,3921578.4415,4.3906580935726074e-105,3.963441459545138e-105,1.9687187823567174e-106,1.9687187823567174e-106
R1315,442824.613600001,3921578.4415,1.3113575419907881e-93,1.18376078014865e-93,5.879970993600458e-95,5.879970993600458e-95
R1316,442874.613600001,3921578.4415,2.630912781075908e-78,2.374921611005878e-78,1.1796699484363602e-79,1.1796699484363602e-79
R1317,442924.613600001,3921578.4415,1.057250840011227e-57,9.543789844564735e-58,4.740586814171389e-59,4.740586814171389e-59
R1318,442974.613600001,3921578.4415,1.0895876434779087e-30,9.83569375691133e-31,4.885581188566944e-32,4.885581188566944e-32
R1319,443024.613600001,3921578.4415,0.0010519588944402133,0.0009496019519408886,4.716858360671183e-05,4.716858360671183e-05
R1320,443074.613600002,3921578.4415,1.190356629831765e-71,1.0745334111134935e-71,5.337417318563715e-73,5.337417318563715e-73
R1321,443124.613600002,3921578.4415,0.0,0.0,0.0,0.0
R1322,443174.613599999,3921578.4415,0.0,0.0,0.0,0.0
R1323,443224.6136,3921578.4415,0.0,0.0,0.0,0.0
R1324,443274.6136,3921578.4415,0.0,0.0,0.0,0.0
R1325,443324.6136,3921578.4415,0.0,0.0,0.0,0.0
R1326,443374.6136,3921578.4415,0.0,0.0,0.0,0.0
R1327,443424.6136,3921578.4415,0.0,0.0,0.0,0.0
R1328,443474.613600001,3921578.4415,0.0,0.0,0.0,0.0
R1329,443524.613600001,3921578.4415,0.0,0.0,0.0,0.0
R1330,443574.613600001,3921578.4415,0.0,0.0,0.0,0.0
R1331,443624.613600001,3921578.4415,0.0,0.0,0.0,0.0
R1332,443674.613600001,3921578.4415,0.0,0.0,0.0,0.0
R1333,443724.613600002,3921578.4415,0.0,0.0,0.0,0.0
R1334,443774.613600002,3921578.4415,0.0,0.0,0.0,0.0
R1335,443824.613599999,3921578.4415,0.0,0.0,0.0,0.0
R1336,443874.6136,3921578.4415,0.0,0.0,0.0,0.0
R1337,443924.6136,3921578.4415,0.0,0.0,0.0,0.0
R1338,443974.6136,3921578.4415,0.0,0.0,0.0,0.0
R1339,442074.6136,3921628.4415,4.56879670759026e-70,4.0839519598637525e-70,2.023041590554932e-71,2.023041590554932e-71
R1340,442124.6136,3921628.4415,8.480774760738085e-79,7.580787645934999e-79,3.755247503572781e-80,3.755247503572781e-80
R1341,442174.6136,3921628.4415,1.37816787952184e-88,1.2319155295971518e-88,6.102463369430988e-90,6.102463369430988e-90
R1342,442224.613600001,3921628.4415,1.4345708171891737e-99,1.2823329428907727e-99,6.352213045558187e-101,6.352213045558187e-101
R1343,442274.613600001,3921628.4415,6.676387473287098e-112,5.967883564610782e-112,2.9562734192726724e-113,2.9562734192726724e-113
R1344,442324.613600001,3921628.4415,9.171875311411175e-126,8.198548115128627e-126,4.061263866902498e-127,4.061263866902498e-127
R1345,442374.613600001,3921628.4415,2.2991897895814347e-141,2.0551978168142598e-141,1.0180705798518884e-142,1.0180705798518884e-142
R1346,442424.613600001,3921628.4415,6.011680894369234e-159,5.373716213211845e-159,2.6619444300914637e-160,2.6619444300914637e-160
R1347,442474.613600002,3921628.4415,8.535383712997943e-179,7.629601545799466e-179,3.779428338390007e-180,3.779428338390007e-180
R1348,442524.613600002,3921628.4415,3.0622538831979294e-201,2.7372849008883597e-201,1.3559518229835919e-202,1.3559518229835919e-202
R1349,442574.6136,3921628.4415,1.1284777528179884e-226,1.0087227368965236e-226,4.9968471826810527e-228,4.9968471826810527e-228
R1350,442624.6136,3921628.4415,3.393189613757937e-240,3.0630279353688333e-240,1.5214657990523203e-241,1.5214657990523203e-241
R1351,442674.6136,3921628.4415,3.99576830730632e-248,3.606974953275868e-248,1.7916549065971067e-249,1.7916549065971067e-249
R1352,442724.6136,3921628.4415,9.379746970611145e-258,8.467085623857708e-258,4.2057667987921427e-259,4.2057667987921427e-259
R1353,442774.6136,3921628.4415,8.704450943416994e-270,7.85749676164011e-270,3.902972105136953e-271,3.902972105136953e-271
R1354,442824.613600001,3921628.4415,2.1518934901961542e-285,1.942511508252945e-285,9.648834050599392e-287,9.648834050599392e-287
R1355,442874.613600001,3921628.4415,1.0820976822449693e-306,9.768081972378858e-307,4.851997094167375e-308,4.851997094167375e-308
R1356,442924.613600001,3921628.4415,0.0,0.0,0.0,0.0
R1357,442974.613600001,3921628.4415,0.0,0.0,0.0,0.0
R1358,443024.613600001,3921628.4415,0.0,0.0,0.0,0.0
R1359,443074.613600002,3921628.4415,0.0,0.0,0.0,0.0
R1360,443124.613600002,3921628.4415,0.0,0.0,0.0,0.0
R1361,443174.613599999,3921628.4415,0.0,0.0,0.0,0.0
R1362,443224.6136,3921628.4415,0.0,0.0,0.0,0.0
R1363,443274.6136,3921628.4415,0.0,0.0,0.0,0.0
R1364,443324.6136,3921628.4415,0.0,0.0,0.0,0.0
R1365,443374.6136,3921628.4415,0.0,0.0,0.0,0.0
R1366,443424.6136,3921628.4415,0.0,0.0,0.0,0.0
R1367,443474.613600001,3921628.4415,0.0,0.0,0.0,0.0
R1368,443524.613600001,3921628.4415,0.0,0.0,0.0,0.0
R1369,443574.613600001,3921628.4415,0.0,0.0,0.0,0.0
R1370,443624.613600001,3921628.4415,0.0,0.0,0.0,0.0
R1371,443674.613600001,3921628.4415,0.0,0.0,0.0,0.0
R1372,443724.613600002,3921628.4415,0.0,0.0,0.0,0.0
R1373,443774.613600002,3921628.4415,0.0,0.0,0.0,0.0
R1374,443824.613599999,3921628.4415,0.0,0.0,0.0,0.0
R1375,443874.6136,3921628.4415,0.0,0.0,0.0,0.0
R1376,443924.6136,3921628.4415,0.0,0.0,0.0,0.0
R1377,443974.6136,3921628.4415,0.0,0.0,0.0,0.0
R1378,442224.613600001,3921678.4415,2.644607670670199e-84,2.3639596508119955e-84,1.1710199952932007e-85,1.1710199952932007e-85
R1379,442274.613600001,3921678.4415,2.6494608041677224e-95,2.368297772105389e-95,1.1731689566810304e-96,1.1731689566810304e-96
R1380,442324.613600001,3921678.4415,1.0211496285890541e-107,9.127843627994361e-108,4.521603212120361e-109,4.521603212120361e-109
R1381,442374.613600001,3921678.4415,9.621975125977932e-122,8.600882955223695e-122,4.260565978246631e-123,4.260565978246631e-123
R1382,442424.613600001,3921678.4415,1.306999863035857e-137,1.1682999277669228e-137,5.7873348014306974e-139,5.7873348014306974e-139
R1383,442474.613600002,3921678.4415,1.3797498184857005e-155,1.2333295961730327e-155,6.109468231555577e-157,6.109468231555577e-157
R1384,442524.613600002,3921678.4415,5.479164531647625e-176,4.8977109390745375e-176,2.426148653408097e-177,2.426148653408097e-177
R1385,442574.6136,3921678.4415,3.4779633557172028e-199,3.108878931196175e-199,1.540026050201294e-200,1.540026050201294e-200
R1386,442624.6136,3921678.4415,1.2799666653515517e-225,1.144135515977651e-225,5.667633055392529e-227,5.667633055392529e-227
R1387,442674.6136,3921678.4415,8.163745122875002e-256,7.297401558426688e-256,3.6148684935867274e-257,3.6148684935867274e-257
R1388,442724.6136,3921678.4415,2.1264138568428645e-290,1.900757012771675e-290,9.415661978335384e-292,9.415661978335384e-292
R1389,442774.6136,3921678.4415,0.0,0.0,0.0,0.0
R1390,442824.613600001,3921678.4415,0.0,0.0,0.0,0.0
R1391,442874.613600001,3921678.4415,0.0,0.0,0.0,0.0
R1392,442924.613600001,3921678.4415,0.0,0.0,0.0,0.0
R1393,442974.613600001,3921678.4415,0.0,0.0,0.0,0.0
R1394,443024.613600001,3921678.4415,0.0,0.0,0.0,0.0
R1395,443074.613600002,3921678.4415,0.0,0.0,0.0,0.0
R1396,443124.613600002,3921678.4415,0.0,0.0,0.0,0.0
R1397,443174.613599999,3921678.4415,0.0,0.0,0.0,0.0
R1398,443224.6136,3921678.4415,0.0,0.0,0.0,0.0
R1399,443274.6136,3921678.4415,0.0,0.0,0.0,0.0
R1400,443324.6136,3921678.4415,0.0,0.0,0.0,0.0
R1401,443374.6136,3921678.4415,0.0,0.0,0.0,0.0
R1402,443424.6136,3921678.4415,0.0,0.0,0.0,0.0
R1403,443474.613600001,3921678.4415,0.0,0.0,0.0,0.0
R1404,443524.613600001,3921678.4415,0.0,0.0,0.0,0.0
R1405,443574.613600001,3921678.4415,0.0,0.0,0.0,0.0
R1406,443624.613600001,3921678.4415,0.0,0.0,0.0,0.0
R1407,443674.613600001,3921678.4415,0.0,0.0,0.0,0.0
R1408,443724.613600002,3921678.4415,0.0,0.0,0.0,0.0
R1409,443774.613600002,3921678.4415,0.0,0.0,0.0,0.0
R1410,443824.613599999,3921678.4415,0.0,0.0,0.0,0.0
R1411,443874.6136,3921678.4415,0.0,0.0,0.0,0.0
R1412,443924.6136,3921678.4415,0.0,0.0,0.0,0.0
R1413,443974.6136,3921678.4415,0.0,0.0,0.0,0.0
R1414,442324.613600001,3921728.4415,8.905202664194496e-91,7.960174990054536e-91,3.9431824407247095e-92,3.9431824407247095e-92
R1415,442374.613600001,3921728.4415,3.0013871576317776e-103,2.682877403604333e-103,1.3290003182702535e-104,1.3290003182702535e-104
R1416,442424.613600001,3921728.4415,2.0238734405710066e-117,1.8090982725171927e-117,8.961617768142836e-119,8.961617768142836e-119
R1417,442474.613600002,3921728.4415,1.526527575251562e-133,1.3645311727571634e-133,6.759393333910362e-135,6.759393333910362e-135
R1418,442524.613600002,3921728.4415,6.495776510067124e-152,5.80643919111696e-152,2.87629972447535e-153,2.87629972447535e-153
R1419,442574.6136,3921728.4415,6.942327345451891e-173,6.205601672675392e-173,3.0740303641916433e-174,3.0740303641916433e-174
R1420,442624.6136,3921728.4415,7.125751515969743e-197,6.369560714468564e-197,3.155249736549287e-198,3.155249736549287e-198
R1421,442674.6136,3921728.4415,2.229373841496268e-224,1.9927907964281569e-224,9.871564017193612e-226,9.871564017193612e-226
R1422,442724.6136,3921728.4415,5.362172477279354e-256,4.793134180856294e-256,2.374345114104785e-257,2.374345114104785e-257
R1423,442774.6136,3921728.4415,1.8801792417542405e-292,1.680653024119281e-292,8.325346518069205e-294,8.325346518069205e-294
R1424,442824.613600001,3921728.4415,0.0,0.0,0.0,0.0
R1425,442874.613600001,3921728.4415,0.0,0.0,0.0,0.0
R1426,442924.613600001,3921728.4415,0.0,0.0,0.0,0.0
R1427,442974.613600001,3921728.4415,0.0,0.0,0.0,0.0
R1428,443024.613600001,3921728.4415,0.0,0.0,0.0,0.0
R1429,443074.613600002,3921728.4415,0.0,0.0,0.0,0.0
R1430,443124.613600002,3921728.4415,0.0,0.0,0.0,0.0
R1431,443174.613599999,3921728.4415,0.0,0.0,0.0,0.0
R1432,443224.6136,3921728.4415,0.0,0.0,0.0,0.0
R1433,443274.6136,3921728.4415,0.0,0.0,0.0,0.0
R1434,443324.6136,3921728.4415,0.0,0.0,0.0,0.0
R1435,443374.6136,3921728.4415,0.0,0.0,0.0,0.0
R1436,443424.6136,3921728.4415,0.0,0.0,0.0,0.0
R1437,443474.613600001,3921728.4415,0.0,0.0,0.0,0.0
R1438,443524.613600001,3921728.4415,0.0,0.0,0.0,0.0
R1439,443574.613600001,3921728.4415,0.0,0.0,0.0,0.0
R1440,443624.613600001,3921728.4415,0.0,0.0,0.0,0.0
R1441,443674.613600001,3921728.4415,0.0,0.0,0.0,0.0
R1442,443724.613600002,3921728.4415,0.0,0.0,0.0,0.0
R1443,443774.613600002,3921728.4415,0.0,0.0,0.0,0.0
R1444,443824.613599999,3921728.4415,0.0,0.0,0.0,0.0
R1445,443874.6136,3921728.4415,0.0,0.0,0.0,0.0
R1446,443924.6136,3921728.4415,0.0,0.0,0.0,0.0
R1447,443974.6136,3921728.4415,0.0,0.0,0.0,0.0
R1448,442424.613600001,3921778.4415,1.781430959574184e-98,1.59238399332375e-98,7.888093698198165e-100,7.888093698198165e-100
R1449,442474.613600002,3921778.4415,9.088003767082098e-113,8.123577090407953e-113,4.0241259361711405e-114,4.0241259361711405e-114
R1450,442524.613600002,3921778.4415,3.947501416976913e-129,3.528589214697104e-129,1.7479353269577867e-130,1.7479353269577867e-130
R1451,442574.6136,3921778.4415,6.824185830858067e-148,6.0999974359264634e-148,3.021717849228553e-149,3.021717849228553e-149
R1452,442624.6136,3921778.4415,1.897943374380955e-169,1.6965320119077452e-169,8.404005273801578e-171,8.404005273801578e-171
R1453,442674.6136,3921778.4415,2.871512689353235e-194,2.566785324496852e-194,1.2714925066183295e-195,1.2714925066183295e-195
R1454,442724.6136,3921778.4415,6.4080390699747576e-223,5.728012522667397e-223,2.8374499927512284e-224,2.8374499927512284e-224
R1455,442774.6136,3921778.4415,4.3440947126896764e-256,3.8830956931162576e-256,1.9235449997155715e-257,1.9235449997155715e-257
R1456,442824.613600001,3921778.4415,1.3049941203150483e-294,1.1665070361690797e-294,5.77845346570728e-296,5.77845346570728e-296
R1457,442874.613600001,3921778.4415,0.0,0.0,0.0,0.0
R1458,442924.613600001,3921778.4415,0.0,0.0,0.0,0.0
R1459,442974.613600001,3921778.4415,0.0,0.0,0.0,0.0
R1460,443024.613600001,3921778.4415,0.0,0.0,0.0,0.0
R1461,443074.613600002,3921778.4415,0.0,0.0,0.0,0.0
R1462,443124.613600002,3921778.4415,0.0,0.0,0.0,0.0
R1463,443174.613599999,3921778.4415,0.0,0.0,0.0,0.0
R1464,443224.6136,3921778.4415,0.0,0.0,0.0,0.0
R1465,443274.6136,3921778.4415,0.0,0.0,0.0,0.0
R1466,443324.6136,3921778.4415,0.0,0.0,0.0,0.0
R1467,443374.6136,3921778.4415,0.0,0.0,0.0,0.0
R1468,443424.6136,3921778.4415,0.0,0.0,0.0,0.0
R1469,443474.613600001,3921778.4415,0.0,0.0,0.0,0.0
R1470,443524.613600001,3921778.4415,0.0,0.0,0.0,0.0
R1471,443574.613600001,3921778.4415,0.0,0.0,0.0,0.0
R1472,443624.613600001,3921778.4415,0.0,0.0,0.0,0.0
R1473,443674.613600001,3921778.4415,0.0,0.0,0.0,0.0
R1474,443724.613600002,3921778.4415,0.0,0.0,0.0,0.0
R1475,443774.613600002,3921778.4415,0.0,0.0,0.0,0.0
R1476,443824.613599999,3921778.4415,0.0,0.0,0.0,0.0
R1477,443874.6136,3921778.4415,0.0,0.0,0.0,0.0
R1478,443924.6136,3921778.4415,0.0,0.0,0.0,0.0
R1479,443974.6136,3921778.4415,0.0,0.0,0.0,0.0
R1480,442524.613600002,3921828.4415,9.324622886994319e-108,8.33508598841217e-108,4.128899785549821e-109,4.128899785549821e-109
R1481,442574.6136,3921828.4415,2.4566432776967066e-124,2.195942207078347e-124,1.0877902544526862e-125,1.0877902544526862e-125
R1482,442624.6136,3921828.4415,1.7612333397632712e-143,1.5743297622470368e-143,7.798659578340471e-145,7.798659578340471e-145
R1483,442674.6136,3921828.4415,1.242017873896948e-165,1.110213882495332e-165,5.499597566123552e-167,5.499597566123552e-167
R1484,442724.6136,3921828.4415,2.5220045054515888e-191,2.2543672458456462e-191,1.1167319030937747e-192,1.1167319030937747e-192
R1485,442774.6136,3921828.4415,3.316663601705095e-221,2.9646964440428684e-221,1.4686032669044653e-222,1.4686032669044653e-222
R1486,442824.613600001,3921828.4415,4.560141164720389e-256,4.076215112207855e-256,2.0192093670913608e-257,2.0192093670913608e-257
R1487,442874.613600001,3921828.4415,6.946758748024869e-297,6.209562811044545e-297,3.0759925687071905e-298,3.0759925687071905e-298
R1488,442924.613600001,3921828.4415,0.0,0.0,0.0,0.0
R1489,442974.613600001,3921828.4415,0.0,0.0,0.0,0.0
R1490,443024.613600001,3921828.4415,0.0,0.0,0.0,0.0
R1491,443074.613600002,3921828.4415,0.0,0.0,0.0,0.0
R1492,443124.613600002,3921828.4415,0.0,0.0,0.0,0.0
R1493,443174.613599999,3921828.4415,0.0,0.0,0.0,0.0
R1494,443224.6136,3921828.4415,0.0,0.0,0.0,0.0
R1495,443274.6136,3921828.4415,0.0,0.0,0.0,0.0
R1496,443324.6136,3921828.4415,0.0,0.0,0.0,0.0
R1497,443374.6136,3921828.4415,0.0,0.0,0.0,0.0
R1498,443424.6136,3921828.4415,0.0,0.0,0.0,0.0
R1499,443474.613600001,3921828.4415,0.0,0.0,0.0,0.0
R1500,443524.613600001,3921828.4415,0.0,0.0,0.0,0.0
R1501,443574.613600001,3921828.4415,0.0,0.0,0.0,0.0
R1502,443624.613600001,3921828.4415,0.0,0.0,0.0,0.0
R1503,443674.613600001,3921828.4415,0.0,0.0,0.0,0.0
R1504,443724.613600002,3921828.4415,0.0,0.0,0.0,0.0
R1505,443774.613600002,3921828.4415,0.0,0.0,0.0,0.0
R1506,443824.613599999,3921828.4415,0.0,0.0,0.0,0.0
R1507,443874.6136,3921828.4415,0.0,0.0,0.0,0.0
R1508,443924.6136,3921828.4415,0.0,0.0,0.0,0.0
R1509,443974.6136,3921828.4415,0.0,0.0,0.0,0.0
R1510,442674.6136,3921878.4415,1.2463890811911127e-138,1.1141212135597397e-138,5.518953069374165e-140,5.518953069374165e-140
R1511,442724.6136,3921878.4415,2.1966217430558423e-161,1.9635143784847296e-161,9.72653924367464e-163,9.72653924367464e-163
R1512,442774.6136,3921878.4415,5.45717445860717e-188,4.878054471257411e-188,2.4164115510110484e-189,2.4164115510110484e-189
R1513,442824.613600001,3921878.4415,3.438127083940577e-219,3.073270118406307e-219,1.5223867337380977e-220,1.5223867337380977e-220
R1514,442874.613600001,3921878.4415,6.600435240098881e-256,5.899991447850288e-256,2.922642124940617e-257,2.922642124940617e-257
R1515,442924.613600001,3921878.4415,2.761999462809474e-299,2.4688937345439144e-299,1.2230005576040453e-300,1.2230005576040453e-300
R1516,442974.613600001,3921878.4415,0.0,0.0,0.0,0.0
R1517,443024.613600001,3921878.4415,0.0,0.0,0.0,0.0
R1518,443074.613600002,3921878.4415,0.0,0.0,0.0,0.0
R1519,443124.613600002,3921878.4415,0.0,0.0,0.0,0.0
R1520,443174.613599999,3921878.4415,0.0,0.0,0.0,0.0
R1521,443224.6136,3921878.4415,0.0,0.0,0.0,0.0
R1522,443274.6136,3921878.4415,0.0,0.0,0.0,0.0
R1523,443324.6136,3921878.4415,0.0,0.0,0.0,0.0
R1524,443374.6136,3921878.4415,0.0,0.0,0.0,0.0
R1525,443424.6136,3921878.4415,0.0,0.0,0.0,0.0
R1526,443474.613600001,3921878.4415,0.0,0.0,0.0,0.0
R1527,443524.613600001,3921878.4415,0.0,0.0,0.0,0.0
R1528,443574.613600001,3921878.4415,0.0,0.0,0.0,0.0
R1529,443624.613600001,3921878.4415,0.0,0.0,0.0,0.0
R1530,443674.613600001,3921878.4415,0.0,0.0,0.0,0.0
R1531,443724.613600002,3921878.4415,0.0,0.0,0.0,0.0
R1532,443774.613600002,3921878.4415,0.0,0.0,0.0,0.0
R1533,443824.613599999,3921878.4415,0.0,0.0,0.0,0.0
R1534,443874.6136,3921878.4415,0.0,0.0,0.0,0.0
R1535,443924.6136,3921878.4415,0.0,0.0,0.0,0.0
R1536,443974.6136,3921878.4415,0.0,0.0,0.0,0.0
R1537,444024.6136,3921878.4415,0.0,0.0,0.0,0.0
R1538,442774.6136,3921928.4415,1.210659676253241e-156,1.0821834434124852e-156,5.360744920711747e-158,5.360744920711747e-158
R1539,442824.613600001,3921928.4415,3.3707403623912466e-184,3.013034532967284e-184,1.4925482058384186e-185,1.4925482058384186e-185
R1540,442874.613600001,3921928.4415,8.136305882277089e-217,7.272874193340268e-217,3.6027185250572826e-218,3.6027185250572826e-218
R1541,442924.613600001,3921928.4415,1.4257231119423256e-255,1.2744241646913276e-255,6.313035843681185e-257,6.313035843681185e-257
R1542,442974.613600001,3921928.4415,7.957760894970191e-302,7.113276551692704e-302,3.5236596324057814e-303,3.5236596324057814e-303
R1543,443024.613600001,3921928.4415,0.0,0.0,0.0,0.0
R1544,443074.613600002,3921928.4415,0.0,0.0,0.0,0.0
R1545,443124.613600002,3921928.4415,0.0,0.0,0.0,0.0
R1546,443174.613599999,3921928.4415,0.0,0.0,0.0,0.0
R1547,443224.6136,3921928.4415,0.0,0.0,0.0,0.0
R1548,443274.6136,3921928.4415,0.0,0.0,0.0,0.0
R1549,443324.6136,3921928.4415,0.0,0.0,0.0,0.0
R1550,443374.6136,3921928.4415,0.0,0.0,0.0,0.0
R1551,443424.6136,3921928.4415,0.0,0.0,0.0,0.0
R1552,443474.613600001,3921928.4415,0.0,0.0,0.0,0.0
R1553,443524.613600001,3921928.4415,0.0,0.0,0.0,0.0
R1554,443574.613600001,3921928.4415,0.0,0.0,0.0,0.0
R1555,443624.613600001,3921928.4415,0.0,0.0,0.0,0.0
R1556,443674.613600001,3921928.4415,0.0,0.0,0.0,0.0
R1557,443724.613600002,3921928.4415,0.0,0.0,0.0,0.0
R1558,443774.613600002,3921928.4415,0.0,0.0,0.0,0.0
R1559,443824.613599999,3921928.4415,0.0,0.0,0.0,0.0
R1560,443874.6136,3921928.4415,0.0,0.0,0.0,0.0
R1561,443924.6136,3921928.4415,0.0,0.0,0.0,0.0
R1562,443974.6136,3921928.4415,0.0,0.0,0.0,0.0
R1563,444024.6136,3921928.4415,0.0,0.0,0.0,0.0
R1564,442874.613600001,3921978.4415,7.101112433001311e-180,6.347536351906307e-180,3.144339664836749e-181,3.144339664836749e-181
R1565,442924.613600001,3921978.4415,5.170793835234407e-214,4.622064802808815e-214,2.2896035386316326e-215,2.2896035386316326e-215
R1566,442974.613600001,3921978.4415,5.08799323591913e-255,4.548051073400617e-255,2.252939817115363e-256,2.252939817115363e-256
R1567,443024.613600001,3921978.4415,1.6047743537710312e-304,1.4344743367009893e-304,7.105866441754933e-306,7.105866441754933e-306
R1568,443074.613600002,3921978.4415,0.0,0.0,0.0,0.0
R1569,443124.613600002,3921978.4415,0.0,0.0,0.0,0.0
R1570,443174.613599999,3921978.4415,0.0,0.0,0.0,0.0
R1571,443224.6136,3921978.4415,0.0,0.0,0.0,0.0
R1572,443274.6136,3921978.4415,0.0,0.0,0.0,0.0
R1573,443324.6136,3921978.4415,0.0,0.0,0.0,0.0
R1574,443374.6136,3921978.4415,0.0,0.0,0.0,0.0
R1575,443424.6136,3921978.4415,0.0,0.0,0.0,0.0
R1576,443474.613600001,3921978.4415,0.0,0.0,0.0,0.0
R1577,443524.613600001,3921978.4415,0.0,0.0,0.0,0.0
R1578,443574.613600001,3921978.4415,0.0,0.0,0.0,0.0
R1579,443624.613600001,3921978.4415,0.0,0.0,0.0,0.0
R1580,443674.613600001,3921978.4415,0.0,0.0,0.0,0.0
R1581,443724.613600002,3921978.4415,0.0,0.0,0.0,0.0
R1582,443774.613600002,3921978.4415,0.0,0.0,0.0,0.0
R1583,443824.613599999,3921978.4415,0.0,0.0,0.0,0.0
R1584,443874.6136,3921978.4415,0.0,0.0,0.0,0.0
R1585,443924.6136,3921978.4415,0.0,0.0,0.0,0.0
R1586,443974.6136,3921978.4415,0.0,0.0,0.0,0.0
R1587,444024.6136,3921978.4415,0.0,0.0,0.0,0.0
R1588,442974.613600001,3922028.4415,1.0816862808704027e-210,9.668968142617143e-211,4.789656705115746e-212,4.789656705115746e-212
R1589,443024.613600001,3922028.4415,3.424542732855784e-254,3.0611273501933924e-254,1.5163716460543038e-255,1.5163716460543038e-255
R1590,443074.613600002,3922028.4415,2.176557417031918e-307,1.94557929576062e-307,9.6376953325625e-309,9.6376953325625e-309
R1591,443124.613600002,3922028.4415,0.0,0.0,0.0,0.0
R1592,443174.613599999,3922028.4415,0.0,0.0,0.0,0.0
R1593,443224.6136,3922028.4415,0.0,0.0,0.0,0.0
R1594,443274.6136,3922028.4415,0.0,0.0,0.0,0.0
R1595,443324.6136,3922028.4415,0.0,0.0,0.0,0.0
R1596,443374.6136,3922028.4415,0.0,0.0,0.0,0.0
R1597,443424.6136,3922028.4415,0.0,0.0,0.0,0.0
R1598,443474.613600001,3922028.4415,0.0,0.0,0.0,0.0
R1599,443524.613600001,3922028.4415,0.0,0.0,0.0,0.0
R1600,443574.613600001,3922028.4415,0.0,0.0,0.0,0.0
R1601,443624.613600001,3922028.4415,0.0,0.0,0.0,0.0
R1602,443674.613600001,3922028.4415,0.0,0.0,0.0,0.0
R1603,443724.613600002,3922028.4415,0.0,0.0,0.0,0.0
R1604,443774.613600002,3922028.4415,0.0,0.0,0.0,0.0
R1605,443824.613599999,3922028.4415,0.0,0.0,0.0,0.0
R1606,443874.6136,3922028.4415,0.0,0.0,0.0,0.0
R1607,443924.6136,3922028.4415,0.0,0.0,0.0,0.0
R1608,443974.6136,3922028.4415,0.0,0.0,0.0,0.0
R1609,444024.6136,3922028.4415,0.0,0.0,0.0,0.0
R1610,443024.613600001,3922078.4415,9.6379328634492e-207,8.615147244207131e-207,4.267631990832802e-208,4.267631990832802e-208
R1611,443074.613600002,3922078.4415,5.176478331490539e-253,4.627146055495421e-253,2.2921206072207325e-254,2.2921206072207325e-254
R1612,443124.613600002,3922078.4415,1.8963955377375e-310,1.6951484699089e-310,8.39714959803e-312,8.39714959803e-312
R1613,443174.613599999,3922078.4415,0.0,0.0,0.0,0.0
R1614,443224.6136,3922078.4415,0.0,0.0,0.0,0.0
R1615,443274.6136,3922078.4415,0.0,0.0,0.0,0.0
R1616,443324.6136,3922078.4415,0.0,0.0,0.0,0.0
R1617,443374.6136,3922078.4415,0.0,0.0,0.0,0.0
R1618,443424.6136,3922078.4415,0.0,0.0,0.0,0.0
R1619,443474.613600001,3922078.4415,0.0,0.0,0.0,0.0
R1620,443524.613600001,3922078.4415,0.0,0.0,0.0,0.0
R1621,443574.613600001,3922078.4415,0.0,0.0,0.0,0.0
R1622,443624.613600001,3922078.4415,0.0,0.0,0.0,0.0
R1623,443674.613600001,3922078.4415,0.0,0.0,0.0,0.0
R1624,443724.613600002,3922078.4415,0.0,0.0,0.0,0.0
R1625,443774.613600002,3922078.4415,0.0,0.0,0.0,0.0
R1626,443824.613599999,3922078.4415,0.0,0.0,0.0,0.0
R1627,443874.6136,3922078.4415,0.0,0.0,0.0,0.0
R1628,443924.6136,3922078.4415,0.0,0.0,0.0,0.0
R1629,443974.6136,3922078.4415,0.0,0.0,0.0,0.0
R1630,444024.6136,3922078.4415,0.0,0.0,0.0,0.0
R1631,443024.613600001,3922128.4415,1.1776477729246955e-162,1.052674791296271e-162,5.214569743192655e-164,5.214569743192655e-164
R1632,443074.613600002,3922128.4415,5.088071327408709e-202,4.548120877755013e-202,2.2529743956649198e-203,2.2529743956649198e-203
R1633,443124.613600002,3922128.4415,2.220138278085561e-251,1.984535318848707e-251,9.830669370568325e-253,9.830669370568325e-253
R1634,443174.613599999,3922128.4415,1.0069551928e-313,9.0003938703e-314,4.456472125e-315,4.456472125e-315
R1635,443224.6136,3922128.4415,0.0,0.0,0.0,0.0
R1636,443274.6136,3922128.4415,0.0,0.0,0.0,0.0
R1637,443324.6136,3922128.4415,0.0,0.0,0.0,0.0
R1638,443374.6136,3922128.4415,0.0,0.0,0.0,0.0
R1639,443424.6136,3922128.4415,0.0,0.0,0.0,0.0
R1640,443474.613600001,3922128.4415,0.0,0.0,0.0,0.0
R1641,443524.613600001,3922128.4415,0.0,0.0,0.0,0.0
R1642,443574.613600001,3922128.4415,0.0,0.0,0.0,0.0
R1643,443624.613600001,3922128.4415,0.0,0.0,0.0,0.0
R1644,443674.613600001,3922128.4415,0.0,0.0,0.0,0.0
R1645,443724.613600002,3922128.4415,0.0,0.0,0.0,0.0
R1646,443774.613600002,3922128.4415,0.0,0.0,0.0,0.0
R1647,443824.613599999,3922128.4415,0.0,0.0,0.0,0.0
R1648,443874.6136,3922128.4415,0.0,0.0,0.0,0.0
R1649,443924.6136,3922128.4415,0.0,0.0,0.0,0.0
R1650,443974.6136,3922128.4415,0.0,0.0,0.0,0.0
R1651,444024.6136,3922128.4415,0.0,0.0,0.0,0.0
R1652,444074.6136,3922128.4415,0.0,0.0,0.0,0.0
R1653,443024.613600001,3922178.4415,1.7765683381557128e-122,1.5880373975888405e-122,7.866562240298334e-124,7.866562240298334e-124
R1654,443074.613600002,3922178.4415,5.097257801665836e-155,4.556332475563543e-155,2.2570421238778178e-156,2.2570421238778178e-156
R1655,443124.613600002,3922178.4415,2.441595254446918e-196,2.1824910928347894e-196,1.0811270595232387e-197,1.0811270595232387e-197
R1656,443174.613599999,3922178.4415,3.7150410693114276e-249,3.320797756516075e-249,1.6450029626972523e-250,1.6450029626972523e-250
R1657,443224.6136,3922178.4415,2.964394e-317,2.470328e-317,0.0,0.0
R1658,443274.6136,3922178.4415,0.0,0.0,0.0,0.0
R1659,443324.6136,3922178.4415,0.0,0.0,0.0,0.0
R1660,443374.6136,3922178.4415,0.0,0.0,0.0,0.0
R1661,443424.6136,3922178.4415,0.0,0.0,0.0,0.0
R1662,443474.613600001,3922178.4415,0.0,0.0,0.0,0.0
R1663,443524.613600001,3922178.4415,0.0,0.0,0.0,0.0
R1664,443574.613600001,3922178.4415,0.0,0.0,0.0,0.0
R1665,443624.613600001,3922178.4415,0.0,0.0,0.0,0.0
R1666,443674.613600001,3922178.4415,0.0,0.0,0.0,0.0
R1667,443724.613600002,3922178.4415,0.0,0.0,0.0,0.0
R1668,443774.613600002,3922178.4415,0.0,0.0,0.0,0.0
R1669,443824.613599999,3922178.4415,0.0,0.0,0.0,0.0
R1670,443874.6136,3922178.4415,0.0,0.0,0.0,0.0
R1671,443924.6136,3922178.4415,0.0,0.0,0.0,0.0
R1672,443974.6136,3922178.4415,0.0,0.0,0.0,0.0
R1673,444024.6136,3922178.4415,0.0,0.0,0.0,0.0
R1674,444074.6136,3922178.4415,0.0,0.0,0.0,0.0
R1675,442974.613600001,3922228.4415,1.060571350403101e-66,9.480226181443704e-67,4.696160771877635e-68,4.696160771877635e-68
R1676,443024.613600001,3922228.4415,7.962741865596077e-87,7.117728937486318e-87,3.5258651831073146e-88,3.5258651831073146e-88
R1677,443074.613600002,3922228.4415,1.0523399312478398e-112,9.406647241797043e-113,4.659712429473019e-114,4.659712429473019e-114
R1678,443124.613600002,3922228.4415,4.185506006779628e-146,3.7413365553384114e-146,1.853322655950014e-147,1.853322655950014e-147
R1679,443174.613599999,3922228.4415,1.8685991799573573e-189,1.6703018483131583e-189,8.274070541280015e-191,8.274070541280015e-191
R1680,443224.6136,3922228.4415,3.775567518580711e-246,3.3749010875946125e-246,1.6718037938352972e-247,1.6718037938352972e-247
R1681,443274.6136,3922228.4415,0.0,0.0,0.0,0.0
R1682,443324.6136,3922228.4415,0.0,0.0,0.0,0.0
R1683,443374.6136,3922228.4415,0.0,0.0,0.0,0.0
R1684,443424.6136,3922228.4415,0.0,0.0,0.0,0.0
R1685,443474.613600001,3922228.4415,0.0,0.0,0.0,0.0
R1686,443524.613600001,3922228.4415,0.0,0.0,0.0,0.0
R1687,443574.613600001,3922228.4415,0.0,0.0,0.0,0.0
R1688,443624.613600001,3922228.4415,0.0,0.0,0.0,0.0
R1689,443674.613600001,3922228.4415,0.0,0.0,0.0,0.0
R1690,443724.613600002,3922228.4415,0.0,0.0,0.0,0.0
R1691,443774.613600002,3922228.4415,0.0,0.0,0.0,0.0
R1692,443824.613599999,3922228.4415,0.0,0.0,0.0,0.0
R1693,443874.6136,3922228.4415,0.0,0.0,0.0,0.0
R1694,443924.6136,3922228.4415,0.0,0.0,0.0,0.0
R1695,443974.6136,3922228.4415,0.0,0.0,0.0,0.0
R1696,444024.6136,3922228.4415,0.0,0.0,0.0,0.0
R1697,444074.6136,3922228.4415,0.0,0.0,0.0,0.0
R1698,442974.613600001,3922278.4415,1.1752073412450426e-41,1.0504933401769497e-41,5.20376362175917e-43,5.20376362175917e-43
R1699,443024.613600001,3922278.4415,2.1086106263049543e-56,1.8848430761738815e-56,9.33683009882239e-58,9.33683009882239e-58
R1700,443074.613600002,3922278.4415,7.202328676122309e-76,6.43801144136244e-76,3.189157748055921e-77,3.189157748055921e-77
R1701,443124.613600002,3922278.4415,1.4083478924348556e-101,1.2588928182316568e-101,6.236099177210898e-103,6.236099177210898e-103
R1702,443174.613599999,3922278.4415,1.2172362720848324e-135,1.0880621253101013e-135,5.389865782165471e-137,5.389865782165471e-137
R1703,443224.6136,3922278.4415,4.822340689392062e-181,4.310589800682202e-181,2.135310101068618e-182,2.135310101068618e-182
R1704,443274.6136,3922278.4415,4.37161408926521e-242,3.907694690082312e-242,1.9357304520844e-243,1.9357304520844e-243
R1705,443324.6136,3922278.4415,0.0,0.0,0.0,0.0
R1706,443374.6136,3922278.4415,0.0,0.0,0.0,0.0
R1707,443424.6136,3922278.4415,0.0,0.0,0.0,0.0
R1708,443474.613600001,3922278.4415,0.0,0.0,0.0,0.0
R1709,443524.613600001,3922278.4415,0.0,0.0,0.0,0.0
R1710,443574.613600001,3922278.4415,0.0,0.0,0.0,0.0
R1711,443624.613600001,3922278.4415,0.0,0.0,0.0,0.0
R1712,443674.613600001,3922278.4415,0.0,0.0,0.0,0.0
R1713,443724.613600002,3922278.4415,0.0,0.0,0.0,0.0
R1714,443774.613600002,3922278.4415,0.0,0.0,0.0,0.0
R1715,443824.613599999,3922278.4415,0.0,0.0,0.0,0.0
R1716,443874.6136,3922278.4415,0.0,0.0,0.0,0.0
R1717,443924.6136,3922278.4415,0.0,0.0,0.0,0.0
R1718,443974.6136,3922278.4415,0.0,0.0,0.0,0.0
R1719,444024.6136,3922278.4415,0.0,0.0,0.0,0.0
R1720,444074.6136,3922278.4415,0.0,0.0,0.0,0.0
R1721,442974.613600001,3922328.4415,2.7856053325191146e-22,2.4899944702982816e-22,1.2334529773023416e-23,1.2334529773023416e-23
R1722,443024.613600001,3922328.4415,5.273805677288969e-32,4.7141449382296406e-32,2.3352166984185355e-33,2.3352166984185355e-33
R1723,443074.613600002,3922328.4415,2.0190651903558463e-45,1.804800277918417e-45,8.940327059626475e-47,8.940327059626475e-47
R1724,443124.613600002,3922328.4415,8.494169096328002e-64,7.59276065924684e-64,3.7611786971982553e-65,3.7611786971982553e-65
R1725,443174.613599999,3922328.4415,6.576523794250864e-89,5.878617504939376e-89,2.9120542475716982e-90,2.9120542475716982e-90
R1726,443224.6136,3922328.4415,2.7031695893200013e-123,2.4163069371828353e-123,1.196950962356038e-124,1.196950962356038e-124
R1727,443274.6136,3922328.4415,1.15299899907013e-170,1.0306417662529473e-170,5.105426115272734e-172,5.105426115272734e-172
R1728,443324.6136,3922328.4415,1.4444697416249283e-236,1.2911813861138523e-236,6.396045050828889e-238,6.396045050828889e-238
R1729,443374.6136,3922328.4415,0.0,0.0,0.0,0.0
R1730,443424.6136,3922328.4415,0.0,0.0,0.0,0.0
R1731,443474.613600001,3922328.4415,0.0,0.0,0.0,0.0
R1732,443524.613600001,3922328.4415,0.0,0.0,0.0,0.0
R1733,443574.613600001,3922328.4415,0.0,0.0,0.0,0.0
R1734,443624.613600001,3922328.4415,0.0,0.0,0.0,0.0
R1735,443674.613600001,3922328.4415,0.0,0.0,0.0,0.0
R1736,443724.613600002,3922328.4415,0.0,0.0,0.0,0.0
R1737,443774.613600002,3922328.4415,0.0,0.0,0.0,0.0
R1738,443824.613599999,3922328.4415,0.0,0.0,0.0,0.0
R1739,443874.6136,3922328.4415,0.0,0.0,0.0,0.0
R1740,443924.6136,3922328.4415,0.0,0.0,0.0,0.0
R1741,443974.6136,3922328.4415,0.0,0.0,0.0,0.0
R1742,444024.6136,3922328.4415,0.0,0.0,0.0,0.0
R1743,444074.6136,3922328.4415,0.0,0.0,0.0,0.0
R1744,444124.613600001,3922328.4415,0.0,0.0,0.0,0.0
R1745,442974.613600001,3922378.4415,2.3253760058769094e-09,2.0785990768435175e-09,1.0296503339599668e-10,1.0296503339599668e-10
R1746,443024.613600001,3922378.4415,1.5537093500072845e-14,1.388828138888371e-14,6.879746476995033e-16,6.879746476995033e-16
R1747,443074.613600002,3922378.4415,2.111572173828876e-22,1.8874903338332435e-22,9.349943492533697e-24,9.349943492533697e-24
R1748,443124.613600002,3922378.4415,5.762970169155651e-34,5.151398881227186e-34,2.5518164736851716e-35,2.5518164736851716e-35
R1749,443174.613599999,3922378.4415,1.185137542084369e-50,1.0593697397929809e-50,5.247734093808317e-52,5.247734093808317e-52
R1750,443224.6136,3922378.4415,1.5700995068768792e-74,1.403479214002373e-74,6.952327827214786e-76,6.952327827214786e-76
R1751,443274.6136,3922378.4415,1.150248980219804e-108,1.0281835817381173e-108,5.093249159293353e-110,5.093249159293353e-110
R1752,443324.6136,3922378.4415,1.0152201576982025e-157,9.0748413251834e-158,4.4953477930542835e-159,4.4953477930542835e-159
R1753,443374.6136,3922378.4415,5.425692367885763e-229,4.849913286735469e-229,2.402471427189425e-230,2.402471427189425e-230
R1754,443424.6136,3922378.4415,0.0,0.0,0.0,0.0
R1755,443474.613600001,3922378.4415,0.0,0.0,0.0,0.0
R1756,443524.613600001,3922378.4415,0.0,0.0,0.0,0.0
R1757,443574.613600001,3922378.4415,0.0,0.0,0.0,0.0
R1758,443624.613600001,3922378.4415,0.0,0.0,0.0,0.0
R1759,443674.613600001,3922378.4415,0.0,0.0,0.0,0.0
R1760,443724.613600002,3922378.4415,0.0,0.0,0.0,0.0
R1761,443774.613600002,3922378.4415,0.0,0.0,0.0,0.0
R1762,443824.613599999,3922378.4415,0.0,0.0,0.0,0.0
R1763,443874.6136,3922378.4415,0.0,0.0,0.0,0.0
R1764,443924.6136,3922378.4415,0.0,0.0,0.0,0.0
R1765,443974.6136,3922378.4415,0.0,0.0,0.0,0.0
R1766,444024.6136,3922378.4415,0.0,0.0,0.0,0.0
R1767,444074.6136,3922378.4415,0.0,0.0,0.0,0.0
R1768,444124.613600001,3922378.4415,0.0,0.0,0.0,0.0
R1769,442974.613600001,3922428.4415,0.0015674703415053247,0.0014009516898522807,6.936178786386359e-05,6.936178786386359e-05
R1770,443024.613600001,3922428.4415,5.709937913583364e-05,5.10384546130327e-05,2.527955422317298e-06,2.527955422317298e-06
R1771,443074.613600002,3922428.4415,5.34738089857171e-08,4.779900359162647e-08,2.3677651354815547e-09,2.3677651354815547e-09
R1772,443124.613600002,3922428.4415,1.781372170488429e-13,1.5923313341412065e-13,7.887830616931447e-15,7.887830616931447e-15
R1773,443174.613599999,3922428.4415,1.6519123359057227e-22,1.4766099955750027e-22,7.314591226840212e-24,7.314591226840212e-24
R1774,443224.6136,3922428.4415,1.1097508620207156e-36,9.919831582299214e-37,4.913925369380472e-38,4.913925369380472e-38
R1775,443274.6136,3922428.4415,2.213918682268674e-58,1.978975751821098e-58,9.803129288629322e-60,9.803129288629322e-60
R1776,443324.6136,3922428.4415,2.607084189473794e-91,2.3304182015564545e-91,1.1544047927525194e-92,1.1544047927525194e-92
R1777,443374.6136,3922428.4415,2.1875688925950803e-141,1.95542222420183e-141,9.686453641521213e-143,9.686453641521213e-143
R1778,443424.6136,3922428.4415,2.0029844764936267e-218,1.7904260630715984e-218,8.869122404289663e-220,8.869122404289663e-220
R1779,443474.613600001,3922428.4415,0.0,0.0,0.0,0.0
R1780,443524.613600001,3922428.4415,0.0,0.0,0.0,0.0
R1781,443574.613600001,3922428.4415,0.0,0.0,0.0,0.0
R1782,443624.613600001,3922428.4415,0.0,0.0,0.0,0.0
R1783,443674.613600001,3922428.4415,0.0,0.0,0.0,0.0
R1784,443724.613600002,3922428.4415,0.0,0.0,0.0,0.0
R1785,443774.613600002,3922428.4415,0.0,0.0,0.0,0.0
R1786,443824.613599999,3922428.4415,0.0,0.0,0.0,0.0
R1787,443874.6136,3922428.4415,0.0,0.0,0.0,0.0
R1788,443924.6136,3922428.4415,0.0,0.0,0.0,0.0
R1789,443974.6136,3922428.4415,0.0,0.0,0.0,0.0
R1790,444024.6136,3922428.4415,0.0,0.0,0.0,0.0
R1791,444074.6136,3922428.4415,0.0,0.0,0.0,0.0
R1792,444124.613600001,3922428.4415,0.0,0.0,0.0,0.0
R1793,442974.613600001,3922478.4415,0.0071102221070703546,0.006353935074997491,0.00031439410198736355,0.00031439410198736355
R1794,443024.613600001,3922478.4415,0.007441646719366124,0.0066501251008386185,0.00032905328736271863,0.00032905328736271863
R1795,443074.613600002,3922478.4415,0.0054731826944999585,0.004891337830086813,0.00024208925095563894,0.00024208925095563894
R1796,443124.613600002,3922478.4415,0.0007720532918675088,0.0006900843649878788,3.4176511511410566e-05,3.4176511511410566e-05
R1797,443174.613599999,3922478.4415,2.1819867046928544e-06,1.9504271949293867e-06,9.661603122843706e-08,9.661603122843706e-08
R1798,443224.6136,3922478.4415,4.841690934535589e-12,4.3278864900918885e-12,2.1438780679317873e-13,2.1438780679317873e-13
R1799,443274.6136,3922478.4415,1.403092025020837e-22,1.2541947079155664e-22,6.212826439582655e-24,6.212826439582655e-24
R1800,443324.6136,3922478.4415,1.0547960202561798e-40,9.42860170936962e-41,4.670587877738563e-42,4.670587877738563e-42
R1801,443374.6136,3922478.4415,7.666252881463924e-71,6.8527036161053484e-71,3.394581235445648e-72,3.394581235445648e-72
R1802,443424.6136,3922478.4415,1.4974604457942932e-120,1.3385486717612352e-120,6.630685432261269e-122,6.630685432261269e-122
R1803,443474.613600001,3922478.4415,2.430331353915339e-203,2.1724225269920382e-203,1.0761394565868846e-204,1.0761394565868846e-204
R1804,443524.613600001,3922478.4415,0.0,0.0,0.0,0.0
R1805,443574.613600001,3922478.4415,0.0,0.0,0.0,0.0
R1806,443624.613600001,3922478.4415,0.0,0.0,0.0,0.0
R1807,443674.613600001,3922478.4415,0.0,0.0,0.0,0.0
R1808,443724.613600002,3922478.4415,0.0,0.0,0.0,0.0
R1809,443774.613600002,3922478.4415,0.0,0.0,0.0,0.0
R1810,443824.613599999,3922478.4415,0.0,0.0,0.0,0.0
R1811,443874.6136,3922478.4415,0.0,0.0,0.0,0.0
R1812,443924.6136,3922478.4415,0.0,0.0,0.0,0.0
R1813,443974.6136,3922478.4415,0.0,0.0,0.0,0.0
R1814,444024.6136,3922478.4415,0.0,0.0,0.0,0.0
R1815,444074.6136,3922478.4415,0.0,0.0,0.0,0.0
R1816,444124.613600001,3922478.4415,0.0,0.0,0.0,0.0
R1817,444174.613600001,3922478.4415,0.0,0.0,0.0,0.0
R1818,442974.613600001,3922528.4415,0.0026886180941941306,0.0024026453196383385,0.0001188844841862919,0.0001188844841862919
R1819,443024.613600001,3922528.4415,0.0069214555723785395,0.006185257127127613,0.0003060499704960717,0.0003060499704960717
R1820,443074.613600002,3922528.4415,0.008006033735047728,0.007154465648313709,0.00035400514221058224,0.00035400514221058224
R1821,443124.613600002,3922528.4415,0.008601465866104933,0.007686555041544257,0.0003803312193259795,0.0003803312193259795
R1822,443174.613599999,3922528.4415,0.009158602319423255,0.008184449061175722,0.00040497081473807176,0.00040497081473807176
R1823,443224.6136,3922528.4415,0.005379763553211871,0.00480812641776323,0.00023802740763804631,0.00023802740763804631
R1824,443274.6136,3922528.4415,0.00013378853209943054,0.00011959017983608191,5.923941800394503e-06,5.923941800394503e-06
R1825,443324.6136,3922528.4415,4.737761193795089e-10,4.2349859292561257e-10,2.0978586322489806e-11,2.0978586322489806e-11
R1826,443374.6136,3922528.4415,1.4582996686355648e-22,1.3035436695267735e-22,6.457283326480056e-24,6.457283326480056e-24
R1827,443424.6136,3922528.4415,2.7344697178951444e-47,2.4442854695359825e-47,1.2108105141828658e-48,1.2108105141828658e-48
R1828,443474.613600001,3922528.4415,8.124242962536606e-94,7.262091400885523e-94,3.5973771201194484e-95,3.5973771201194484e-95
R1829,443524.613600001,3922528.4415,3.8306470817640636e-181,3.4241355607637255e-181,1.6961927690660555e-182,1.6961927690660555e-182
R1830,443574.613600001,3922528.4415,0.0,0.0,0.0,0.0
R1831,443624.613600001,3922528.4415,0.0,0.0,0.0,0.0
R1832,443674.613600001,3922528.4415,0.0,0.0,0.0,0.0
R1833,443724.613600002,3922528.4415,0.0,0.0,0.0,0.0
R1834,443774.613600002,3922528.4415,0.0,0.0,0.0,0.0
R1835,443824.613599999,3922528.4415,0.0,0.0,0.0,0.0
R1836,443874.6136,3922528.4415,0.0,0.0,0.0,0.0
R1837,443924.6136,3922528.4415,0.0,0.0,0.0,0.0
R1838,443974.6136,3922528.4415,0.0,0.0,0.0,0.0
R1839,444024.6136,3922528.4415,0.0,0.0,0.0,0.0
R1840,444074.6136,3922528.4415,0.0,0.0,0.0,0.0
R1841,444124.613600001,3922528.4415,0.0,0.0,0.0,0.0
R1842,444174.613600001,3922528.4415,0.0,0.0,0.0,0.0
R1843,442924.613600001,3922578.4415,1.4591293388871868e-12,1.303913325778828e-12,6.451504721622524e-14,6.451504721622524e-14
R1844,442974.613600001,3922578.4415,2.4032756028494894e-09,2.1476298278810274e-09,1.0626139422446257e-10,1.0626139422446257e-10
R1845,443024.613600001,3922578.4415,1.6266166109086454e-06,1.4535920016726835e-06,7.192248695481417e-08,7.192248695481417e-08
R1846,443074.613600002,3922578.4415,0.0002539572393238429,0.00022694459573475764,1.122923015958717e-05,1.122923015958717e-05
R1847,443124.613600002,3922578.4415,0.004527510648361472,0.004045945862285581,0.00020019616004111304,0.00020019616004111304
R1848,443174.613599999,3922578.4415,0.009091969794553146,0.008124900757485298,0.00040202369170848915,0.00040202369170848915
R1849,443224.6136,3922578.4415,0.009980089250166326,0.008918542451947245,0.00044129082097374157,0.00044129082097374157
R1850,443274.6136,3922578.4415,0.010940048713921475,0.009776378490849754,0.00048373341691054,0.00048373341691054
R1851,443324.6136,3922578.4415,0.011971738515416925,0.010698341292234502,0.0005293543612507686,0.0005293543612507686
R1852,443374.6136,3922578.4415,0.004424192073916867,0.003954549921255744,0.00019586480147956866,0.00019586480147956866
R1853,443424.6136,3922578.4415,2.949701439174193e-07,2.6366766130179214e-07,1.3061141104193035e-08,1.3061141104193035e-08
R1854,443474.613600001,3922578.4415,2.5538762326461925e-22,2.282856718287401e-22,1.1308445561393896e-23,1.1308445561393896e-23
R1855,443524.613600001,3922578.4415,5.330980564700149e-60,4.7652523805257085e-60,2.3605334798192735e-61,2.3605334798192735e-61
R1856,443574.613600001,3922578.4415,3.141440958141041e-147,2.808068576199088e-147,1.3910154926600373e-148,1.3910154926600373e-148
R1857,443624.613600001,3922578.4415,0.0,0.0,0.0,0.0
R1858,443674.613600001,3922578.4415,0.0,0.0,0.0,0.0
R1859,443724.613600002,3922578.4415,0.0,0.0,0.0,0.0
R1860,443774.613600002,3922578.4415,0.0,0.0,0.0,0.0
R1861,443824.613599999,3922578.4415,0.0,0.0,0.0,0.0
R1862,443874.6136,3922578.4415,0.0,0.0,0.0,0.0
R1863,443924.6136,3922578.4415,0.0,0.0,0.0,0.0
R1864,443974.6136,3922578.4415,0.0,0.0,0.0,0.0
R1865,444024.6136,3922578.4415,0.0,0.0,0.0,0.0
R1866,444074.6136,3922578.4415,0.0,0.0,0.0,0.0
R1867,444124.613600001,3922578.4415,0.0,0.0,0.0,0.0
R1868,444174.613600001,3922578.4415,0.0,0.0,0.0,0.0
R1869,444224.613600001,3922578.4415,0.0,0.0,0.0,0.0
R1870,442924.613600001,3922628.4415,1.0344342508542016e-29,9.243869609615067e-30,4.573508608786942e-31,4.573508608786942e-31
R1871,442974.613600001,3922628.4415,3.822677645752991e-25,3.4160022532188894e-25,1.6900983904342253e-26,1.6900983904342253e-26
R1872,443024.613600001,3922628.4415,1.7780688073603448e-20,1.588908421567824e-20,7.861257320413477e-22,7.861257320413477e-22
R1873,443074.613600002,3922628.4415,8.165447002662062e-16,7.296768506613411e-16,3.610147573803251e-17,3.610147573803251e-17
R1874,443124.613600002,3922628.4415,2.4673961012918043e-11,2.2049083616245037e-11,1.0909110528779444e-12,1.0909110528779444e-12
R1875,443174.613599999,3922628.4415,2.5127203180072895e-07,2.2454226716021405e-07,1.1109802474147631e-08,1.1109802474147631e-08
R1876,443224.6136,3922628.4415,0.000289947102104396,0.00025910548725079893,1.2820380564489558e-05,1.2820380564489558e-05
R1877,443274.6136,3922628.4415,0.008316050073449129,0.007431523022058699,0.0003677173340102389,0.0003677173340102389
R1878,443324.6136,3922628.4415,0.011920359999241492,0.01065244074363347,0.0005270858588616706,0.0005270858588616706
R1879,443374.6136,3922628.4415,0.013350465637164136,0.011930413484100424,0.000590316536764679,0.000590316536764679
R1880,443424.6136,3922628.4415,0.0152031675981622,0.013586036936273605,0.0006722343423403955,0.0006722343423403955
R1881,443474.613600001,3922628.4415,0.017782096359437137,0.015890633096510672,0.0007862617951846258,0.0007862617951846258
R1882,443524.613600001,3922628.4415,0.0010790802102971506,0.0009645672970580792,4.778117017041747e-05,4.778117017041747e-05
R1883,443574.613600001,3922628.4415,2.1849462295804348e-21,1.9530778804132576e-21,9.674840611278058e-23,9.674840611278058e-23
R1884,443624.613600001,3922628.4415,1.0352075259178516e-93,9.253504242508225e-94,4.583850932923845e-95,4.583850932923845e-95
R1885,443674.613600001,3922628.4415,0.0,0.0,0.0,0.0
R1886,443724.613600002,3922628.4415,0.0,0.0,0.0,0.0
R1887,443774.613600002,3922628.4415,0.0,0.0,0.0,0.0
R1888,443824.613599999,3922628.4415,0.0,0.0,0.0,0.0
R1889,443874.6136,3922628.4415,0.0,0.0,0.0,0.0
R1890,443924.6136,3922628.4415,0.0,0.0,0.0,0.0
R1891,443974.6136,3922628.4415,0.0,0.0,0.0,0.0
R1892,444024.6136,3922628.4415,0.0,0.0,0.0,0.0
R1893,444074.6136,3922628.4415,0.0,0.0,0.0,0.0
R1894,444124.613600001,3922628.4415,0.0,0.0,0.0,0.0
R1895,444174.613600001,3922628.4415,0.0,0.0,0.0,0.0
R1896,444224.613600001,3922628.4415,0.0,0.0,0.0,0.0
R1897,442924.613600001,3922678.4415,4.832734676494014e-57,4.318602450818094e-57,2.136664090024848e-58,2.136664090024848e-58
R1898,442974.613600001,3922678.4415,3.1534437905934826e-52,2.8179546802171177e-52,1.3941881440440712e-53,1.3941881440440712e-53
R1899,443024.613600001,3922678.4415,5.298693083755097e-47,4.734959234195961e-47,2.3425976791648596e-48,2.3425976791648596e-48
R1900,443074.613600002,3922678.4415,2.378034778540212e-41,2.1250259252099987e-41,1.0513315672175964e-42,1.0513315672175964e-42
R1901,443124.613600002,3922678.4415,2.8285588630555467e-35,2.5276089090597637e-35,1.25048839044734e-36,1.25048839044734e-36
R1902,443174.613599999,3922678.4415,8.118824623084836e-29,7.254987861511124e-29,3.589234361726991e-30,3.589234361726991e-30
R1903,443224.6136,3922678.4415,4.351923577738957e-22,3.888877248188174e-22,1.923920244375904e-23,1.923920244375904e-23
R1904,443274.6136,3922678.4415,2.482027969994919e-15,2.217942446327693e-15,1.0972755282601477e-16,1.0972755282601477e-16
R1905,443324.6136,3922678.4415,4.786130672673314e-09,4.276920212763704e-09,2.115967342945795e-10,2.115967342945795e-10
R1906,443374.6136,3922678.4415,0.0003176547502263921,0.0002838635342736302,1.4044913843312825e-05,1.4044913843312825e-05
R1907,443424.6136,3922678.4415,0.014502382653640058,0.012959824949445274,0.000641256020153019,0.000641256020153019
R1908,443474.613600001,3922678.4415,0.016816629642408914,0.015027800932037521,0.000743556712170156,0.000743556712170156
R1909,443524.613600001,3922678.4415,0.020560735865686425,0.018373164790412896,0.0009089845180127688,0.0009089845180127688
R1910,443574.613600001,3922678.4415,0.028820205532843538,0.025752823503073813,0.0012738691284758246,0.0012738691284758246
R1911,443624.613600001,3922678.4415,0.032854346414365417,0.029358758359389024,0.0014524737142512297,0.0014524737142512297
R1912,443674.613600001,3922678.4415,2.0578470100117133e-17,1.8394665379478075e-17,9.112051159300862e-19,9.112051159300862e-19
R1913,443724.613600002,3922678.4415,9.881313e-318,4.940656e-318,0.0,0.0
R1914,443774.613600002,3922678.4415,0.0,0.0,0.0,0.0
R1915,443824.613599999,3922678.4415,0.0,0.0,0.0,0.0
R1916,443874.6136,3922678.4415,0.0,0.0,0.0,0.0
R1917,443924.6136,3922678.4415,0.0,0.0,0.0,0.0
R1918,443974.6136,3922678.4415,0.0,0.0,0.0,0.0
R1919,444024.6136,3922678.4415,0.0,0.0,0.0,0.0
R1920,444074.6136,3922678.4415,0.0,0.0,0.0,0.0
R1921,444124.613600001,3922678.4415,0.0,0.0,0.0,0.0
R1922,444174.613600001,3922678.4415,0.0,0.0,0.0,0.0
R1923,444224.613600001,3922678.4415,0.0,0.0,0.0,0.0
R1924,442924.613600001,3922728.4415,7.313767919019587e-96,6.535743465261754e-96,3.233722105000462e-97,3.233722105000462e-97
R1925,442974.613600001,3922728.4415,3.820880117677453e-92,3.4144099908661254e-92,1.6893393269856103e-93,1.6893393269856103e-93
R1926,443024.613600001,3922728.4415,6.057596981722758e-88,5.413159489387013e-88,2.6782095942334354e-89,2.6782095942334354e-89
R1927,443074.613600002,3922728.4415,3.494014553426375e-83,3.122288725611639e-83,1.5447497383930399e-84,1.5447497383930399e-84
R1928,443124.613600002,3922728.4415,9.080889511583464e-78,8.114734518773067e-78,4.0146653294362174e-79,4.0146653294362174e-79
R1929,443174.613599999,3922728.4415,1.3640712174337182e-71,1.218933939244365e-71,6.030365256050943e-73,6.030365256050943e-73
R1930,443224.6136,3922728.4415,1.5695148814575512e-64,1.4025080465314577e-64,6.938339888993306e-66,6.938339888993306e-66
R1931,443274.6136,3922728.4415,1.8651422338935142e-56,1.6666649346166698e-56,8.244867691124101e-58,8.244867691124101e-58
R1932,443324.6136,3922728.4415,2.993671734985292e-47,2.675079480717694e-47,1.3232936936328714e-48,1.3232936936328714e-48
R1933,443374.6136,3922728.4415,7.244076052166627e-37,6.473093036945139e-37,3.2019624791457653e-38,3.2019624791457653e-38
R1934,443424.6136,3922728.4415,1.807275713541622e-25,1.6149194126704307e-25,7.988133104944505e-27,7.988133104944505e-27
R1935,443474.613600001,3922728.4415,8.093804777701201e-14,7.232376090155629e-14,3.577527886672843e-15,3.577527886672843e-15
R1936,443524.613600001,3922728.4415,0.00024551921507988254,0.0002193961551802778,1.08541075546738e-05,1.08541075546738e-05
R1937,443574.613600001,3922728.4415,0.03195363718545898,0.028554856437805254,0.001412901582842593,0.001412901582842593
R1938,443624.613600001,3922728.4415,0.0409078566313061,0.036557214718017594,0.0018089756024141268,0.0018089756024141268
R1939,443674.613600001,3922728.4415,0.01981832669878527,0.01771442496080197,0.0008773521528767732,0.0008773521528767732
R1940,443724.613600002,3922728.4415,0.00015449132370885945,0.0001380965732550216,6.840804192218474e-06,6.840804192218474e-06
R1941,443774.613600002,3922728.4415,0.0,0.0,0.0,0.0
R1942,443824.613599999,3922728.4415,0.0,0.0,0.0,0.0
R1943,443874.6136,3922728.4415,0.0,0.0,0.0,0.0
R1944,443924.6136,3922728.4415,0.0,0.0,0.0,0.0
R1945,443974.6136,3922728.4415,0.0,0.0,0.0,0.0
R1946,444024.6136,3922728.4415,0.0,0.0,0.0,0.0
R1947,444074.6136,3922728.4415,0.0,0.0,0.0,0.0
R1948,444124.613600001,3922728.4415,0.0,0.0,0.0,0.0
R1949,444174.613600001,3922728.4415,0.0,0.0,0.0,0.0
R1950,444224.613600001,3922728.4415,0.0,0.0,0.0,0.0
R1951,442924.613600001,3922778.4415,1.1987224280389353e-147,1.0712259507822375e-147,5.300593291319405e-149,5.300593291319405e-149
R1952,442974.613600001,3922778.4415,1.19118851276192e-146,1.0644913442459994e-146,5.267228464107e-148,5.267228464107e-148
R1953,443024.613600001,3922778.4415,2.05343571162601e-145,1.8350240125679494e-145,9.079828619880635e-147,9.079828619880635e-147
R1954,443074.613600002,3922778.4415,7.000983274709307e-144,6.256312766071927e-144,3.0956315740531157e-145,3.0956315740531157e-145
R1955,443124.613600002,3922778.4415,5.6020550098432584e-142,5.0061660159979655e-142,2.4770211953657357e-143,2.4770211953657357e-143
R1956,443174.613599999,3922778.4415,1.3199310547574713e-139,1.1795251068469121e-139,5.836112536117652e-141,5.836112536117652e-141
R1957,443224.6136,3922778.4415,1.2431227517052762e-136,1.110880847247535e-136,5.496341343968537e-138,5.496341343968537e-138
R1958,443274.6136,3922778.4415,7.120437925961143e-133,6.362927100367044e-133,3.148109581431202e-134,3.148109581431202e-134
R1959,443324.6136,3922778.4415,4.4679425852444107e-128,3.9925794956593136e-128,1.9752809174382775e-129,1.9752809174382775e-129
R1960,443374.6136,3922778.4415,7.14608562863493e-122,6.385699749046768e-122,3.159076709403806e-123,3.159076709403806e-123
R1961,443424.6136,3922778.4415,1.0088113541950715e-113,9.014517236526969e-114,4.459252052318015e-115,4.459252052318015e-115
R1962,443474.613600001,3922778.4415,8.161383856787302e-103,7.292655649820637e-103,3.607126396011361e-104,3.607126396011361e-104
R1963,443524.613600001,3922778.4415,6.593205203414671e-88,5.89120733868037e-88,2.9135418102746086e-89,2.9135418102746086e-89
R1964,443574.613600001,3922778.4415,3.701577914716035e-67,3.307327817897265e-67,1.6353936809754947e-68,1.6353936809754947e-68
R1965,443624.613600001,3922778.4415,1.714871689001497e-38,1.5321671554148737e-38,7.575053220927883e-40,7.575053220927883e-40
R1966,443674.613600001,3922778.4415,5.127846166442532e-06,4.581689859367032e-06,2.265542502177656e-07,2.265542502177656e-07
R1967,443724.613600002,3922778.4415,1.719682397176795e-05,1.5371882400801132e-05,7.614673908250055e-07,7.614673908250055e-07
R1968,443774.613600002,3922778.4415,2.078515641028991e-157,1.8579417962913592e-157,9.203570899255233e-159,9.203570899255233e-159
R1969,443824.613599999,3922778.4415,0.0,0.0,0.0,0.0
R1970,443874.6136,3922778.4415,0.0,0.0,0.0,0.0
R1971,443924.6136,3922778.4415,0.0,0.0,0.0,0.0
R1972,443974.6136,3922778.4415,0.0,0.0,0.0,0.0
R1973,444024.6136,3922778.4415,0.0,0.0,0.0,0.0
R1974,444074.6136,3922778.4415,0.0,0.0,0.0,0.0
R1975,444124.613600001,3922778.4415,0.0,0.0,0.0,0.0
R1976,444174.613600001,3922778.4415,0.0,0.0,0.0,0.0
R1977,444224.613600001,3922778.4415,0.0,0.0,0.0,0.0
R1978,442924.613600001,3922828.4415,4.560155698645867e-214,4.075273301488571e-214,2.0167894903849402e-215,2.0167894903849402e-215
R1979,442974.613600001,3922828.4415,9.538205647194232e-218,8.524028399236192e-218,4.218455032286451e-219,4.218455032286451e-219
R1980,443024.613600001,3922828.4415,7.755101256392683e-222,6.930539472338297e-222,3.4298980468911708e-223,3.4298980468911708e-223
R1981,443074.613600002,3922828.4415,2.0204349050859698e-226,1.8056188630857973e-226,8.936080690259257e-228,8.936080690259257e-228
R1982,443124.613600002,3922828.4415,1.3104165694347131e-231,1.1710963482491383e-231,5.79591517692245e-233,5.79591517692245e-233
R1983,443174.613599999,3922828.4415,1.5108367478174764e-237,1.350216239074357e-237,6.682565255019894e-239,6.682565255019894e-239
R1984,443224.6136,3922828.4415,1.9541531678867672e-244,1.746415648739395e-244,8.643722826821761e-246,8.643722826821761e-246
R1985,443274.6136,3922828.4415,1.4843045921153585e-252,1.3265274140759527e-252,6.565786404703409e-254,6.565786404703409e-254
R1986,443324.6136,3922828.4415,2.5822306068267616e-262,2.3077766372145707e-262,1.1423185639045771e-263,1.1423185639045771e-263
R1987,443374.6136,3922828.4415,2.4693032693344986e-274,2.2068900710772788e-274,1.0924592678020995e-275,1.0924592678020995e-275
R1988,443424.6136,3922828.4415,1.3326260730399448e-289,1.191036160522953e-289,5.896473728318354e-291,5.896473728318354e-291
R1989,443474.613600001,3922828.4415,8.4340698391738e-310,7.5382080242132e-310,3.732454494234e-311,3.732454494234e-311
R1990,443524.613600001,3922828.4415,0.0,0.0,0.0,0.0
R1991,443574.613600001,3922828.4415,0.0,0.0,0.0,0.0
R1992,443624.613600001,3922828.4415,0.0,0.0,0.0,0.0
R1993,443674.613600001,3922828.4415,0.0,0.0,0.0,0.0
R1994,443724.613600002,3922828.4415,0.0,0.0,0.0,0.0
R1995,443774.613600002,3922828.4415,0.0,0.0,0.0,0.0
R1996,443824.613599999,3922828.4415,0.0,0.0,0.0,0.0
R1997,443874.6136,3922828.4415,0.0,0.0,0.0,0.0
R1998,443924.6136,3922828.4415,0.0,0.0,0.0,0.0
R1999,443974.6136,3922828.4415,0.0,0.0,0.0,0.0
R2000,444024.6136,3922828.4415,0.0,0.0,0.0,0.0
R2001,444074.6136,3922828.4415,0.0,0.0,0.0,0.0
R2002,444124.613600001,3922828.4415,0.0,0.0,0.0,0.0
R2003,444174.613600001,3922828.4415,0.0,0.0,0.0,0.0
R2004,444224.613600001,3922828.4415,0.0,0.0,0.0,0.0
R2005,442924.613600001,3922878.4415,5.188047800713755e-297,4.63662347468693e-297,2.2950472139057395e-298,2.2950472139057395e-298
R2006,442974.613600001,3922878.4415,1.023879423789571e-307,9.150627074234767e-308,4.529579967709213e-309,4.529579967709213e-309
R2007,443024.613600001,3922878.4415,0.0,0.0,0.0,0.0
R2008,443074.613600002,3922878.4415,0.0,0.0,0.0,0.0
R2009,443124.613600002,3922878.4415,0.0,0.0,0.0,0.0
R2010,443174.613599999,3922878.4415,0.0,0.0,0.0,0.0
R2011,443224.6136,3922878.4415,0.0,0.0,0.0,0.0
R2012,443274.6136,3922878.4415,0.0,0.0,0.0,0.0
R2013,443324.6136,3922878.4415,0.0,0.0,0.0,0.0
R2014,443374.6136,3922878.4415,0.0,0.0,0.0,0.0
R2015,443424.6136,3922878.4415,0.0,0.0,0.0,0.0
R2016,443474.613600001,3922878.4415,0.0,0.0,0.0,0.0
R2017,443524.613600001,3922878.4415,0.0,0.0,0.0,0.0
R2018,443574.613600001,3922878.4415,0.0,0.0,0.0,0.0
R2019,443624.613600001,3922878.4415,0.0,0.0,0.0,0.0
R2020,443674.613600001,3922878.4415,0.0,0.0,0.0,0.0
R2021,443724.613600002,3922878.4415,0.0,0.0,0.0,0.0
R2022,443774.613600002,3922878.4415,0.0,0.0,0.0,0.0
R2023,443824.613599999,3922878.4415,0.0,0.0,0.0,0.0
R2024,443874.6136,3922878.4415,0.0,0.0,0.0,0.0
R2025,443924.6136,3922878.4415,0.0,0.0,0.0,0.0
R2026,443974.6136,3922878.4415,0.0,0.0,0.0,0.0
R2027,444024.6136,3922878.4415,0.0,0.0,0.0,0.0
R2028,444074.6136,3922878.4415,0.0,0.0,0.0,0.0
R2029,444124.613600001,3922878.4415,0.0,0.0,0.0,0.0
R2030,444174.613600001,3922878.4415,0.0,0.0,0.0,0.0
R2031,444224.613600001,3922878.4415,0.0,0.0,0.0,0.0
R2032,444274.613600001,3922878.4415,0.0,0.0,0.0,0.0
R2033,442924.613600001,3922928.4415,0.0,0.0,0.0,0.0
R2034,442974.613600001,3922928.4415,0.0,0.0,0.0,0.0
R2035,443024.613600001,3922928.4415,0.0,0.0,0.0,0.0
R2036,443074.613600002,3922928.4415,0.0,0.0,0.0,0.0
R2037,443124.613600002,3922928.4415,0.0,0.0,0.0,0.0
R2038,443174.613599999,3922928.4415,0.0,0.0,0.0,0.0
R2039,443224.6136,3922928.4415,0.0,0.0,0.0,0.0
R2040,443274.6136,3922928.4415,0.0,0.0,0.0,0.0
R2041,443324.6136,3922928.4415,0.0,0.0,0.0,0.0
R2042,443374.6136,3922928.4415,0.0,0.0,0.0,0.0
R2043,443424.6136,3922928.4415,0.0,0.0,0.0,0.0
R2044,443474.613600001,3922928.4415,0.0,0.0,0.0,0.0
R2045,443524.613600001,3922928.4415,0.0,0.0,0.0,0.0
R2046,443574.613600001,3922928.4415,0.0,0.0,0.0,0.0
R2047,443624.613600001,3922928.4415,0.0,0.0,0.0,0.0
R2048,443674.613600001,3922928.4415,0.0,0.0,0.0,0.0
R2049,443724.613600002,3922928.4415,0.0,0.0,0.0,0.0
R2050,443774.613600002,3922928.4415,0.0,0.0,0.0,0.0
R2051,443824.613599999,3922928.4415,0.0,0.0,0.0,0.0
R2052,443874.6136,3922928.4415,0.0,0.0,0.0,0.0
R2053,443924.6136,3922928.4415,0.0,0.0,0.0,0.0
R2054,443974.6136,3922928.4415,0.0,0.0,0.0,0.0
R2055,444024.6136,3922928.4415,0.0,0.0,0.0,0.0
R2056,444074.6136,3922928.4415,0.0,0.0,0.0,0.0
R2057,444124.613600001,3922928.4415,0.0,0.0,0.0,0.0
R2058,444174.613600001,3922928.4415,0.0,0.0,0.0,0.0
R2059,444224.613600001,3922928.4415,0.0,0.0,0.0,0.0
R2060,444274.613600001,3922928.4415,0.0,0.0,0.0,0.0
R2061,442874.613600001,3922978.4415,0.0,0.0,0.0,0.0
R2062,442924.613600001,3922978.4415,0.0,0.0,0.0,0.0
R2063,442974.613600001,3922978.4415,0.0,0.0,0.0,0.0
R2064,443024.613600001,3922978.4415,0.0,0.0,0.0,0.0
R2065,443074.613600002,3922978.4415,0.0,0.0,0.0,0.0
R2066,443124.613600002,3922978.4415,0.0,0.0,0.0,0.0
R2067,443174.613599999,3922978.4415,0.0,0.0,0.0,0.0
R2068,443224.6136,3922978.4415,0.0,0.0,0.0,0.0
R2069,443274.6136,3922978.4415,0.0,0.0,0.0,0.0
R2070,443324.6136,3922978.4415,0.0,0.0,0.0,0.0
R2071,443374.6136,3922978.4415,0.0,0.0,0.0,0.0
R2072,443424.6136,3922978.4415,0.0,0.0,0.0,0.0
R2073,443474.613600001,3922978.4415,0.0,0.0,0.0,0.0
R2074,443524.613600001,3922978.4415,0.0,0.0,0.0,0.0
R2075,443574.613600001,3922978.4415,0.0,0.0,0.0,0.0
R2076,443624.613600001,3922978.4415,0.0,0.0,0.0,0.0
R2077,443674.613600001,3922978.4415,0.0,0.0,0.0,0.0
R2078,443724.613600002,3922978.4415,0.0,0.0,0.0,0.0
R2079,443774.613600002,3922978.4415,0.0,0.0,0.0,0.0
R2080,443824.613599999,3922978.4415,0.0,0.0,0.0,0.0
R2081,443874.6136,3922978.4415,0.0,0.0,0.0,0.0
R2082,443924.6136,3922978.4415,0.0,0.0,0.0,0.0
R2083,443974.6136,3922978.4415,0.0,0.0,0.0,0.0
R2084,444024.6136,3922978.4415,0.0,0.0,0.0,0.0
R2085,444074.6136,3922978.4415,0.0,0.0,0.0,0.0
R2086,444124.613600001,3922978.4415,0.0,0.0,0.0,0.0
R2087,444174.613600001,3922978.4415,0.0,0.0,0.0,0.0
R2088,444224.613600001,3922978.4415,0.0,0.0,0.0,0.0
R2089,444274.613600001,3922978.4415,0.0,0.0,0.0,0.0
R2090,442824.613600001,3923028.4415,0.0,0.0,0.0,0.0
R2091,442874.613600001,3923028.4415,0.0,0.0,0.0,0.0
R2092,442924.613600001,3923028.4415,0.0,0.0,0.0,0.0
R2093,442974.613600001,3923028.4415,0.0,0.0,0.0,0.0
R2094,443024.613600001,3923028.4415,0.0,0.0,0.0,0.0
R2095,443074.613600002,3923028.4415,0.0,0.0,0.0,0.0
R2096,443124.613600002,3923028.4415,0.0,0.0,0.0,0.0
R2097,443174.613599999,3923028.4415,0.0,0.0,0.0,0.0
R2098,443224.6136,3923028.4415,0.0,0.0,0.0,0.0
R2099,443274.6136,3923028.4415,0.0,0.0,0.0,0.0
R2100,443324.6136,3923028.4415,0.0,0.0,0.0,0.0
R2101,443374.6136,3923028.4415,0.0,0.0,0.0,0.0
R2102,443424.6136,3923028.4415,0.0,0.0,0.0,0.0
R2103,443474.613600001,3923028.4415,0.0,0.0,0.0,0.0
R2104,443524.613600001,3923028.4415,0.0,0.0,0.0,0.0
R2105,443574.613600001,3923028.4415,0.0,0.0,0.0,0.0
R2106,443624.613600001,3923028.4415,0.0,0.0,0.0,0.0
R2107,443674.613600001,3923028.4415,0.0,0.0,0.0,0.0
R2108,443724.613600002,3923028.4415,0.0,0.0,0.0,0.0
R2109,443774.613600002,3923028.4415,0.0,0.0,0.0,0.0
R2110,443824.613599999,3923028.4415,0.0,0.0,0.0,0.0
R2111,443874.6136,3923028.4415,0.0,0.0,0.0,0.0
R2112,443924.6136,3923028.4415,0.0,0.0,0.0,0.0
R2113,443974.6136,3923028.4415,0.0,0.0,0.0,0.0
R2114,444024.6136,3923028.4415,0.0,0.0,0.0,0.0
R2115,444074.6136,3923028.4415,0.0,0.0,0.0,0.0
R2116,444124.613600001,3923028.4415,0.0,0.0,0.0,0.0
R2117,444174.613600001,3923028.4415,0.0,0.0,0.0,0.0
R2118,444224.613600001,3923028.4415,0.0,0.0,0.0,0.0
R2119,444274.613600001,3923028.4415,0.0,0.0,0.0,0.0
R2120,442824.613600001,3923078.4415,0.0,0.0,0.0,0.0
R2121,442874.613600001,3923078.4415,0.0,0.0,0.0,0.0
R2122,442924.613600001,3923078.4415,0.0,0.0,0.0,0.0
R2123,442974.613600001,3923078.4415,0.0,0.0,0.0,0.0
R2124,443024.613600001,3923078.4415,0.0,0.0,0.0,0.0
R2125,443074.613600002,3923078.4415,0.0,0.0,0.0,0.0
R2126,443124.613600002,3923078.4415,0.0,0.0,0.0,0.0
R2127,443174.613599999,3923078.4415,0.0,0.0,0.0,0.0
R2128,443224.6136,3923078.4415,0.0,0.0,0.0,0.0
R2129,443274.6136,3923078.4415,0.0,0.0,0.0,0.0
R2130,443324.6136,3923078.4415,0.0,0.0,0.0,0.0
R2131,443374.6136,3923078.4415,0.0,0.0,0.0,0.0
R2132,443424.6136,3923078.4415,0.0,0.0,0.0,0.0
R2133,443474.613600001,3923078.4415,0.0,0.0,0.0,0.0
R2134,443524.613600001,3923078.4415,0.0,0.0,0.0,0.0
R2135,443574.613600001,3923078.4415,0.0,0.0,0.0,0.0
R2136,443624.613600001,3923078.4415,0.0,0.0,0.0,0.0
R2137,443674.613600001,3923078.4415,0.0,0.0,0.0,0.0
R2138,443724.613600002,3923078.4415,0.0,0.0,0.0,0.0
R2139,443774.613600002,3923078.4415,0.0,0.0,0.0,0.0
R2140,443824.613599999,3923078.4415,0.0,0.0,0.0,0.0
R2141,443874.6136,3923078.4415,0.0,0.0,0.0,0.0
R2142,443924.6136,3923078.4415,0.0,0.0,0.0,0.0
R2143,443974.6136,3923078.4415,0.0,0.0,0.0,0.0
R2144,444024.6136,3923078.4415,0.0,0.0,0.0,0.0
R2145,444074.6136,3923078.4415,0.0,0.0,0.0,0.0
R2146,444124.613600001,3923078.4415,0.0,0.0,0.0,0.0
R2147,444174.613600001,3923078.4415,0.0,0.0,0.0,0.0
R2148,444224.613600001,3923078.4415,0.0,0.0,0.0,0.0
R2149,444274.613600001,3923078.4415,0.0,0.0,0.0,0.0
R2150,442824.613600001,3923128.4415,0.0,0.0,0.0,0.0
R2151,442874.613600001,3923128.4415,0.0,0.0,0.0,0.0
R2152,442924.613600001,3923128.4415,0.0,0.0,0.0,0.0
R2153,442974.613600001,3923128.4415,0.0,0.0,0.0,0.0
R2154,443024.613600001,3923128.4415,0.0,0.0,0.0,0.0
R2155,443074.613600002,3923128.4415,0.0,0.0,0.0,0.0
R2156,443124.613600002,3923128.4415,0.0,0.0,0.0,0.0
R2157,443174.613599999,3923128.4415,0.0,0.0,0.0,0.0
R2158,443224.6136,3923128.4415,0.0,0.0,0.0,0.0
R2159,443274.6136,3923128.4415,0.0,0.0,0.0,0.0
R2160,443324.6136,3923128.4415,0.0,0.0,0.0,0.0
R2161,443374.6136,3923128.4415,0.0,0.0,0.0,0.0
R2162,443424.6136,3923128.4415,0.0,0.0,0.0,0.0
R2163,443474.613600001,3923128.4415,0.0,0.0,0.0,0.0
R2164,443524.613600001,3923128.4415,0.0,0.0,0.0,0.0
R2165,443574.613600001,3923128.4415,0.0,0.0,0.0,0.0
R2166,443624.613600001,3923128.4415,0.0,0.0,0.0,0.0
R2167,443674.613600001,3923128.4415,0.0,0.0,0.0,0.0
R2168,443724.613600002,3923128.4415,0.0,0.0,0.0,0.0
R2169,443774.613600002,3923128.4415,0.0,0.0,0.0,0.0
R2170,443824.613599999,3923128.4415,0.0,0.0,0.0,0.0
R2171,443874.6136,3923128.4415,0.0,0.0,0.0,0.0
R2172,443924.6136,3923128.4415,0.0,0.0,0.0,0.0
R2173,443974.6136,3923128.4415,0.0,0.0,0.0,0.0
R2174,444024.6136,3923128.4415,0.0,0.0,0.0,0.0
R2175,444074.6136,3923128.4415,0.0,0.0,0.0,0.0
R2176,444124.613600001,3923128.4415,0.0,0.0,0.0,0.0
R2177,444174.613600001,3923128.4415,0.0,0.0,0.0,0.0
R2178,444224.613600001,3923128.4415,0.0,0.0,0.0,0.0
R2179,444274.613600001,3923128.4415,0.0,0.0,0.0,0.0
R2180,442774.6136,3923178.4415,0.0,0.0,0.0,0.0
R2181,442824.613600001,3923178.4415,0.0,0.0,0.0,0.0
R2182,442874.613600001,3923178.4415,0.0,0.0,0.0,0.0
R2183,442924.613600001,3923178.4415,0.0,0.0,0.0,0.0
R2184,442974.613600001,3923178.4415,0.0,0.0,0.0,0.0
R2185,443024.613600001,3923178.4415,0.0,0.0,0.0,0.0
R2186,443074.613600002,3923178.4415,0.0,0.0,0.0,0.0
R2187,443124.613600002,3923178.4415,0.0,0.0,0.0,0.0
R2188,443174.613599999,3923178.4415,0.0,0.0,0.0,0.0
R2189,443224.6136,3923178.4415,0.0,0.0,0.0,0.0
R2190,443274.6136,3923178.4415,0.0,0.0,0.0,0.0
R2191,443324.6136,3923178.4415,0.0,0.0,0.0,0.0
R2192,443374.6136,3923178.4415,0.0,0.0,0.0,0.0
R2193,443424.6136,3923178.4415,0.0,0.0,0.0,0.0
R2194,443474.613600001,3923178.4415,0.0,0.0,0.0,0.0
R2195,443524.613600001,3923178.4415,0.0,0.0,0.0,0.0
R2196,443574.613600001,3923178.4415,0.0,0.0,0.0,0.0
R2197,443624.613600001,3923178.4415,0.0,0.0,0.0,0.0
R2198,443674.613600001,3923178.4415,0.0,0.0,0.0,0.0
R2199,443724.613600002,3923178.4415,0.0,0.0,0.0,0.0
R2200,443774.613600002,3923178.4415,0.0,0.0,0.0,0.0
R2201,443824.613599999,3923178.4415,0.0,0.0,0.0,0.0
R2202,443874.6136,3923178.4415,0.0,0.0,0.0,0.0
R2203,443924.6136,3923178.4415,0.0,0.0,0.0,0.0
R2204,443974.6136,3923178.4415,0.0,0.0,0.0,0.0
R2205,444024.6136,3923178.4415,0.0,0.0,0.0,0.0
R2206,444074.6136,3923178.4415,0.0,0.0,0.0,0.0
R2207,444124.613600001,3923178.4415,0.0,0.0,0.0,0.0
R2208,444174.613600001,3923178.4415,0.0,0.0,0.0,0.0
R2209,444224.613600001,3923178.4415,0.0,0.0,0.0,0.0
R2210,444274.613600001,3923178.4415,0.0,0.0,0.0,0.0
R2211,442774.6136,3923228.4415,0.0,0.0,0.0,0.0
R2212,442824.613600001,3923228.4415,0.0,0.0,0.0,0.0
R2213,442874.613600001,3923228.4415,0.0,0.0,0.0,0.0
R2214,442924.613600001,3923228.4415,0.0,0.0,0.0,0.0
R2215,442974.613600001,3923228.4415,0.0,0.0,0.0,0.0
R2216,443024.613600001,3923228.4415,0.0,0.0,0.0,0.0
R2217,443074.613600002,3923228.4415,0.0,0.0,0.0,0.0
R2218,443124.613600002,3923228.4415,0.0,0.0,0.0,0.0
R2219,443174.613599999,3923228.4415,0.0,0.0,0.0,0.0
R2220,443224.6136,3923228.4415,0.0,0.0,0.0,0.0
R2221,443274.6136,3923228.4415,0.0,0.0,0.0,0.0
R2222,443324.6136,3923228.4415,0.0,0.0,0.0,0.0
R2223,443374.6136,3923228.4415,0.0,0.0,0.0,0.0
R2224,443424.6136,3923228.4415,0.0,0.0,0.0,0.0
R2225,443474.613600001,3923228.4415,0.0,0.0,0.0,0.0
R2226,443524.613600001,3923228.4415,0.0,0.0,0.0,0.0
R2227,443574.613600001,3923228.4415,0.0,0.0,0.0,0.0
R2228,443624.613600001,3923228.4415,0.0,0.0,0.0,0.0
R2229,443674.613600001,3923228.4415,0.0,0.0,0.0,0.0
R2230,443724.613600002,3923228.4415,0.0,0.0,0.0,0.0
R2231,443774.613600002,3923228.4415,0.0,0.0,0.0,0.0
R2232,443824.613599999,3923228.4415,0.0,0.0,0.0,0.0
R2233,443874.6136,3923228.4415,0.0,0.0,0.0,0.0
R2234,443924.6136,3923228.4415,0.0,0.0,0.0,0.0
R2235,443974.6136,3923228.4415,0.0,0.0,0.0,0.0
R2236,444024.6136,3923228.4415,0.0,0.0,0.0,0.0
R2237,444074.6136,3923228.4415,0.0,0.0,0.0,0.0
R2238,444124.613600001,3923228.4415,0.0,0.0,0.0,0.0
R2239,444174.613600001,3923228.4415,0.0,0.0,0.0,0.0
R2240,444224.613600001,3923228.4415,0.0,0.0,0.0,0.0
R2241,444274.613600001,3923228.4415,0.0,0.0,0.0,0.0
R2242,442774.6136,3923278.4415,0.0,0.0,0.0,0.0
R2243,442824.613600001,3923278.4415,0.0,0.0,0.0,0.0
R2244,442874.613600001,3923278.4415,0.0,0.0,0.0,0.0
R2245,442924.613600001,3923278.4415,0.0,0.0,0.0,0.0
R2246,442974.613600001,3923278.4415,0.0,0.0,0.0,0.0
R2247,443024.613600001,3923278.4415,0.0,0.0,0.0,0.0
R2248,443074.613600002,3923278.4415,0.0,0.0,0.0,0.0
R2249,443124.613600002,3923278.4415,0.0,0.0,0.0,0.0
R2250,443174.613599999,3923278.4415,0.0,0.0,0.0,0.0
R2251,443224.6136,3923278.4415,0.0,0.0,0.0,0.0
R2252,443274.6136,3923278.4415,0.0,0.0,0.0,0.0
R2253,443324.6136,3923278.4415,0.0,0.0,0.0,0.0
R2254,443374.6136,3923278.4415,0.0,0.0,0.0,0.0
R2255,443424.6136,3923278.4415,0.0,0.0,0.0,0.0
R2256,443474.613600001,3923278.4415,0.0,0.0,0.0,0.0
R2257,443524.613600001,3923278.4415,0.0,0.0,0.0,0.0
R2258,443574.613600001,3923278.4415,0.0,0.0,0.0,0.0
R2259,443624.613600001,3923278.4415,0.0,0.0,0.0,0.0
R2260,443674.613600001,3923278.4415,0.0,0.0,0.0,0.0
R2261,443724.613600002,3923278.4415,0.0,0.0,0.0,0.0
R2262,443774.613600002,3923278.4415,0.0,0.0,0.0,0.0
R2263,443824.613599999,3923278.4415,0.0,0.0,0.0,0.0
R2264,443874.6136,3923278.4415,0.0,0.0,0.0,0.0
R2265,443924.6136,3923278.4415,0.0,0.0,0.0,0.0
R2266,443974.6136,3923278.4415,0.0,0.0,0.0,0.0
R2267,444024.6136,3923278.4415,0.0,0.0,0.0,0.0
R2268,444074.6136,3923278.4415,0.0,0.0,0.0,0.0
R2269,444124.613600001,3923278.4415,0.0,0.0,0.0,0.0
R2270,444174.613600001,3923278.4415,0.0,0.0,0.0,0.0
R2271,444224.613600001,3923278.4415,0.0,0.0,0.0,0.0
R2272,444274.613600001,3923278.4415,0.0,0.0,0.0,0.0
R2273,442774.6136,3923328.4415,0.0,0.0,0.0,0.0
R2274,442824.613600001,3923328.4415,0.0,0.0,0.0,0.0
R2275,442874.613600001,3923328.4415,0.0,0.0,0.0,0.0
R2276,442924.613600001,3923328.4415,0.0,0.0,0.0,0.0
R2277,442974.613600001,3923328.4415,0.0,0.0,0.0,0.0
R2278,443024.613600001,3923328.4415,0.0,0.0,0.0,0.0
R2279,443074.613600002,3923328.4415,0.0,0.0,0.0,0.0
R2280,443124.613600002,3923328.4415,0.0,0.0,0.0,0.0
R2281,443174.613599999,3923328.4415,0.0,0.0,0.0,0.0
R2282,443224.6136,3923328.4415,0.0,0.0,0.0,0.0
R2283,443274.6136,3923328.4415,0.0,0.0,0.0,0.0
R2284,443324.6136,3923328.4415,0.0,0.0,0.0,0.0
R2285,443374.6136,3923328.4415,0.0,0.0,0.0,0.0
R2286,443424.6136,3923328.4415,0.0,0.0,0.0,0.0
R2287,443474.613600001,3923328.4415,0.0,0.0,0.0,0.0
R2288,443524.613600001,3923328.4415,0.0,0.0,0.0,0.0
R2289,443574.613600001,3923328.4415,0.0,0.0,0.0,0.0
R2290,443624.613600001,3923328.4415,0.0,0.0,0.0,0.0
R2291,443674.613600001,3923328.4415,0.0,0.0,0.0,0.0
R2292,443724.613600002,3923328.4415,0.0,0.0,0.0,0.0
R2293,443774.613600002,3923328.4415,0.0,0.0,0.0,0.0
R2294,443824.613599999,3923328.4415,0.0,0.0,0.0,0.0
R2295,443874.6136,3923328.4415,0.0,0.0,0.0,0.0
R2296,443924.6136,3923328.4415,0.0,0.0,0.0,0.0
R2297,443974.6136,3923328.4415,0.0,0.0,0.0,0.0
R2298,444024.6136,3923328.4415,0.0,0.0,0.0,0.0
R2299,444074.6136,3923328.4415,0.0,0.0,0.0,0.0
R2300,444124.613600001,3923328.4415,0.0,0.0,0.0,0.0
R2301,444174.613600001,3923328.4415,0.0,0.0,0.0,0.0
R2302,444224.613600001,3923328.4415,0.0,0.0,0.0,0.0
R2303,444274.613600001,3923328.4415,0.0,0.0,0.0,0.0
R2304,442774.6136,3923378.4415,0.0,0.0,0.0,0.0
R2305,442824.613600001,3923378.4415,0.0,0.0,0.0,0.0
R2306,442874.613600001,3923378.4415,0.0,0.0,0.0,0.0
R2307,442924.613600001,3923378.4415,0.0,0.0,0.0,0.0
R2308,442974.613600001,3923378.4415,0.0,0.0,0.0,0.0
R2309,443024.613600001,3923378.4415,0.0,0.0,0.0,0.0
R2310,443074.613600002,3923378.4415,0.0,0.0,0.0,0.0
R2311,443124.613600002,3923378.4415,0.0,0.0,0.0,0.0
R2312,443174.613599999,3923378.4415,0.0,0.0,0.0,0.0
R2313,443224.6136,3923378.4415,0.0,0.0,0.0,0.0
R2314,443274.6136,3923378.4415,0.0,0.0,0.0,0.0
R2315,443324.6136,3923378.4415,0.0,0.0,0.0,0.0
R2316,443374.6136,3923378.4415,0.0,0.0,0.0,0.0
R2317,443424.6136,3923378.4415,0.0,0.0,0.0,0.0
R2318,443474.613600001,3923378.4415,0.0,0.0,0.0,0.0
R2319,443524.613600001,3923378.4415,0.0,0.0,0.0,0.0
R2320,443574.613600001,3923378.4415,0.0,0.0,0.0,0.0
R2321,443624.613600001,3923378.4415,0.0,0.0,0.0,0.0
R2322,443674.613600001,3923378.4415,0.0,0.0,0.0,0.0
R2323,443724.613600002,3923378.4415,0.0,0.0,0.0,0.0
R2324,443774.613600002,3923378.4415,0.0,0.0,0.0,0.0
R2325,443824.613599999,3923378.4415,0.0,0.0,0.0,0.0
R2326,443874.6136,3923378.4415,0.0,0.0,0.0,0.0
R2327,443924.6136,3923378.4415,0.0,0.0,0.0,0.0
R2328,443974.6136,3923378.4415,0.0,0.0,0.0,0.0
R2329,444024.6136,3923378.4415,0.0,0.0,0.0,0.0
R2330,444074.6136,3923378.4415,0.0,0.0,0.0,0.0
R2331,444124.613600001,3923378.4415,0.0,0.0,0.0,0.0
R2332,444174.613600001,3923378.4415,0.0,0.0,0.0,0.0
R2333,444224.613600001,3923378.4415,0.0,0.0,0.0,0.0
R2334,444274.613600001,3923378.4415,0.0,0.0,0.0,0.0
R2335,442774.6136,3923428.4415,0.0,0.0,0.0,0.0
R2336,442824.613600001,3923428.4415,0.0,0.0,0.0,0.0
R2337,442874.613600001,3923428.4415,0.0,0.0,0.0,0.0
R2338,442924.613600001,3923428.4415,0.0,0.0,0.0,0.0
R2339,442974.613600001,3923428.4415,0.0,0.0,0.0,0.0
R2340,443024.613600001,3923428.4415,0.0,0.0,0.0,0.0
R2341,443074.613600002,3923428.4415,0.0,0.0,0.0,0.0
R2342,443124.613600002,3923428.4415,0.0,0.0,0.0,0.0
R2343,443174.613599999,3923428.4415,0.0,0.0,0.0,0.0
R2344,443224.6136,3923428.4415,0.0,0.0,0.0,0.0
R2345,443274.6136,3923428.4415,0.0,0.0,0.0,0.0
R2346,443324.6136,3923428.4415,0.0,0.0,0.0,0.0
R2347,443374.6136,3923428.4415,0.0,0.0,0.0,0.0
R2348,443424.6136,3923428.4415,0.0,0.0,0.0,0.0
R2349,443474.613600001,3923428.4415,0.0,0.0,0.0,0.0
R2350,443524.613600001,3923428.4415,0.0,0.0,0.0,0.0
R2351,443574.613600001,3923428.4415,0.0,0.0,0.0,0.0
R2352,443624.613600001,3923428.4415,0.0,0.0,0.0,0.0
R2353,443674.613600001,3923428.4415,0.0,0.0,0.0,0.0
R2354,443724.613600002,3923428.4415,0.0,0.0,0.0,0.0
R2355,443774.613600002,3923428.4415,0.0,0.0,0.0,0.0
R2356,443824.613599999,3923428.4415,0.0,0.0,0.0,0.0
R2357,443874.6136,3923428.4415,0.0,0.0,0.0,0.0
R2358,443924.6136,3923428.4415,0.0,0.0,0.0,0.0
R2359,443974.6136,3923428.4415,0.0,0.0,0.0,0.0
R2360,444024.6136,3923428.4415,0.0,0.0,0.0,0.0
R2361,444074.6136,3923428.4415,0.0,0.0,0.0,0.0
R2362,444124.613600001,3923428.4415,0.0,0.0,0.0,0.0
R2363,444174.613600001,3923428.4415,0.0,0.0,0.0,0.0
R2364,444224.613600001,3923428.4415,0.0,0.0,0.0,0.0
R2365,442824.613600001,3923478.4415,0.0,0.0,0.0,0.0
R2366,442874.613600001,3923478.4415,0.0,0.0,0.0,0.0
R2367,442924.613600001,3923478.4415,0.0,0.0,0.0,0.0
R2368,442974.613600001,3923478.4415,0.0,0.0,0.0,0.0
R2369,443024.613600001,3923478.4415,0.0,0.0,0.0,0.0
R2370,443074.613600002,3923478.4415,0.0,0.0,0.0,0.0
R2371,443124.613600002,3923478.4415,0.0,0.0,0.0,0.0
R2372,443174.613599999,3923478.4415,0.0,0.0,0.0,0.0
R2373,443224.6136,3923478.4415,0.0,0.0,0.0,0.0
R2374,443274.6136,3923478.4415,0.0,0.0,0.0,0.0
R2375,443324.6136,3923478.4415,0.0,0.0,0.0,0.0
R2376,443374.6136,3923478.4415,0.0,0.0,0.0,0.0
R2377,443424.6136,3923478.4415,0.0,0.0,0.0,0.0
R2378,443474.613600001,3923478.4415,0.0,0.0,0.0,0.0
R2379,443524.613600001,3923478.4415,0.0,0.0,0.0,0.0
R2380,443574.613600001,3923478.4415,0.0,0.0,0.0,0.0
R2381,443624.613600001,3923478.4415,0.0,0.0,0.0,0.0
R2382,443674.613600001,3923478.4415,0.0,0.0,0.0,0.0
R2383,443724.613600002,3923478.4415,0.0,0.0,0.0,0.0
R2384,443774.613600002,3923478.4415,0.0,0.0,0.0,0.0
R2385,443824.613599999,3923478.4415,0.0,0.0,0.0,0.0
R2386,443874.6136,3923478.4415,0.0,0.0,0.0,0.0
R2387,443924.6136,3923478.4415,0.0,0.0,0.0,0.0
R2388,443974.6136,3923478.4415,0.0,0.0,0.0,0.0
R2389,444024.6136,3923478.4415,0.0,0.0,0.0,0.0
R2390,444074.6136,3923478.4415,0.0,0.0,0.0,0.0
R2391,444124.613600001,3923478.4415,0.0,0.0,0.0,0.0
R2392,444174.613600001,3923478.4415,0.0,0.0,0.0,0.0
R2393,444224.613600001,3923478.4415,0.0,0.0,0.0,0.0
R2394,442824.613600001,3923528.4415,0.0,0.0,0.0,0.0
R2395,442874.613600001,3923528.4415,0.0,0.0,0.0,0.0
R2396,442924.613600001,3923528.4415,0.0,0.0,0.0,0.0
R2397,442974.613600001,3923528.4415,0.0,0.0,0.0,0.0
R2398,443024.613600001,3923528.4415,0.0,0.0,0.0,0.0
R2399,443074.613600002,3923528.4415,0.0,0.0,0.0,0.0
R2400,443124.613600002,3923528.4415,0.0,0.0,0.0,0.0
R2401,443174.613599999,3923528.4415,0.0,0.0,0.0,0.0
R2402,443224.6136,3923528.4415,0.0,0.0,0.0,0.0
R2403,443274.6136,3923528.4415,0.0,0.0,0.0,0.0
R2404,443324.6136,3923528.4415,0.0,0.0,0.0,0.0
R2405,443374.6136,3923528.4415,0.0,0.0,0.0,0.0
R2406,443424.6136,3923528.4415,0.0,0.0,0.0,0.0
R2407,443474.613600001,3923528.4415,0.0,0.0,0.0,0.0
R2408,443524.613600001,3923528.4415,0.0,0.0,0.0,0.0
R2409,443574.613600001,3923528.4415,0.0,0.0,0.0,0.0
R2410,443624.613600001,3923528.4415,0.0,0.0,0.0,0.0
R2411,443674.613600001,3923528.4415,0.0,0.0,0.0,0.0
R2412,443724.613600002,3923528.4415,0.0,0.0,0.0,0.0
R2413,443774.613600002,3923528.4415,0.0,0.0,0.0,0.0
R2414,443824.613599999,3923528.4415,0.0,0.0,0.0,0.0
R2415,443874.6136,3923528.4415,0.0,0.0,0.0,0.0
R2416,443924.6136,3923528.4415,0.0,0.0,0.0,0.0
R2417,443974.6136,3923528.4415,0.0,0.0,0.0,0.0
R2418,444024.6136,3923528.4415,0.0,0.0,0.0,0.0
R2419,444074.6136,3923528.4415,0.0,0.0,0.0,0.0
R2420,444124.613600001,3923528.4415,0.0,0.0,0.0,0.0
R2421,444174.613600001,3923528.4415,0.0,0.0,0.0,0.0
R2422,442874.613600001,3923578.4415,0.0,0.0,0.0,0.0
R2423,442924.613600001,3923578.4415,0.0,0.0,0.0,0.0
R2424,442974.613600001,3923578.4415,0.0,0.0,0.0,0.0
R2425,443024.613600001,3923578.4415,0.0,0.0,0.0,0.0
R2426,443074.613600002,3923578.4415,0.0,0.0,0.0,0.0
R2427,443124.613600002,3923578.4415,0.0,0.0,0.0,0.0
R2428,443174.613599999,3923578.4415,0.0,0.0,0.0,0.0
R2429,443224.6136,3923578.4415,0.0,0.0,0.0,0.0
R2430,443274.6136,3923578.4415,0.0,0.0,0.0,0.0
R2431,443324.6136,3923578.4415,0.0,0.0,0.0,0.0
R2432,443374.6136,3923578.4415,0.0,0.0,0.0,0.0
R2433,443424.6136,3923578.4415,0.0,0.0,0.0,0.0
R2434,443474.613600001,3923578.4415,0.0,0.0,0.0,0.0
R2435,443524.613600001,3923578.4415,0.0,0.0,0.0,0.0
R2436,443574.613600001,3923578.4415,0.0,0.0,0.0,0.0
R2437,443624.613600001,3923578.4415,0.0,0.0,0.0,0.0
R2438,443674.613600001,3923578.4415,0.0,0.0,0.0,0.0
R2439,443724.613600002,3923578.4415,0.0,0.0,0.0,0.0
R2440,443774.613600002,3923578.4415,0.0,0.0,0.0,0.0
R2441,443824.613599999,3923578.4415,0.0,0.0,0.0,0.0
R2442,443874.6136,3923578.4415,0.0,0.0,0.0,0.0
R2443,443924.6136,3923578.4415,0.0,0.0,0.0,0.0
R2444,443974.6136,3923578.4415,0.0,0.0,0.0,0.0
R2445,444024.6136,3923578.4415,0.0,0.0,0.0,0.0
R2446,444074.6136,3923578.4415,0.0,0.0,0.0,0.0
R2447,444124.613600001,3923578.4415,0.0,0.0,0.0,0.0
R2448,442924.613600001,3923628.4415,0.0,0.0,0.0,0.0
R2449,442974.613600001,3923628.4415,0.0,0.0,0.0,0.0
R2450,443024.613600001,3923628.4415,0.0,0.0,0.0,0.0
R2451,443074.613600002,3923628.4415,0.0,0.0,0.0,0.0
R2452,443124.613600002,3923628.4415,0.0,0.0,0.0,0.0
R2453,443174.613599999,3923628.4415,0.0,0.0,0.0,0.0
R2454,443224.6136,3923628.4415,0.0,0.0,0.0,0.0
R2455,443274.6136,3923628.4415,0.0,0.0,0.0,0.0
R2456,443324.6136,3923628.4415,0.0,0.0,0.0,0.0
R2457,443374.6136,3923628.4415,0.0,0.0,0.0,0.0
R2458,443424.6136,3923628.4415,0.0,0.0,0.0,0.0
R2459,443474.613600001,3923628.4415,0.0,0.0,0.0,0.0
R2460,443524.613600001,3923628.4415,0.0,0.0,0.0,0.0
R2461,443574.613600001,3923628.4415,0.0,0.0,0.0,0.0
R2462,443624.613600001,3923628.4415,0.0,0.0,0.0,0.0
R2463,443674.613600001,3923628.4415,0.0,0.0,0.0,0.0
R2464,443724.613600002,3923628.4415,0.0,0.0,0.0,0.0
R2465,443774.613600002,3923628.4415,0.0,0.0,0.0,0.0
R2466,443824.613599999,3923628.4415,0.0,0.0,0.0,0.0
R2467,443874.6136,3923628.4415,0.0,0.0,0.0,0.0
R2468,443924.6136,3923628.4415,0.0,0.0,0.0,0.0
R2469,443974.6136,3923628.4415,0.0,0.0,0.0,0.0
R2470,444024.6136,3923628.4415,0.0,0.0,0.0,0.0
R2471,444074.6136,3923628.4415,0.0,0.0,0.0,0.0
R2472,442974.613600001,3923678.4415,0.0,0.0,0.0,0.0
R2473,443024.613600001,3923678.4415,0.0,0.0,0.0,0.0
R2474,443074.613600002,3923678.4415,0.0,0.0,0.0,0.0
R2475,443124.613600002,3923678.4415,0.0,0.0,0.0,0.0
R2476,443174.613599999,3923678.4415,0.0,0.0,0.0,0.0
R2477,443224.6136,3923678.4415,0.0,0.0,0.0,0.0
R2478,443274.6136,3923678.4415,0.0,0.0,0.0,0.0
R2479,443324.6136,3923678.4415,0.0,0.0,0.0,0.0
R2480,443374.6136,3923678.4415,0.0,0.0,0.0,0.0
R2481,443424.6136,3923678.4415,0.0,0.0,0.0,0.0
R2482,443474.613600001,3923678.4415,0.0,0.0,0.0,0.0
R2483,443524.613600001,3923678.4415,0.0,0.0,0.0,0.0
R2484,443574.613600001,3923678.4415,0.0,0.0,0.0,0.0
R2485,443624.613600001,3923678.4415,0.0,0.0,0.0,0.0
R2486,443674.613600001,3923678.4415,0.0,0.0,0.0,0.0
R2487,443724.613600002,3923678.4415,0.0,0.0,0.0,0.0
R2488,443774.613600002,3923678.4415,0.0,0.0,0.0,0.0
R2489,443824.613599999,3923678.4415,0.0,0.0,0.0,0.0
R2490,443874.6136,3923678.4415,0.0,0.0,0.0,0.0
R2491,443924.6136,3923678.4415,0.0,0.0,0.0,0.0
R2492,443974.6136,3923678.4415,0.0,0.0,0.0,0.0
R2493,443024.613600001,3923728.4415,0.0,0.0,0.0,0.0
R2494,443074.613600002,3923728.4415,0.0,0.0,0.0,0.0
R2495,443124.613600002,3923728.4415,0.0,0.0,0.0,0.0
R2496,443174.613599999,3923728.4415,0.0,0.0,0.0,0.0
R2497,443224.6136,3923728.4415,0.0,0.0,0.0,0.0
R2498,443274.6136,3923728.4415,0.0,0.0,0.0,0.0
R2499,443324.6136,3923728.4415,0.0,0.0,0.0,0.0
R2500,443374.6136,3923728.4415,0.0,0.0,0.0,0.0
R2501,443424.6136,3923728.4415,0.0,0.0,0.0,0.0
R2502,443474.613600001,3923728.4415,0.0,0.0,0.0,0.0
R2503,443524.613600001,3923728.4415,0.0,0.0,0.0,0.0
R2504,443574.613600001,3923728.4415,0.0,0.0,0.0,0.0
R2505,443624.613600001,3923728.4415,0.0,0.0,0.0,0.0
R2506,443674.613600001,3923728.4415,0.0,0.0,0.0,0.0
R2507,443724.613600002,3923728.4415,0.0,0.0,0.0,0.0
R2508,443774.613600002,3923728.4415,0.0,0.0,0.0,0.0
R2509,443824.613599999,3923728.4415,0.0,0.0,0.0,0.0
R2510,443874.6136,3923728.4415,0.0,0.0,0.0,0.0
R2511,443074.613600002,3923778.4415,0.0,0.0,0.0,0.0
R2512,443124.613600002,3923778.4415,0.0,0.0,0.0,0.0
R2513,443174.613599999,3923778.4415,0.0,0.0,0.0,0.0
R2514,443224.6136,3923778.4415,0.0,0.0,0.0,0.0
R2515,443274.6136,3923778.4415,0.0,0.0,0.0,0.0
R2516,443324.6136,3923778.4415,0.0,0.0,0.0,0.0
R2517,443374.6136,3923778.4415,0.0,0.0,0.0,0.0
R2518,443424.6136,3923778.4415,0.0,0.0,0.0,0.0
R2519,443474.613600001,3923778.4415,0.0,0.0,0.0,0.0
R2520,443524.613600001,3923778.4415,0.0,0.0,0.0,0.0
R2521,443574.613600001,3923778.4415,0.0,0.0,0.0,0.0
R2522,443624.613600001,3923778.4415,0.0,0.0,0.0,0.0
R2523,443224.6136,3923828.4415,0.0,0.0,0.0,0.0
R2524,443274.6136,3923828.4415,0.0,0.0,0.0,0.0
R2525,443324.6136,3923828.4415,0.0,0.0,0.0,0.0
R2526,443374.6136,3923828.4415,0.0,0.0,0.0,0.0
