Rec_ID,POINT_X,POINT_Y,CO_MORNING,CO_MIDDAY,CO_EVENING,NOX_MORNING,NOX_MIDDAY,NOX_EVENING,PM2.5_MORNING,PM2.5_MIDDAY,PM2.5_EVENING,PM10_MORNING,PM10_MIDDAY,PM10_EVENING,SO2_MORNING,SO2_MIDDAY,SO2_EVENING
R001,441700,3920300,1.47265,1.0192,1.24423,0.98894,0.90687,0.12253,0.05495,0.0487,0.05777,0.05495,0.0487,0.05777,0,0,0
R002,441700,3920400,1.60164,1.10824,1.36853,1.0705,0.98714,0.13264,0.05953,0.05304,0.06355,0.05953,0.05304,0.06355,0,0,0
R003,441700,3920500,1.76711,1.21873,1.52368,1.17284,1.08667,0.14532,0.06533,0.05846,0.07081,0.06533,0.05846,0.07081,0,0,0
R004,441700,3920600,1.89649,1.32977,1.67657,1.26694,1.18739,0.15697,0.07031,0.06367,0.0777,0.07031,0.06367,0.0777,0,0,0
R005,441700,3920700,2.30934,1.63701,2.09821,1.54231,1.46466,0.19108,0.08558,0.07843,0.09723,0.08558,0.07843,0.09723,0,0,0
R006,441700,3920800,3.00701,2.1482,2.79658,2.00435,1.9255,0.24832,0.11135,0.10324,0.12972,0.11135,0.10324,0.12972,0,0,0
R007,441700,3920900,3.66205,2.53191,3.34117,2.37921,2.26954,0.29476,0.13353,0.12279,0.15593,0.13353,0.12279,0.15593,0,0,0
R008,441700,3921000,1.53385,1.33212,1.63299,1.18746,1.19537,0.14711,0.06197,0.06108,0.07281,0.06197,0.06108,0.07281,0,0,0
R009,441700,3921100,1.30825,1.15702,1.40389,1.0294,1.03787,0.12753,0.05319,0.05257,0.06211,0.05319,0.05257,0.06211,0,0,0
R010,441700,3921200,1.07113,0.94563,1.1242,0.84881,0.84665,0.10516,0.04348,0.04259,0.0493,0.04348,0.04259,0.0493,0,0,0
R011,441700,3921300,0.91664,0.81112,0.9465,0.73283,0.72507,0.09079,0.03718,0.03621,0.04109,0.03718,0.03621,0.04109,0,0,0
R012,441700,3921400,0.83682,0.73435,0.8507,0.66703,0.65586,0.08264,0.03367,0.03261,0.0367,0.03367,0.03261,0.0367,0,0,0
R013,441700,3921500,0.71914,0.63943,0.72487,0.58304,0.57025,0.07224,0.02901,0.02805,0.03082,0.02901,0.02805,0.03082,0,0,0
R014,441700,3921600,0.66965,0.59262,0.66765,0.54231,0.52815,0.06719,0.02682,0.02584,0.02817,0.02682,0.02584,0.02817,0,0,0
R015,441700,3921700,0.65273,0.57032,0.64393,0.5235,0.50816,0.06486,0.02584,0.02482,0.02708,0.02584,0.02482,0.02708,0,0,0
R016,441700,3921800,0.62714,0.54159,0.61138,0.49889,0.48238,0.06181,0.02451,0.02345,0.02554,0.02451,0.02345,0.02554,0,0,0
R017,441700,3921900,0.61849,0.52343,0.5953,0.48383,0.4662,0.05995,0.02371,0.02261,0.02476,0.02371,0.02261,0.02476,0,0,0
R018,441700,3922000,0.60363,0.50135,0.57411,0.4649,0.44651,0.0576,0.02269,0.02156,0.02373,0.02269,0.02156,0.02373,0,0,0
R019,441700,3922100,0.60596,0.48579,0.56518,0.45301,0.43273,0.05613,0.02215,0.02089,0.02334,0.02215,0.02089,0.02334,0,0,0
R020,441700,3922200,0.58527,0.4642,0.54149,0.43383,0.41345,0.05375,0.02103,0.01981,0.02212,0.02103,0.01981,0.02212,0,0,0
R021,441700,3922300,0.56498,0.44089,0.51654,0.41347,0.39261,0.05123,0.01989,0.01868,0.0209,0.01989,0.01868,0.0209,0,0,0
R022,441700,3922400,0.52782,0.40655,0.47697,0.38265,0.36191,0.04741,0.01826,0.01713,0.0191,0.01826,0.01713,0.0191,0,0,0
R023,441700,3922500,0.49996,0.38055,0.44835,0.35903,0.33874,0.04448,0.01711,0.016,0.0179,0.01711,0.016,0.0179,0,0,0
R024,441700,3922600,0.4877,0.36557,0.43462,0.34563,0.32548,0.04282,0.01658,0.01542,0.01746,0.01658,0.01542,0.01746,0,0,0
R025,441700,3922700,0.44744,0.33489,0.39695,0.3171,0.29807,0.03929,0.01513,0.01406,0.01584,0.01513,0.01406,0.01584,0,0,0
R026,441700,3922800,0.41063,0.30525,0.36198,0.28963,0.27163,0.03589,0.01376,0.01278,0.01437,0.01376,0.01278,0.01437,0,0,0
R027,441700,3922900,0.37686,0.2783,0.33031,0.26455,0.24761,0.03278,0.01253,0.01163,0.01306,0.01253,0.01163,0.01306,0,0,0
R028,441700,3923000,0.33732,0.25185,0.29695,0.23914,0.22404,0.02963,0.01138,0.01057,0.01181,0.01138,0.01057,0.01181,0,0,0
R029,441700,3923100,0.29204,0.22372,0.26074,0.21153,0.199,0.02621,0.01012,0.00944,0.01045,0.01012,0.00944,0.01045,0,0,0
R030,441700,3923200,0.2638,0.20383,0.23593,0.19266,0.18125,0.02387,0.00921,0.0086,0.00945,0.00921,0.0086,0.00945,0,0,0
R031,441700,3923300,0.25675,0.19492,0.22723,0.18484,0.17333,0.0229,0.00882,0.00821,0.00907,0.00882,0.00821,0.00907,0,0,0
R032,441800,3920300,1.62145,1.09505,1.34031,1.07179,0.97364,0.1328,0.05999,0.05254,0.06255,0.05999,0.05254,0.06255,0,0,0
R033,441800,3920400,1.71483,1.1649,1.43811,1.13364,1.03681,0.14046,0.0634,0.05598,0.06706,0.0634,0.05598,0.06706,0,0,0
R034,441800,3920500,1.85411,1.26244,1.57505,1.22222,1.12484,0.15144,0.06837,0.06075,0.07343,0.06837,0.06075,0.07343,0,0,0
R035,441800,3920600,2.12332,1.43164,1.81535,1.38227,1.27705,0.17126,0.07763,0.06918,0.08482,0.07763,0.06918,0.08482,0,0,0
R036,441800,3920700,2.48937,1.69763,2.18196,1.62241,1.51698,0.20101,0.09102,0.08202,0.10185,0.09102,0.08202,0.10185,0,0,0
R037,441800,3920800,3.27673,2.25249,2.94651,2.12976,2.01688,0.26386,0.11961,0.10913,0.13761,0.11961,0.10913,0.13761,0,0,0
R038,441800,3920900,3.17192,2.47065,3.19537,2.23671,2.22015,0.27709,0.12158,0.11687,0.14638,0.12158,0.11687,0.14638,0,0,0
R039,441800,3921000,2.16312,1.99407,2.49756,1.72644,1.79619,0.21386,0.08945,0.09123,0.11128,0.08945,0.09123,0.11128,0,0,0
R040,441800,3921100,1.48411,1.35442,1.65273,1.18988,1.21673,0.14741,0.06125,0.06144,0.07311,0.06125,0.06144,0.07311,0,0,0
R041,441800,3921200,1.08511,0.9899,1.16593,0.88258,0.88644,0.10934,0.04491,0.04442,0.05095,0.04491,0.04442,0.05095,0,0,0
R042,441800,3921300,0.99546,0.89236,1.04447,0.80197,0.79823,0.09936,0.04071,0.03987,0.04544,0.04071,0.03987,0.04544,0,0,0
R043,441800,3921400,0.89033,0.79164,0.91555,0.71654,0.70721,0.08877,0.03613,0.03513,0.03951,0.03613,0.03513,0.03951,0,0,0
R044,441800,3921500,0.80098,0.71129,0.81198,0.64717,0.63469,0.08018,0.03235,0.03133,0.0347,0.03235,0.03133,0.0347,0,0,0
R045,441800,3921600,0.74981,0.66071,0.75127,0.60341,0.58922,0.07476,0.03001,0.02897,0.03189,0.03001,0.02897,0.03189,0,0,0
R046,441800,3921700,0.7,0.61433,0.69434,0.56292,0.54751,0.06974,0.02781,0.02677,0.02925,0.02781,0.02677,0.02925,0,0,0
R047,441800,3921800,0.6584,0.57427,0.64567,0.52814,0.51148,0.06544,0.02592,0.02486,0.02698,0.02592,0.02486,0.02698,0,0,0
R048,441800,3921900,0.64125,0.55097,0.6217,0.50831,0.49064,0.06298,0.02484,0.02373,0.02581,0.02484,0.02373,0.02581,0,0,0
R049,441800,3922000,0.64699,0.53891,0.61688,0.49939,0.48,0.06187,0.02442,0.02321,0.02556,0.02442,0.02321,0.02556,0,0,0
R050,441800,3922100,0.63635,0.51684,0.59751,0.48101,0.46035,0.0596,0.02346,0.02218,0.02462,0.02346,0.02218,0.02462,0,0,0
R051,441800,3922200,0.61764,0.49334,0.57357,0.46056,0.43938,0.05706,0.02233,0.02106,0.02345,0.02233,0.02106,0.02345,0,0,0
R052,441800,3922300,0.59357,0.467,0.54493,0.43739,0.41583,0.05419,0.021,0.01976,0.02201,0.021,0.01976,0.02201,0,0,0
R053,441800,3922400,0.57868,0.44542,0.52381,0.41896,0.39658,0.05191,0.02002,0.01876,0.02101,0.02002,0.01876,0.02101,0,0,0
R054,441800,3922500,0.5468,0.41466,0.4897,0.39133,0.36913,0.04849,0.01862,0.0174,0.01952,0.01862,0.0174,0.01952,0,0,0
R055,441800,3922600,0.50391,0.37892,0.44792,0.35847,0.33724,0.04442,0.01699,0.01586,0.01776,0.01699,0.01586,0.01776,0,0,0
R056,441800,3922700,0.4765,0.35562,0.42162,0.33695,0.3165,0.04175,0.01598,0.01488,0.01672,0.01598,0.01488,0.01672,0,0,0
R057,441800,3922800,0.44212,0.32651,0.38796,0.31022,0.29053,0.03844,0.01468,0.01363,0.01532,0.01468,0.01363,0.01532,0,0,0
R058,441800,3922900,0.40638,0.29823,0.35493,0.28379,0.26534,0.03516,0.01341,0.01244,0.01399,0.01341,0.01244,0.01399,0,0,0
R059,441800,3923000,0.36483,0.26961,0.31919,0.25648,0.23983,0.03178,0.01215,0.01127,0.01261,0.01215,0.01127,0.01261,0,0,0
R060,441800,3923100,0.31238,0.23708,0.27708,0.2246,0.21086,0.02783,0.01069,0.00996,0.01103,0.01069,0.00996,0.01103,0,0,0
R061,441800,3923200,0.28226,0.21652,0.2515,0.20487,0.19255,0.02538,0.00977,0.00912,0.01004,0.00977,0.00912,0.01004,0,0,0
R062,441800,3923300,0.2705,0.20417,0.23838,0.19386,0.18154,0.02402,0.00922,0.00857,0.00947,0.00922,0.00857,0.00947,0,0,0
R063,441900,3920300,1.70409,1.13581,1.38563,1.119,1.00902,0.13865,0.06285,0.05459,0.06484,0.06285,0.05459,0.06484,0,0,0
R064,441900,3920400,1.87893,1.24759,1.54292,1.22443,1.10955,0.15171,0.06893,0.06018,0.07229,0.06893,0.06018,0.07229,0,0,0
R065,441900,3920500,2.04713,1.35671,1.69845,1.32606,1.20788,0.1643,0.07478,0.06566,0.07964,0.07478,0.06566,0.07964,0,0,0
R066,441900,3920600,2.26306,1.53052,1.93371,1.47823,1.36495,0.18315,0.08303,0.07389,0.09041,0.08303,0.07389,0.09041,0,0,0
R067,441900,3920700,2.56656,1.74748,2.23392,1.67502,1.56061,0.20753,0.09405,0.08447,0.10438,0.09405,0.08447,0.10438,0,0,0
R068,441900,3920800,3.77653,2.40414,3.17527,2.33699,2.14784,0.28955,0.13406,0.11859,0.15033,0.13406,0.11859,0.15033,0,0,0
R069,441900,3920900,2.17542,1.75284,2.18697,1.59218,1.5716,0.19725,0.08531,0.08196,0.09925,0.08531,0.08196,0.09925,0,0,0
R070,441900,3921000,1.91502,1.83645,2.25955,1.58247,1.65339,0.19603,0.08103,0.08336,0.09997,0.08103,0.08336,0.09997,0,0,0
R071,441900,3921100,1.66777,1.5738,1.92826,1.36546,1.41572,0.16915,0.06993,0.07122,0.08518,0.06993,0.07122,0.08518,0,0,0
R072,441900,3921200,1.26634,1.16843,1.39601,1.03197,1.048,0.12785,0.05266,0.05254,0.06129,0.05266,0.05254,0.06129,0,0,0
R073,441900,3921300,1.0211,0.94785,1.10106,0.84509,0.8482,0.1047,0.04264,0.04223,0.04778,0.04264,0.04223,0.04778,0,0,0
R074,441900,3921400,0.8732,0.80408,0.91255,0.72517,0.71793,0.08984,0.03625,0.03549,0.03915,0.03625,0.03549,0.03915,0,0,0
R075,441900,3921500,0.81367,0.73974,0.83416,0.67127,0.65987,0.08317,0.03337,0.03246,0.03551,0.03337,0.03246,0.03551,0,0,0
R076,441900,3921600,0.77427,0.69444,0.78225,0.63293,0.61914,0.07842,0.03133,0.03035,0.0331,0.03133,0.03035,0.0331,0,0,0
R077,441900,3921700,0.73077,0.64871,0.72848,0.59371,0.57804,0.07356,0.02924,0.02819,0.03061,0.02924,0.02819,0.03061,0,0,0
R078,441900,3921800,0.69725,0.61237,0.68697,0.56243,0.54542,0.06968,0.02759,0.02649,0.02871,0.02759,0.02649,0.02871,0,0,0
R079,441900,3921900,0.68834,0.5935,0.67027,0.54683,0.52861,0.06775,0.0268,0.02564,0.02793,0.0268,0.02564,0.02793,0,0,0
R080,441900,3922000,0.67994,0.57345,0.65248,0.53048,0.51071,0.06573,0.02591,0.02468,0.02703,0.02591,0.02468,0.02703,0,0,0
R081,441900,3922100,0.65752,0.54455,0.62249,0.50562,0.48487,0.06265,0.02451,0.02327,0.02553,0.02451,0.02327,0.02553,0,0,0
R082,441900,3922200,0.64675,0.52282,0.60359,0.48738,0.46554,0.06039,0.02354,0.02225,0.02461,0.02354,0.02225,0.02461,0,0,0
R083,441900,3922300,0.62697,0.49708,0.57794,0.465,0.4426,0.05761,0.02232,0.02104,0.02336,0.02232,0.02104,0.02336,0,0,0
R084,441900,3922400,0.60737,0.46964,0.55045,0.44155,0.41809,0.05471,0.02102,0.01976,0.022,0.02102,0.01976,0.022,0,0,0
R085,441900,3922500,0.59845,0.45265,0.53559,0.42723,0.40298,0.05293,0.0203,0.01896,0.02132,0.0203,0.01896,0.02132,0,0,0
R086,441900,3922600,0.55829,0.4171,0.4953,0.39477,0.37128,0.04891,0.0187,0.01743,0.01962,0.0187,0.01743,0.01962,0,0,0
R087,441900,3922700,0.51878,0.38487,0.4577,0.36496,0.34255,0.04522,0.01727,0.01607,0.01809,0.01727,0.01607,0.01809,0,0,0
R088,441900,3922800,0.48426,0.35526,0.42368,0.33782,0.31614,0.04186,0.01595,0.0148,0.01669,0.01595,0.0148,0.01669,0,0,0
R089,441900,3922900,0.44549,0.32456,0.38796,0.30911,0.2888,0.0383,0.01458,0.01351,0.01526,0.01458,0.01351,0.01526,0,0,0
R090,441900,3923000,0.39809,0.29104,0.3463,0.27734,0.2589,0.03436,0.01309,0.01212,0.01362,0.01309,0.01212,0.01362,0,0,0
R091,441900,3923100,0.33799,0.25314,0.29725,0.24045,0.22513,0.02979,0.01139,0.01059,0.01176,0.01139,0.01059,0.01176,0,0,0
R092,441900,3923200,0.29977,0.22791,0.26543,0.21606,0.20266,0.02677,0.01026,0.00957,0.01054,0.01026,0.00957,0.01054,0,0,0
R093,441900,3923300,0.28649,0.21443,0.25101,0.20397,0.19065,0.02527,0.00967,0.00898,0.00993,0.00967,0.00898,0.00993,0,0,0
R094,442000,3920300,1.7793,1.17777,1.42903,1.16605,1.04547,0.14448,0.06562,0.05662,0.067,0.06562,0.05662,0.067,0,0,0
R095,442000,3920400,1.96925,1.28961,1.58922,1.27458,1.14588,0.15793,0.07202,0.06235,0.07468,0.07202,0.06235,0.07468,0,0,0
R096,442000,3920500,2.21538,1.43891,1.8023,1.41776,1.28004,0.17567,0.08041,0.06989,0.08486,0.08041,0.06989,0.08486,0,0,0
R097,442000,3920600,2.4838,1.62029,2.05611,1.58526,1.44344,0.19642,0.08995,0.07886,0.0968,0.08995,0.07886,0.0968,0,0,0
R098,442000,3920700,2.54927,1.73207,2.19658,1.66725,1.54553,0.20657,0.09363,0.08374,0.10269,0.09363,0.08374,0.10269,0,0,0
R099,442000,3920800,2.75021,1.92414,2.45392,1.82634,1.71985,0.22628,0.10186,0.09265,0.11419,0.10186,0.09265,0.11419,0,0,0
R100,442000,3920900,2.06049,1.76924,2.18033,1.58018,1.58782,0.19576,0.08332,0.08177,0.09806,0.08332,0.08177,0.09806,0,0,0
R101,442000,3921000,2.0207,1.98781,2.4393,1.70138,1.79051,0.21076,0.0867,0.08997,0.10771,0.0867,0.08997,0.10771,0,0,0
R102,442000,3921100,2.05649,2.06643,2.54818,1.75311,1.86325,0.21716,0.08882,0.09313,0.11218,0.08882,0.09313,0.11218,0,0,0
R103,442000,3921200,1.34166,1.30573,1.55165,1.13676,1.17239,0.14082,0.05739,0.05846,0.06778,0.05739,0.05846,0.06778,0,0,0
R104,442000,3921300,0.99319,0.94899,1.08261,0.84472,0.84861,0.10465,0.0423,0.04204,0.04673,0.0423,0.04204,0.04673,0,0,0
R105,442000,3921400,0.87418,0.82771,0.92639,0.74418,0.73876,0.0922,0.03701,0.03637,0.03963,0.03701,0.03637,0.03963,0,0,0
R106,442000,3921500,0.81489,0.76039,0.84418,0.68864,0.67793,0.08532,0.03407,0.03323,0.03583,0.03407,0.03323,0.03583,0,0,0
R107,442000,3921600,0.78567,0.72005,0.79986,0.65536,0.64165,0.0812,0.03229,0.03133,0.03373,0.03229,0.03133,0.03373,0,0,0
R108,442000,3921700,0.76096,0.68459,0.76265,0.62581,0.60985,0.07754,0.03073,0.02967,0.03197,0.03073,0.02967,0.03197,0,0,0
R109,442000,3921800,0.75451,0.6626,0.74483,0.60816,0.59027,0.07535,0.02989,0.02872,0.03118,0.02989,0.02872,0.03118,0,0,0
R110,442000,3921900,0.71736,0.62574,0.70168,0.57593,0.55719,0.07136,0.02815,0.02695,0.02917,0.02815,0.02695,0.02917,0,0,0
R111,442000,3922000,0.69636,0.59871,0.67353,0.55277,0.53302,0.06849,0.02689,0.02569,0.02782,0.02689,0.02569,0.02782,0,0,0
R112,442000,3922100,0.6929,0.58045,0.65962,0.53818,0.51678,0.06668,0.02607,0.02479,0.02706,0.02607,0.02479,0.02706,0,0,0
R113,442000,3922200,0.6857,0.55889,0.64225,0.52048,0.4976,0.06449,0.0251,0.02375,0.02615,0.0251,0.02375,0.02615,0,0,0
R114,442000,3922300,0.65998,0.52631,0.60919,0.49219,0.46853,0.06098,0.02356,0.02225,0.02456,0.02356,0.02225,0.02456,0,0,0
R115,442000,3922400,0.64417,0.50147,0.58591,0.47096,0.44641,0.05835,0.02241,0.02109,0.02342,0.02241,0.02109,0.02342,0,0,0
R116,442000,3922500,0.63772,0.48313,0.57076,0.45595,0.43008,0.05649,0.02159,0.02021,0.02264,0.02159,0.02021,0.02264,0,0,0
R117,442000,3922600,0.60859,0.45166,0.53746,0.42806,0.40202,0.05304,0.02019,0.01883,0.02118,0.02019,0.01883,0.02118,0,0,0
R118,442000,3922700,0.56694,0.41768,0.49827,0.39649,0.37175,0.04913,0.01869,0.01739,0.01961,0.01869,0.01739,0.01961,0,0,0
R119,442000,3922800,0.52741,0.38457,0.45988,0.36605,0.34223,0.04535,0.01722,0.01598,0.01804,0.01722,0.01598,0.01804,0,0,0
R120,442000,3922900,0.48291,0.348,0.41736,0.33224,0.30962,0.04117,0.01559,0.01444,0.0163,0.01559,0.01444,0.0163,0,0,0
R121,442000,3923000,0.43463,0.31417,0.37572,0.29996,0.27948,0.03717,0.0141,0.01304,0.0147,0.0141,0.01304,0.0147,0,0,0
R122,442000,3923100,0.37502,0.27666,0.3274,0.26336,0.24608,0.03263,0.01245,0.01154,0.0129,0.01245,0.01154,0.0129,0,0,0
R123,442000,3923200,0.32328,0.24333,0.28465,0.23107,0.21638,0.02863,0.01095,0.01019,0.01127,0.01095,0.01019,0.01127,0,0,0
R124,442000,3923300,0.30463,0.22581,0.26514,0.21524,0.20074,0.02667,0.01017,0.00943,0.01044,0.01017,0.00943,0.01044,0,0,0
R125,442100,3920300,1.82358,1.19712,1.44551,1.19141,1.06181,0.14763,0.06721,0.05769,0.06792,0.06721,0.05769,0.06792,0,0,0
R126,442100,3920400,1.90792,1.25454,1.52614,1.24415,1.11358,0.15416,0.07017,0.06063,0.07167,0.07017,0.06063,0.07167,0,0,0
R127,442100,3920500,2.33294,1.49121,1.86283,1.48063,1.32532,0.18346,0.08435,0.07265,0.08801,0.08435,0.07265,0.08801,0,0,0
R128,442100,3920600,2.57828,1.66474,2.10222,1.63895,1.4817,0.20308,0.09324,0.08118,0.09918,0.09324,0.08118,0.09918,0,0,0
R129,442100,3920700,3.50394,2.12916,2.78545,2.11998,1.89647,0.26268,0.12299,0.10574,0.133,0.12299,0.10574,0.133,0,0,0
R130,442100,3920800,2.67803,1.81763,2.30995,1.74883,1.62214,0.21668,0.09826,0.08786,0.10802,0.09826,0.08786,0.10802,0,0,0
R131,442100,3920900,1.86341,1.61986,1.96543,1.45039,1.45226,0.17968,0.07614,0.07444,0.08813,0.07614,0.07444,0.08813,0,0,0
R132,442100,3921000,1.97094,1.95728,2.38091,1.67698,1.76207,0.20774,0.08527,0.08838,0.10498,0.08527,0.08838,0.10498,0,0,0
R133,442100,3921100,2.60571,2.78788,3.45706,2.31524,2.5192,0.28678,0.116,0.12517,0.15164,0.116,0.12517,0.15164,0,0,0
R134,442100,3921200,1.18578,1.18646,1.36579,1.03802,1.06316,0.1286,0.05189,0.05263,0.05919,0.05189,0.05263,0.05919,0,0,0
R135,442100,3921300,1.08975,1.06259,1.21638,0.93884,0.95102,0.11631,0.04697,0.04711,0.05258,0.04697,0.04711,0.05258,0,0,0
R136,442100,3921400,0.9383,0.90213,1.01019,0.80729,0.80558,0.10002,0.04016,0.03968,0.04329,0.04016,0.03968,0.04329,0,0,0
R137,442100,3921500,0.86004,0.8163,0.90291,0.73662,0.72791,0.09126,0.03646,0.03569,0.03841,0.03646,0.03569,0.03841,0,0,0
R138,442100,3921600,0.81682,0.76256,0.84031,0.69236,0.67945,0.08578,0.03412,0.03319,0.03549,0.03412,0.03319,0.03549,0,0,0
R139,442100,3921700,0.81164,0.73799,0.81916,0.67345,0.65744,0.08344,0.03313,0.03202,0.03445,0.03313,0.03202,0.03445,0,0,0
R140,442100,3921800,0.81142,0.71559,0.80357,0.65622,0.6375,0.08131,0.03229,0.03105,0.0337,0.03229,0.03105,0.0337,0,0,0
R141,442100,3921900,0.75638,0.66532,0.74233,0.61186,0.59234,0.07581,0.02982,0.02862,0.03079,0.02982,0.02862,0.03079,0,0,0
R142,442100,3922000,0.71662,0.62235,0.69423,0.57454,0.55385,0.07119,0.02785,0.02668,0.02858,0.02785,0.02668,0.02858,0,0,0
R143,442100,3922100,0.71419,0.60734,0.68367,0.56239,0.54054,0.06968,0.02719,0.02593,0.02801,0.02719,0.02593,0.02801,0,0,0
R144,442100,3922200,0.71072,0.5866,0.66839,0.54576,0.52211,0.06762,0.02623,0.02493,0.02714,0.02623,0.02493,0.02714,0,0,0
R145,442100,3922300,0.70427,0.56456,0.6513,0.52768,0.50253,0.06538,0.02522,0.02386,0.02623,0.02522,0.02386,0.02623,0,0,0
R146,442100,3922400,0.70601,0.55188,0.64526,0.5175,0.49139,0.06412,0.02471,0.02323,0.02591,0.02471,0.02323,0.02591,0,0,0
R147,442100,3922500,0.69219,0.52753,0.62315,0.49688,0.4697,0.06156,0.02358,0.02209,0.0248,0.02358,0.02209,0.0248,0,0,0
R148,442100,3922600,0.67625,0.50058,0.59769,0.47424,0.44566,0.05876,0.02237,0.02084,0.02356,0.02237,0.02084,0.02356,0,0,0
R149,442100,3922700,0.6266,0.45722,0.54776,0.43473,0.40696,0.05387,0.02042,0.01898,0.02146,0.02042,0.01898,0.02146,0,0,0
R150,442100,3922800,0.57702,0.417,0.50051,0.39756,0.37109,0.04926,0.01864,0.01729,0.01955,0.01864,0.01729,0.01955,0,0,0
R151,442100,3922900,0.53947,0.38522,0.46454,0.36818,0.34279,0.04562,0.01725,0.01593,0.01811,0.01725,0.01593,0.01811,0,0,0
R152,442100,3923000,0.47922,0.3425,0.41202,0.32756,0.30472,0.04059,0.01535,0.01418,0.01606,0.01535,0.01418,0.01606,0,0,0
R153,442100,3923100,0.41134,0.29769,0.35454,0.28456,0.26474,0.03526,0.01337,0.01236,0.01385,0.01337,0.01236,0.01385,0,0,0
R154,442100,3923200,0.3465,0.25711,0.302,0.24495,0.22859,0.03035,0.01155,0.01071,0.01187,0.01155,0.01071,0.01187,0,0,0
R155,442100,3923300,0.32691,0.23989,0.28282,0.2291,0.21326,0.02839,0.01079,0.00997,0.01109,0.01079,0.00997,0.01109,0,0,0
R156,442200,3920300,1.87749,1.24311,1.48218,1.23894,1.10174,0.15352,0.06971,0.05956,0.06957,0.06971,0.05956,0.06957,0,0,0
R157,442200,3920400,2.16518,1.39098,1.70009,1.39011,1.234,0.17225,0.07899,0.06743,0.08028,0.07899,0.06743,0.08028,0,0,0
R158,442200,3920500,2.43791,1.54699,1.92222,1.54397,1.37377,0.19131,0.08814,0.07544,0.091,0.08814,0.07544,0.091,0,0,0
R159,442200,3920600,2.87965,1.79069,2.27271,1.78735,1.59197,0.22147,0.10278,0.08809,0.10804,0.10278,0.08809,0.10804,0,0,0
R160,442200,3920700,4.09341,2.38993,3.15355,2.41334,2.12661,0.29903,0.14164,0.11995,0.15178,0.14164,0.11995,0.15178,0,0,0
R161,442200,3920800,2.17329,1.60181,1.96488,1.51441,1.42938,0.18763,0.08304,0.07579,0.0905,0.08304,0.07579,0.0905,0,0,0
R162,442200,3920900,1.67935,1.49074,1.76857,1.33811,1.33468,0.16578,0.06977,0.06808,0.07894,0.06977,0.06808,0.07894,0,0,0
R163,442200,3921000,1.66981,1.66705,1.97473,1.44267,1.49745,0.17872,0.07308,0.07497,0.08674,0.07308,0.07497,0.08674,0,0,0
R164,442200,3921100,2.11918,2.24115,2.72264,1.88529,2.02077,0.23353,0.09448,0.10043,0.11922,0.09448,0.10043,0.11922,0,0,0
R165,442200,3921200,1.46624,1.51205,1.77263,1.30135,1.35816,0.16121,0.06503,0.06729,0.0771,0.06503,0.06729,0.0771,0,0,0
R166,442200,3921300,1.24491,1.24409,1.43652,1.08744,1.11506,0.13472,0.05437,0.05524,0.06226,0.05437,0.05524,0.06226,0,0,0
R167,442200,3921400,1.02279,0.99749,1.12043,0.88786,0.89133,0.11,0.0442,0.04398,0.04814,0.0442,0.04398,0.04814,0,0,0
R168,442200,3921500,0.90276,0.8711,0.95902,0.78368,0.77685,0.09709,0.03875,0.03807,0.04082,0.03875,0.03807,0.04082,0,0,0
R169,442200,3921600,0.87096,0.82518,0.9067,0.74684,0.73539,0.09253,0.03686,0.03595,0.03842,0.03686,0.03595,0.03842,0,0,0
R170,442200,3921700,0.84906,0.78631,0.86603,0.71576,0.70042,0.08868,0.03525,0.03417,0.03651,0.03525,0.03417,0.03651,0,0,0
R171,442200,3921800,0.83746,0.75497,0.8378,0.69075,0.67237,0.08558,0.03392,0.03271,0.03512,0.03392,0.03271,0.03512,0,0,0
R172,442200,3921900,0.80326,0.71411,0.79277,0.65581,0.63572,0.08126,0.03194,0.0307,0.03289,0.03194,0.0307,0.03289,0,0,0
R173,442200,3922000,0.77351,0.67489,0.75199,0.6224,0.60064,0.07712,0.03017,0.02891,0.03097,0.03017,0.02891,0.03097,0,0,0
R174,442200,3922100,0.75476,0.64775,0.72553,0.5992,0.57644,0.07424,0.02895,0.02767,0.02972,0.02895,0.02767,0.02972,0,0,0
R175,442200,3922200,0.74762,0.62592,0.70817,0.58123,0.55703,0.07202,0.02795,0.02662,0.0288,0.02795,0.02662,0.0288,0,0,0
R176,442200,3922300,0.74904,0.60649,0.69592,0.56614,0.53979,0.07015,0.02704,0.02564,0.02802,0.02704,0.02564,0.02802,0,0,0
R177,442200,3922400,0.76533,0.59988,0.70069,0.5622,0.53413,0.06966,0.02684,0.02525,0.02814,0.02684,0.02525,0.02814,0,0,0
R178,442200,3922500,0.74867,0.57269,0.67596,0.53891,0.50995,0.06677,0.0256,0.02399,0.02694,0.0256,0.02399,0.02694,0,0,0
R179,442200,3922600,0.73258,0.54435,0.64956,0.5151,0.48466,0.06382,0.02428,0.02265,0.0256,0.02428,0.02265,0.0256,0,0,0
R180,442200,3922700,0.70227,0.50823,0.61195,0.48365,0.45242,0.05993,0.02266,0.02105,0.0239,0.02266,0.02105,0.0239,0,0,0
R181,442200,3922800,0.64351,0.46113,0.55621,0.44008,0.4104,0.05453,0.02058,0.01907,0.02165,0.02058,0.01907,0.02165,0,0,0
R182,442200,3922900,0.59892,0.42346,0.51312,0.40537,0.37684,0.05023,0.01893,0.01746,0.01991,0.01893,0.01746,0.01991,0,0,0
R183,442200,3923000,0.53081,0.37392,0.45255,0.35859,0.33266,0.04443,0.01673,0.01541,0.01753,0.01673,0.01541,0.01753,0,0,0
R184,442200,3923100,0.45775,0.32502,0.39017,0.3118,0.28904,0.03863,0.01456,0.01337,0.01513,0.01456,0.01337,0.01513,0,0,0
R185,442200,3923200,0.38021,0.27843,0.32939,0.26571,0.24757,0.03292,0.01248,0.0115,0.01288,0.01248,0.0115,0.01288,0,0,0
R186,442200,3923300,0.35323,0.25627,0.30359,0.24526,0.22782,0.03039,0.01152,0.01061,0.01185,0.01152,0.01061,0.01185,0,0,0
R187,442300,3920300,1.85013,1.24463,1.45127,1.243,1.10163,0.15403,0.06956,0.05931,0.06791,0.06956,0.05931,0.06791,0,0,0
R188,442300,3920400,2.19147,1.41765,1.70972,1.42004,1.2565,0.17596,0.08048,0.06846,0.08065,0.08048,0.06846,0.08065,0,0,0
R189,442300,3920500,2.17835,1.45341,1.74657,1.43986,1.28945,0.17841,0.08094,0.07013,0.0819,0.08094,0.07013,0.0819,0,0,0
R190,442300,3920600,2.84938,1.78716,2.23678,1.78731,1.58732,0.22146,0.10246,0.0878,0.1062,0.10246,0.0878,0.1062,0,0,0
R191,442300,3920700,3.08185,1.92463,2.44309,1.91747,1.71138,0.23759,0.11017,0.09462,0.11608,0.11017,0.09462,0.11608,0,0,0
R192,442300,3920800,1.8784,1.44561,1.71977,1.36179,1.28845,0.16873,0.07367,0.06754,0.07853,0.07367,0.06754,0.07853,0,0,0
R193,442300,3920900,1.57549,1.39816,1.62617,1.26538,1.2496,0.15677,0.06589,0.0636,0.07247,0.06589,0.0636,0.07247,0,0,0
R194,442300,3921000,1.61027,1.57446,1.8435,1.37807,1.41202,0.17072,0.07013,0.07082,0.08113,0.07013,0.07082,0.08113,0,0,0
R195,442300,3921100,2.0355,2.14084,2.57537,1.81189,1.92835,0.22445,0.09092,0.09586,0.11279,0.09092,0.09586,0.11279,0,0,0
R196,442300,3921200,1.59767,1.67945,1.96841,1.43768,1.50926,0.1781,0.07172,0.07472,0.08565,0.07172,0.07472,0.08565,0,0,0
R197,442300,3921300,1.30133,1.32879,1.52205,1.15806,1.19085,0.14347,0.05774,0.05889,0.06591,0.05774,0.05889,0.06591,0,0,0
R198,442300,3921400,1.08631,1.08171,1.20835,0.9591,0.9667,0.11882,0.04766,0.04762,0.05193,0.04766,0.04762,0.05193,0,0,0
R199,442300,3921500,0.94821,0.93082,1.01851,0.83521,0.8301,0.10348,0.04126,0.04066,0.04337,0.04126,0.04066,0.04337,0,0,0
R200,442300,3921600,0.90791,0.8755,0.95499,0.79048,0.78017,0.09794,0.03896,0.03813,0.04047,0.03896,0.03813,0.04047,0,0,0
R201,442300,3921700,0.87114,0.82574,0.89855,0.74986,0.73531,0.09291,0.03684,0.03584,0.03786,0.03684,0.03584,0.03786,0,0,0
R202,442300,3921800,0.84984,0.78832,0.86017,0.7196,0.7017,0.08916,0.03523,0.03407,0.03602,0.03523,0.03407,0.03602,0,0,0
R203,442300,3921900,0.83464,0.75574,0.8304,0.69289,0.67259,0.08585,0.03376,0.03252,0.03451,0.03376,0.03252,0.03451,0,0,0
R204,442300,3922000,0.82593,0.72847,0.80802,0.67072,0.6483,0.0831,0.03252,0.03122,0.03332,0.03252,0.03122,0.03332,0,0,0
R205,442300,3922100,0.80556,0.69537,0.7762,0.64287,0.61875,0.07965,0.03102,0.02971,0.03177,0.03102,0.02971,0.03177,0,0,0
R206,442300,3922200,0.79382,0.6717,0.7558,0.62294,0.59771,0.07718,0.02995,0.02859,0.03076,0.02995,0.02859,0.03076,0,0,0
R207,442300,3922300,0.79977,0.65667,0.74965,0.61144,0.58447,0.07576,0.02928,0.0278,0.0303,0.02928,0.0278,0.0303,0,0,0
R208,442300,3922400,0.80395,0.63627,0.73819,0.59582,0.56639,0.07382,0.02833,0.02676,0.02953,0.02833,0.02676,0.02953,0,0,0
R209,442300,3922500,0.80578,0.61852,0.72843,0.58178,0.55071,0.07208,0.02756,0.02587,0.02896,0.02756,0.02587,0.02896,0,0,0
R210,442300,3922600,0.78287,0.58451,0.69558,0.55271,0.52039,0.06848,0.02601,0.02435,0.02737,0.02601,0.02435,0.02737,0,0,0
R211,442300,3922700,0.78412,0.5669,0.68491,0.53895,0.50478,0.06678,0.02525,0.02344,0.02676,0.02525,0.02344,0.02676,0,0,0
R212,442300,3922800,0.72964,0.51761,0.62848,0.49446,0.46077,0.06127,0.02307,0.02134,0.02439,0.02307,0.02134,0.02439,0,0,0
R213,442300,3922900,0.66744,0.4669,0.56842,0.44781,0.4155,0.05549,0.02083,0.01918,0.02195,0.02083,0.01918,0.02195,0,0,0
R214,442300,3923000,0.60025,0.41628,0.50779,0.40024,0.37039,0.04959,0.01861,0.01709,0.01957,0.01861,0.01709,0.01957,0,0,0
R215,442300,3923100,0.5179,0.36264,0.43905,0.34849,0.32257,0.04318,0.01624,0.01493,0.01697,0.01624,0.01493,0.01697,0,0,0
R216,442300,3923200,0.42158,0.30431,0.36219,0.2912,0.27058,0.03608,0.01365,0.01258,0.01411,0.01365,0.01258,0.01411,0,0,0
R217,442300,3923300,0.38423,0.27532,0.32795,0.26408,0.24476,0.03272,0.01236,0.01136,0.01275,0.01236,0.01136,0.01275,0,0,0
R218,442400,3920300,1.89565,1.28064,1.46897,1.28455,1.13207,0.15918,0.07175,0.06082,0.0687,0.07175,0.06082,0.0687,0,0,0
R219,442400,3920400,2.30969,1.47771,1.76878,1.49111,1.30821,0.18477,0.08473,0.07138,0.08364,0.08473,0.07138,0.08364,0,0,0
R220,442400,3920500,2.55554,1.61795,1.97308,1.62814,1.43415,0.20175,0.09291,0.07873,0.0935,0.09291,0.07873,0.0935,0,0,0
R221,442400,3920600,3.43077,2.04491,2.602,2.07648,1.81492,0.2573,0.12083,0.10168,0.1248,0.12083,0.10168,0.1248,0,0,0
R222,442400,3920700,2.29708,1.57782,1.89819,1.54462,1.40163,0.19139,0.08618,0.07564,0.08853,0.08618,0.07564,0.08853,0,0,0
R223,442400,3920800,1.5855,1.30973,1.49114,1.22433,1.16572,0.1517,0.06485,0.06016,0.06713,0.06485,0.06016,0.06713,0,0,0
R224,442400,3920900,1.40542,1.3271,1.48631,1.19548,1.18448,0.14811,0.06118,0.05975,0.06545,0.06118,0.05975,0.06545,0,0,0
R225,442400,3921000,1.41885,1.41811,1.60087,1.25169,1.26859,0.15507,0.0632,0.06341,0.06997,0.0632,0.06341,0.06997,0,0,0
R226,442400,3921100,1.73065,1.79189,2.10006,1.54106,1.60966,0.19091,0.07743,0.08006,0.09184,0.07743,0.08006,0.09184,0,0,0
R227,442400,3921200,1.7691,1.89448,2.22434,1.61205,1.70357,0.1997,0.08031,0.08424,0.09684,0.08031,0.08424,0.09684,0,0,0
R228,442400,3921300,1.51504,1.59302,1.84145,1.37159,1.42988,0.16991,0.06829,0.07066,0.07991,0.06829,0.07066,0.07991,0,0,0
R229,442400,3921400,1.14868,1.17759,1.30537,1.03861,1.05254,0.12867,0.05146,0.05174,0.05609,0.05146,0.05174,0.05609,0,0,0
R230,442400,3921500,1.02452,1.02523,1.11892,0.91584,0.91458,0.11347,0.04525,0.04481,0.04775,0.04525,0.04481,0.04775,0,0,0
R231,442400,3921600,0.94619,0.92654,1.0023,0.8355,0.82545,0.10352,0.04115,0.04038,0.04249,0.04115,0.04038,0.04249,0,0,0
R232,442400,3921700,0.89817,0.86335,0.92989,0.78383,0.76847,0.09712,0.03848,0.03753,0.03918,0.03848,0.03753,0.03918,0,0,0
R233,442400,3921800,0.87181,0.82242,0.88619,0.75053,0.73167,0.09299,0.03672,0.03561,0.03712,0.03672,0.03561,0.03712,0,0,0
R234,442400,3921900,0.86053,0.79387,0.86139,0.72723,0.7062,0.0901,0.03545,0.03425,0.03585,0.03545,0.03425,0.03585,0,0,0
R235,442400,3922000,0.85637,0.76929,0.84386,0.70733,0.68439,0.08764,0.03432,0.03306,0.03487,0.03432,0.03306,0.03487,0,0,0
R236,442400,3922100,0.85305,0.74526,0.8262,0.68821,0.66301,0.08527,0.03322,0.03191,0.03385,0.03322,0.03191,0.03385,0,0,0
R237,442400,3922200,0.85399,0.7278,0.81643,0.6742,0.64761,0.08354,0.03242,0.031,0.03325,0.03242,0.031,0.03325,0,0,0
R238,442400,3922300,0.85788,0.71236,0.80935,0.66212,0.63402,0.08204,0.03174,0.03017,0.03279,0.03174,0.03017,0.03279,0,0,0
R239,442400,3922400,0.85185,0.68311,0.7866,0.63873,0.60796,0.07914,0.03038,0.02883,0.0315,0.03038,0.02883,0.0315,0,0,0
R240,442400,3922500,0.85989,0.66302,0.77699,0.62379,0.59017,0.07729,0.02946,0.02776,0.03078,0.02946,0.02776,0.03078,0,0,0
R241,442400,3922600,0.85589,0.63953,0.76073,0.60465,0.56937,0.07492,0.02842,0.02664,0.02991,0.02842,0.02664,0.02991,0,0,0
R242,442400,3922700,0.8467,0.61348,0.73975,0.58317,0.54621,0.07226,0.02726,0.02538,0.02884,0.02726,0.02538,0.02884,0,0,0
R243,442400,3922800,0.82634,0.58041,0.70867,0.55517,0.51673,0.06879,0.02581,0.02385,0.02739,0.02581,0.02385,0.02739,0,0,0
R244,442400,3922900,0.76487,0.53073,0.65084,0.50902,0.47246,0.06307,0.0236,0.02159,0.02504,0.0236,0.02159,0.02504,0,0,0
R245,442400,3923000,0.68583,0.4683,0.57585,0.45136,0.41672,0.05593,0.02089,0.01912,0.02207,0.02089,0.01912,0.02207,0,0,0
R246,442400,3923100,0.58764,0.40537,0.49502,0.39034,0.36064,0.04837,0.01813,0.01662,0.01904,0.01813,0.01662,0.01904,0,0,0
R247,442400,3923200,0.47453,0.33572,0.40337,0.32237,0.29853,0.03994,0.01504,0.01381,0.01561,0.01504,0.01381,0.01561,0,0,0
R248,442400,3923300,0.42334,0.29941,0.35927,0.28768,0.26621,0.03565,0.01342,0.01226,0.01389,0.01342,0.01226,0.01389,0,0,0
R249,442500,3920300,2.15036,1.39267,1.62348,1.41211,1.23066,0.17498,0.07985,0.06713,0.0766,0.07985,0.06713,0.0766,0,0,0
R250,442500,3920400,2.18855,1.45206,1.68113,1.46192,1.28368,0.18116,0.08212,0.06929,0.07894,0.08212,0.06929,0.07894,0,0,0
R251,442500,3920500,2.17636,1.47282,1.70382,1.47179,1.30301,0.18238,0.08224,0.07059,0.07968,0.08224,0.07059,0.07968,0,0,0
R252,442500,3920600,3.79025,2.20105,2.81015,2.25771,1.95173,0.27976,0.13232,0.10999,0.1355,0.13232,0.10999,0.1355,0,0,0
R253,442500,3920700,1.94096,1.40462,1.62438,1.36836,1.24595,0.16955,0.07509,0.0661,0.07493,0.07509,0.0661,0.07493,0,0,0
R254,442500,3920800,1.36639,1.21643,1.31757,1.13045,1.08077,0.14007,0.0586,0.05504,0.05839,0.0586,0.05504,0.05839,0,0,0
R255,442500,3920900,1.26915,1.23365,1.31757,1.12168,1.09769,0.13898,0.05684,0.05514,0.0575,0.05684,0.05514,0.0575,0,0,0
R256,442500,3921000,1.3162,1.3394,1.45137,1.19505,1.1947,0.14806,0.05994,0.05923,0.06301,0.05994,0.05923,0.06301,0,0,0
R257,442500,3921100,1.44967,1.49918,1.68052,1.31377,1.34155,0.16276,0.06577,0.06662,0.07307,0.06577,0.06662,0.07307,0,0,0
R258,442500,3921200,1.74273,1.86002,2.15795,1.59245,1.6707,0.19727,0.07937,0.0827,0.0939,0.07937,0.0827,0.0939,0,0,0
R259,442500,3921300,2.14918,2.33939,2.79406,1.96659,2.10769,0.24361,0.09784,0.10424,0.1218,0.09784,0.10424,0.1218,0,0,0
R260,442500,3921400,1.24845,1.3067,1.44779,1.1461,1.16854,0.14199,0.05678,0.05752,0.06234,0.05678,0.05752,0.06234,0,0,0
R261,442500,3921500,1.10185,1.12612,1.22344,1.00185,1.00479,0.12412,0.04953,0.0493,0.05236,0.04953,0.0493,0.05236,0,0,0
R262,442500,3921600,1.03009,1.02912,1.11067,0.92363,0.91718,0.11443,0.04556,0.04487,0.04726,0.04556,0.04487,0.04726,0,0,0
R263,442500,3921700,0.97201,0.95005,1.02034,0.85942,0.84585,0.10648,0.04225,0.04126,0.04314,0.04225,0.04126,0.04314,0,0,0
R264,442500,3921800,0.92649,0.88691,0.9497,0.80786,0.78898,0.10009,0.03957,0.03842,0.03988,0.03957,0.03842,0.03988,0,0,0
R265,442500,3921900,0.90352,0.8483,0.91149,0.77594,0.75441,0.09614,0.03787,0.03669,0.03804,0.03787,0.03669,0.03804,0,0,0
R266,442500,3922000,0.90105,0.82538,0.89601,0.75748,0.7341,0.09385,0.03683,0.03552,0.03716,0.03683,0.03552,0.03716,0,0,0
R267,442500,3922100,0.90704,0.80687,0.88818,0.74306,0.71781,0.09207,0.03598,0.03454,0.03658,0.03598,0.03454,0.03658,0,0,0
R268,442500,3922200,0.90712,0.78407,0.87401,0.72489,0.69762,0.08981,0.03491,0.03344,0.0357,0.03491,0.03344,0.0357,0,0,0
R269,442500,3922300,0.91137,0.76535,0.86384,0.71055,0.68105,0.08804,0.03404,0.03251,0.035,0.03404,0.03251,0.035,0,0,0
R270,442500,3922400,0.91591,0.74427,0.85095,0.69479,0.66229,0.08609,0.03308,0.03137,0.03414,0.03308,0.03137,0.03414,0,0,0
R271,442500,3922500,0.92799,0.72512,0.84532,0.68054,0.64546,0.08432,0.03219,0.03034,0.03358,0.03219,0.03034,0.03358,0,0,0
R272,442500,3922600,0.94032,0.70605,0.83875,0.66673,0.62863,0.08261,0.03133,0.02937,0.03298,0.03133,0.02937,0.03298,0,0,0
R273,442500,3922700,0.93496,0.67874,0.81848,0.64472,0.60436,0.07988,0.03012,0.02806,0.0319,0.03012,0.02806,0.0319,0,0,0
R274,442500,3922800,0.92435,0.64906,0.79495,0.62011,0.57801,0.07683,0.02881,0.02668,0.03072,0.02881,0.02668,0.03072,0,0,0
R275,442500,3922900,0.878,0.60112,0.74228,0.57778,0.53518,0.07159,0.02671,0.02448,0.02846,0.02671,0.02448,0.02846,0,0,0
R276,442500,3923000,0.79616,0.53745,0.66688,0.51832,0.47844,0.06422,0.02391,0.02179,0.02546,0.02391,0.02179,0.02546,0,0,0
R277,442500,3923100,0.67885,0.4601,0.56786,0.44402,0.40945,0.05502,0.0205,0.01864,0.0217,0.0205,0.01864,0.0217,0,0,0
R278,442500,3923200,0.54964,0.3802,0.46268,0.36621,0.33818,0.04538,0.01699,0.01545,0.01777,0.01699,0.01545,0.01777,0,0,0
R279,442500,3923300,0.47703,0.33215,0.40243,0.31972,0.2954,0.03962,0.01485,0.01348,0.01548,0.01485,0.01348,0.01548,0,0,0
R280,442600,3920300,2.33647,1.51632,1.7473,1.54268,1.33868,0.19117,0.08717,0.07248,0.08246,0.08717,0.07248,0.08246,0,0,0
R281,442600,3920400,2.56853,1.64617,1.9261,1.67399,1.45449,0.20744,0.09501,0.07899,0.09114,0.09501,0.07899,0.09114,0,0,0
R282,442600,3920500,2.39063,1.58815,1.83658,1.59883,1.40393,0.19812,0.08981,0.07603,0.08626,0.08981,0.07603,0.08626,0,0,0
R283,442600,3920600,2.715,1.73092,2.06899,1.75007,1.53194,0.21686,0.09957,0.08389,0.09795,0.09957,0.08389,0.09795,0,0,0
R284,442600,3920700,1.51746,1.23702,1.325,1.18794,1.09492,0.1472,0.06296,0.05649,0.05962,0.06296,0.05649,0.05962,0,0,0
R285,442600,3920800,1.25598,1.17955,1.20858,1.09984,1.04508,0.13628,0.05614,0.0531,0.05287,0.05614,0.0531,0.05287,0,0,0
R286,442600,3920900,1.23009,1.20771,1.24941,1.10761,1.07221,0.13724,0.05592,0.0538,0.05428,0.05592,0.0538,0.05428,0,0,0
R287,442600,3921000,1.27041,1.29998,1.36183,1.17278,1.15658,0.14531,0.05866,0.05702,0.05887,0.05866,0.05702,0.05887,0,0,0
R288,442600,3921100,1.40648,1.47114,1.5961,1.3017,1.3133,0.16127,0.0649,0.06465,0.06907,0.0649,0.06465,0.06907,0,0,0
R289,442600,3921200,1.63895,1.75344,1.97746,1.51807,1.57127,0.18807,0.07549,0.07735,0.08574,0.07549,0.07735,0.08574,0,0,0
R290,442600,3921300,2.56553,2.84913,3.41846,2.37677,2.56926,0.29441,0.11795,0.12665,0.149,0.11795,0.12665,0.149,0,0,0
R291,442600,3921400,1.41395,1.50588,1.68124,1.31049,1.34812,0.16235,0.0649,0.0664,0.07254,0.0649,0.0664,0.07254,0,0,0
R292,442600,3921500,1.12064,1.15976,1.24086,1.03426,1.03388,0.12814,0.05112,0.05097,0.0531,0.05112,0.05097,0.0531,0,0,0
R293,442600,3921600,1.03393,1.04955,1.10888,0.94531,0.93419,0.11712,0.04662,0.0459,0.04719,0.04662,0.0459,0.04719,0,0,0
R294,442600,3921700,0.9919,0.98684,1.04228,0.89381,0.87787,0.11074,0.04396,0.04303,0.04411,0.04396,0.04303,0.04411,0,0,0
R295,442600,3921800,0.97052,0.94508,1.00154,0.85998,0.84043,0.10655,0.04217,0.04104,0.04215,0.04217,0.04104,0.04215,0,0,0
R296,442600,3921900,0.9601,0.91567,0.97632,0.83621,0.81419,0.10361,0.04088,0.03962,0.04087,0.04088,0.03962,0.04087,0,0,0
R297,442600,3922000,0.94985,0.88726,0.95289,0.81287,0.78891,0.10072,0.03959,0.03828,0.03965,0.03959,0.03828,0.03965,0,0,0
R298,442600,3922100,0.94713,0.86179,0.93578,0.7923,0.76634,0.09817,0.03841,0.03709,0.03865,0.03841,0.03709,0.03865,0,0,0
R299,442600,3922200,0.94893,0.83576,0.91855,0.77232,0.74319,0.09569,0.03723,0.03586,0.03759,0.03723,0.03586,0.03759,0,0,0
R300,442600,3922300,0.9645,0.82481,0.92137,0.76437,0.73375,0.09471,0.03666,0.03501,0.03742,0.03666,0.03501,0.03742,0,0,0
R301,442600,3922400,0.99173,0.82317,0.93623,0.76472,0.73269,0.09475,0.03648,0.0346,0.03774,0.03648,0.0346,0.03774,0,0,0
R302,442600,3922500,1.01001,0.80088,0.92879,0.74946,0.71294,0.09286,0.03551,0.03352,0.03702,0.03551,0.03352,0.03702,0,0,0
R303,442600,3922600,1.02879,0.78167,0.92698,0.73563,0.69614,0.09115,0.03464,0.0326,0.0366,0.03464,0.0326,0.0366,0,0,0
R304,442600,3922700,1.04047,0.75833,0.9152,0.71906,0.67538,0.08909,0.0336,0.03139,0.03571,0.0336,0.03139,0.03571,0,0,0
R305,442600,3922800,1.0363,0.72851,0.89342,0.69532,0.64887,0.08615,0.03228,0.02985,0.03451,0.03228,0.02985,0.03451,0,0,0
R306,442600,3922900,1.01341,0.69016,0.85829,0.66277,0.61472,0.08212,0.03062,0.02818,0.03289,0.03062,0.02818,0.03289,0,0,0
R307,442600,3923000,0.9311,0.61899,0.77469,0.59834,0.55112,0.07414,0.02753,0.02513,0.02947,0.02753,0.02513,0.02947,0,0,0
R308,442600,3923100,0.80008,0.53082,0.66268,0.51403,0.47247,0.06369,0.02363,0.02141,0.02517,0.02363,0.02141,0.02517,0,0,0
R309,442600,3923200,0.65592,0.44205,0.5461,0.42734,0.39332,0.05295,0.0197,0.0178,0.02082,0.0197,0.0178,0.02082,0,0,0
R310,442600,3923300,0.55431,0.37575,0.46149,0.3633,0.33423,0.04501,0.01677,0.01513,0.01761,0.01677,0.01513,0.01761,0,0,0
R311,442700,3920300,2.6206,1.70431,1.9396,1.74022,1.50316,0.21565,0.09825,0.08025,0.09156,0.09825,0.08025,0.09156,0,0,0
R312,442700,3920400,2.74824,1.77846,2.04542,1.81274,1.56965,0.22463,0.10255,0.08464,0.09665,0.10255,0.08464,0.09665,0,0,0
R313,442700,3920500,2.63466,1.71734,1.98335,1.74279,1.51674,0.21596,0.09841,0.08227,0.09355,0.09841,0.08227,0.09355,0,0,0
R314,442700,3920600,1.97395,1.42275,1.56167,1.4146,1.25623,0.17529,0.07754,0.06667,0.07209,0.07754,0.06667,0.07209,0,0,0
R315,442700,3920700,1.45201,1.2157,1.25076,1.17339,1.07358,0.1454,0.06168,0.05483,0.05591,0.06168,0.05483,0.05591,0,0,0
R316,442700,3920800,1.29328,1.17577,1.19143,1.11139,1.03983,0.13771,0.05718,0.05246,0.05239,0.05718,0.05246,0.05239,0,0,0
R317,442700,3920900,1.28701,1.21933,1.2551,1.13214,1.08099,0.14028,0.05768,0.05416,0.05486,0.05768,0.05416,0.05486,0,0,0
R318,442700,3921000,1.27796,1.27623,1.32598,1.16291,1.13396,0.14409,0.0585,0.05643,0.0575,0.0585,0.05643,0.0575,0,0,0
R319,442700,3921100,1.3444,1.40736,1.47512,1.26131,1.25293,0.15627,0.06278,0.06151,0.06359,0.06278,0.06151,0.06359,0,0,0
R320,442700,3921200,1.43626,1.52627,1.64652,1.3474,1.36245,0.16693,0.06689,0.06713,0.07104,0.06689,0.06713,0.07104,0,0,0
R321,442700,3921300,1.81001,1.96804,2.23378,1.69164,1.76525,0.20956,0.08387,0.08687,0.09678,0.08387,0.08687,0.09678,0,0,0
R322,442700,3921400,1.61447,1.74156,1.9569,1.50636,1.56047,0.18662,0.07458,0.077,0.08455,0.07458,0.077,0.08455,0,0,0
R323,442700,3921500,1.21846,1.27436,1.3616,1.1338,1.13622,0.14047,0.05603,0.05608,0.05833,0.05603,0.05608,0.05833,0,0,0
R324,442700,3921600,1.11461,1.1474,1.20698,1.0312,1.02133,0.12776,0.05089,0.05026,0.05147,0.05089,0.05026,0.05147,0,0,0
R325,442700,3921700,1.05091,1.06515,1.11213,0.96391,0.94716,0.11943,0.04747,0.04654,0.0472,0.04747,0.04654,0.0472,0,0,0
R326,442700,3921800,1.02131,1.0159,1.06314,0.92323,0.90305,0.11439,0.04535,0.04421,0.04489,0.04535,0.04421,0.04489,0,0,0
R327,442700,3921900,1.00864,0.98222,1.0349,0.89562,0.87306,0.11097,0.04386,0.04258,0.04347,0.04386,0.04258,0.04347,0,0,0
R328,442700,3922000,1.00284,0.95658,1.01513,0.87496,0.85025,0.10841,0.04268,0.04148,0.04237,0.04268,0.04148,0.04237,0,0,0
R329,442700,3922100,0.99963,0.93016,0.99747,0.85352,0.82686,0.10575,0.04147,0.04027,0.04137,0.04147,0.04027,0.04137,0,0,0
R330,442700,3922200,1.00512,0.90657,0.98436,0.83559,0.80595,0.10353,0.0404,0.03903,0.04049,0.0404,0.03903,0.04049,0,0,0
R331,442700,3922300,1.02781,0.89717,0.99236,0.82928,0.79799,0.10275,0.03987,0.03816,0.04048,0.03987,0.03816,0.04048,0,0,0
R332,442700,3922400,1.04287,0.87902,0.99072,0.81549,0.78219,0.10104,0.039,0.0372,0.04008,0.039,0.0372,0.04008,0,0,0
R333,442700,3922500,1.08159,0.87954,1.01186,0.81884,0.7831,0.10146,0.03892,0.03687,0.04058,0.03892,0.03687,0.04058,0,0,0
R334,442700,3922600,1.12307,0.86544,1.01986,0.81253,0.77072,0.10067,0.0383,0.03605,0.04035,0.0383,0.03605,0.04035,0,0,0
R335,442700,3922700,1.15316,0.85116,1.02513,0.80409,0.75828,0.09963,0.03761,0.03512,0.04012,0.03761,0.03512,0.04012,0,0,0
R336,442700,3922800,1.18291,0.83812,1.03021,0.79686,0.74688,0.09873,0.037,0.03425,0.03989,0.037,0.03425,0.03989,0,0,0
R337,442700,3922900,1.19068,0.81676,1.02131,0.78039,0.72808,0.09669,0.03602,0.03303,0.03921,0.03602,0.03303,0.03921,0,0,0
R338,442700,3923000,1.14793,0.75852,0.9601,0.73145,0.6759,0.09063,0.03354,0.03044,0.03646,0.03354,0.03044,0.03646,0,0,0
R339,442700,3923100,0.98053,0.63937,0.8093,0.61974,0.56941,0.07679,0.02837,0.0256,0.03059,0.02837,0.0256,0.03059,0,0,0
R340,442700,3923200,0.79227,0.52082,0.65287,0.50527,0.46356,0.06261,0.02318,0.02085,0.02471,0.02318,0.02085,0.02471,0,0,0
R341,442700,3923300,0.61506,0.41272,0.50948,0.39976,0.36713,0.04953,0.01843,0.01662,0.01939,0.01843,0.01662,0.01939,0,0,0
R342,442800,3920300,2.48863,1.73583,1.85793,1.76212,1.52752,0.21837,0.09742,0.08139,0.08647,0.09742,0.08139,0.08647,0,0,0
R343,442800,3920400,2.56239,1.77784,1.9225,1.80212,1.56547,0.22332,0.09981,0.08314,0.08956,0.09981,0.08314,0.08956,0,0,0
R344,442800,3920500,2.31676,1.63865,1.77082,1.64951,1.44394,0.20441,0.09086,0.07612,0.08212,0.09086,0.07612,0.08212,0,0,0
R345,442800,3920600,1.69164,1.33812,1.36548,1.31972,1.17864,0.16354,0.0704,0.0611,0.06175,0.0704,0.0611,0.06175,0,0,0
R346,442800,3920700,1.41726,1.22052,1.20552,1.18325,1.07547,0.14663,0.06168,0.05481,0.05349,0.06168,0.05481,0.05349,0,0,0
R347,442800,3920800,1.25985,1.20015,1.15239,1.13876,1.0586,0.14111,0.05786,0.05306,0.05008,0.05786,0.05306,0.05008,0,0,0
R348,442800,3920900,1.25014,1.19844,1.1788,1.12617,1.05916,0.13955,0.05714,0.05291,0.05124,0.05714,0.05291,0.05124,0,0,0
R349,442800,3921000,1.2795,1.25862,1.27043,1.16369,1.11534,0.14419,0.05873,0.05549,0.05511,0.05873,0.05549,0.05511,0,0,0
R350,442800,3921100,1.3471,1.40755,1.42346,1.27855,1.24956,0.15842,0.06364,0.06101,0.06122,0.06364,0.06101,0.06122,0,0,0
R351,442800,3921200,1.40327,1.48865,1.55741,1.33016,1.32556,0.1648,0.06602,0.06522,0.06703,0.06602,0.06522,0.06703,0,0,0
R352,442800,3921300,1.78621,1.93763,2.15374,1.68099,1.73483,0.20825,0.08335,0.08509,0.09318,0.08335,0.08509,0.09318,0,0,0
R353,442800,3921400,2.33568,2.5878,3.01567,2.18823,2.3275,0.27107,0.10839,0.1145,0.13098,0.10839,0.1145,0.13098,0,0,0
R354,442800,3921500,1.43547,1.52753,1.6558,1.34525,1.36416,0.16666,0.06652,0.06728,0.07117,0.06652,0.06728,0.07117,0,0,0
R355,442800,3921600,1.19884,1.24575,1.30103,1.11972,1.10852,0.13873,0.05525,0.05469,0.0555,0.05525,0.05469,0.0555,0,0,0
R356,442800,3921700,1.13799,1.16727,1.21317,1.05468,1.03793,0.13068,0.05198,0.051,0.05158,0.05198,0.051,0.05158,0,0,0
R357,442800,3921800,1.1001,1.1132,1.15526,1.01002,0.98936,0.12514,0.04969,0.04843,0.04894,0.04969,0.04843,0.04894,0,0,0
R358,442800,3921900,1.07734,1.07348,1.11628,0.97729,0.95381,0.12109,0.04793,0.04681,0.04705,0.04793,0.04681,0.04705,0,0,0
R359,442800,3922000,1.06119,1.03451,1.07906,0.94638,0.91883,0.11726,0.04626,0.04529,0.04518,0.04626,0.04529,0.04518,0,0,0
R360,442800,3922100,1.05554,1.00459,1.05888,0.92168,0.89239,0.1142,0.04489,0.04371,0.04408,0.04489,0.04371,0.04408,0,0,0
R361,442800,3922200,1.06247,0.98522,1.05321,0.90594,0.87549,0.11225,0.04395,0.04246,0.04356,0.04395,0.04246,0.04356,0,0,0
R362,442800,3922300,1.07921,0.96521,1.05461,0.88976,0.85829,0.11024,0.04294,0.04146,0.04327,0.04294,0.04146,0.04327,0,0,0
R363,442800,3922400,1.10619,0.95002,1.06183,0.87904,0.8453,0.10891,0.04216,0.04053,0.04316,0.04216,0.04053,0.04316,0,0,0
R364,442800,3922500,1.14239,0.94758,1.07995,0.87977,0.84356,0.109,0.04194,0.03996,0.04351,0.04194,0.03996,0.04351,0,0,0
R365,442800,3922600,1.20549,0.95802,1.1187,0.89337,0.8534,0.11069,0.04228,0.03994,0.04461,0.04228,0.03994,0.04461,0,0,0
R366,442800,3922700,1.30146,0.98463,1.18402,0.92271,0.87786,0.11432,0.04329,0.04052,0.04666,0.04329,0.04052,0.04666,0,0,0
R367,442800,3922800,1.34478,0.9674,1.18949,0.91455,0.86262,0.11331,0.04254,0.03949,0.04627,0.04254,0.03949,0.04627,0,0,0
R368,442800,3922900,1.42406,0.97749,1.23024,0.93118,0.87191,0.11537,0.04294,0.03947,0.04727,0.04294,0.03947,0.04727,0,0,0
R369,442800,3923000,1.41231,0.9295,1.1887,0.89382,0.82893,0.11075,0.04091,0.03729,0.04513,0.04091,0.03729,0.04513,0,0,0
R370,442800,3923100,1.29067,0.82037,1.05811,0.79694,0.73112,0.09874,0.03626,0.03264,0.03974,0.03626,0.03264,0.03974,0,0,0
R371,442800,3923200,1.02027,0.64454,0.82543,0.62954,0.57387,0.078,0.02863,0.02563,0.03089,0.02863,0.02563,0.03089,0,0,0
R372,442800,3923300,0.78565,0.48624,0.62017,0.47967,0.43237,0.05944,0.02175,0.01943,0.02301,0.02175,0.01943,0.02301,0,0,0
R373,442900,3920300,1.70461,1.44724,1.34423,1.4365,1.26895,0.17802,0.07518,0.07375,0.05981,0.07518,0.07375,0.05981,0,0,0
R374,442900,3920400,2.3217,1.82064,1.77918,1.82596,1.5979,0.22628,0.09767,0.08554,0.08071,0.09767,0.08554,0.08071,0,0,0
R375,442900,3920500,2.06561,1.61929,1.60408,1.61728,1.42261,0.20042,0.08648,0.07223,0.07272,0.08648,0.07223,0.07272,0,0,0
R376,442900,3920600,1.59441,1.35452,1.29247,1.33323,1.18997,0.16522,0.06971,0.06055,0.05745,0.06971,0.06055,0.05745,0,0,0
R377,442900,3920700,1.39905,1.27538,1.19247,1.23616,1.12132,0.15319,0.06346,0.05614,0.05217,0.06346,0.05614,0.05217,0,0,0
R378,442900,3920800,1.31017,1.24621,1.16452,1.19312,1.09703,0.14785,0.0606,0.05478,0.05051,0.0606,0.05478,0.05051,0,0,0
R379,442900,3920900,1.2756,1.24168,1.17525,1.1762,1.09478,0.14575,0.05941,0.0545,0.0508,0.05941,0.0545,0.0508,0,0,0
R380,442900,3921000,1.27647,1.24426,1.20416,1.16979,1.09887,0.14495,0.05908,0.05457,0.05211,0.05908,0.05457,0.05211,0,0,0
R381,442900,3921100,1.28589,1.32223,1.29578,1.21947,1.17054,0.1511,0.06085,0.05807,0.05566,0.06085,0.05807,0.05566,0,0,0
R382,442900,3921200,1.44883,1.5321,1.55249,1.38617,1.36077,0.17175,0.06886,0.06621,0.06671,0.06886,0.06621,0.06671,0,0,0
R383,442900,3921300,1.62805,1.75227,1.86463,1.5497,1.56299,0.192,0.07684,0.07643,0.08038,0.07684,0.07643,0.08038,0,0,0
R384,442900,3921400,1.78745,1.94456,2.14073,1.69216,1.73977,0.20964,0.08379,0.08579,0.09247,0.08379,0.08579,0.09247,0,0,0
R385,442900,3921500,1.55164,1.66558,1.79111,1.46797,1.48682,0.18187,0.0726,0.0736,0.07703,0.0726,0.0736,0.07703,0,0,0
R386,442900,3921600,1.34661,1.41873,1.48745,1.26871,1.26329,0.15719,0.06267,0.06231,0.06364,0.06267,0.06231,0.06364,0,0,0
R387,442900,3921700,1.25021,1.29737,1.34508,1.16964,1.15374,0.14492,0.0577,0.05663,0.05732,0.0577,0.05663,0.05732,0,0,0
R388,442900,3921800,1.18147,1.21038,1.24473,1.09813,1.07534,0.13606,0.05406,0.05286,0.0528,0.05406,0.05286,0.0528,0,0,0
R389,442900,3921900,1.16152,1.17802,1.20648,1.07316,1.04596,0.13297,0.05271,0.05207,0.05097,0.05271,0.05207,0.05097,0,0,0
R390,442900,3922000,1.13821,1.13317,1.16215,1.03694,1.00573,0.12848,0.0508,0.04985,0.04884,0.0508,0.04985,0.04884,0,0,0
R391,442900,3922100,1.13543,1.10483,1.14973,1.01205,0.98106,0.1254,0.04942,0.04831,0.04807,0.04942,0.04831,0.04807,0,0,0
R392,442900,3922200,1.13363,1.07474,1.1366,0.9859,0.95485,0.12216,0.04796,0.04666,0.04725,0.04796,0.04666,0.04725,0,0,0
R393,442900,3922300,1.14627,1.05796,1.13768,0.97199,0.94045,0.12043,0.04709,0.04547,0.04699,0.04709,0.04547,0.04699,0,0,0
R394,442900,3922400,1.16322,1.03113,1.13493,0.95041,0.91721,0.11776,0.04578,0.0442,0.04646,0.04578,0.0442,0.04646,0,0,0
R395,442900,3922500,1.2125,1.03048,1.16188,0.95334,0.91725,0.11812,0.04561,0.04364,0.04708,0.04561,0.04364,0.04708,0,0,0
R396,442900,3922600,1.27826,1.04392,1.20657,0.96871,0.92996,0.12002,0.04603,0.04376,0.04844,0.04603,0.04376,0.04844,0,0,0
R397,442900,3922700,1.38426,1.0755,1.28014,1.00283,0.95891,0.12425,0.04725,0.04452,0.05079,0.04725,0.04452,0.05079,0,0,0
R398,442900,3922800,1.54747,1.12799,1.38674,1.06134,1.00632,0.1315,0.04944,0.04609,0.05414,0.04944,0.04609,0.05414,0,0,0
R399,442900,3922900,1.64288,1.14007,1.43633,1.08112,1.01747,0.13395,0.04992,0.04617,0.05538,0.04992,0.04617,0.05538,0,0,0
R400,442900,3923000,1.65776,1.09913,1.40999,1.05251,0.9808,0.13041,0.04821,0.04413,0.05369,0.04821,0.04413,0.05369,0,0,0
R401,442900,3923100,1.63895,1.02926,1.34408,0.99943,0.91791,0.12383,0.04533,0.04096,0.05035,0.04533,0.04096,0.05035,0,0,0
R402,442900,3923200,1.35508,0.81075,1.06424,0.80131,0.72183,0.09929,0.03605,0.03212,0.03919,0.03605,0.03212,0.03919,0,0,0
R403,442900,3923300,0.97221,0.58527,0.75785,0.5803,0.52053,0.0719,0.02616,0.02326,0.0279,0.02616,0.02326,0.0279,0,0,0
R404,443000,3920300,1.66847,1.38034,1.30464,1.37419,1.21075,0.1703,0.07242,0.06733,0.05842,0.07242,0.06733,0.05842,0,0,0
R405,443000,3920400,2.90853,2.47387,2.21844,2.47948,2.16392,0.30728,0.12987,0.11474,0.0988,0.12987,0.11474,0.0988,0,0,0
R406,443000,3920500,2.04159,1.83381,1.6174,1.81632,1.60505,0.22509,0.09374,0.07696,0.07101,0.09374,0.07696,0.07101,0,0,0
R407,443000,3920600,1.67276,1.51783,1.36078,1.49179,1.33038,0.18487,0.07673,0.06642,0.05957,0.07673,0.06642,0.05957,0,0,0
R408,443000,3920700,1.48225,1.38018,1.23725,1.34627,1.21068,0.16684,0.06875,0.06052,0.0538,0.06875,0.06052,0.0538,0,0,0
R409,443000,3920800,1.3622,1.32465,1.18178,1.27797,1.16307,0.15837,0.06454,0.0578,0.05089,0.06454,0.0578,0.05089,0,0,0
R410,443000,3920900,1.34232,1.36203,1.20399,1.30221,1.19659,0.16137,0.06509,0.06125,0.05137,0.06509,0.06125,0.05137,0,0,0
R411,443000,3921000,1.33503,1.36863,1.23898,1.29565,1.20467,0.16056,0.06461,0.06028,0.05286,0.06461,0.06028,0.05286,0,0,0
R412,443000,3921100,1.34956,1.39703,1.29869,1.30832,1.23227,0.16212,0.06512,0.06049,0.05545,0.06512,0.06049,0.05545,0,0,0
R413,443000,3921200,1.41417,1.48882,1.42467,1.37514,1.31655,0.17039,0.06825,0.06387,0.06087,0.06825,0.06387,0.06087,0,0,0
R414,443000,3921300,1.48021,1.57715,1.58377,1.42849,1.40009,0.17699,0.0708,0.06911,0.06789,0.0708,0.06911,0.06789,0,0,0
R415,443000,3921400,1.53153,1.64273,1.69826,1.46982,1.46181,0.18211,0.07276,0.07291,0.07291,0.07276,0.07291,0.07291,0,0,0
R416,443000,3921500,1.71823,1.86107,2.00044,1.63665,1.66164,0.20277,0.08097,0.08248,0.08615,0.08097,0.08248,0.08615,0,0,0
R417,443000,3921600,1.59717,1.71142,1.82055,1.51535,1.52634,0.18774,0.07492,0.07511,0.07821,0.07492,0.07511,0.07821,0,0,0
R418,443000,3921700,1.38013,1.45,1.496,1.3053,1.28941,0.16173,0.06445,0.06336,0.06388,0.06445,0.06336,0.06388,0,0,0
R419,443000,3921800,1.32706,1.3825,1.4095,1.25257,1.22798,0.1552,0.06171,0.06115,0.05993,0.06171,0.06115,0.05993,0,0,0
R420,443000,3921900,1.21696,1.24331,1.23324,1.14313,1.10147,0.14164,0.05619,0.05412,0.05203,0.05619,0.05412,0.05203,0,0,0
R421,443000,3922000,1.22707,1.24253,1.25199,1.1389,1.10182,0.14112,0.0559,0.05472,0.05276,0.0559,0.05472,0.05276,0,0,0
R422,443000,3922100,1.22367,1.22093,1.25433,1.11587,1.08384,0.13826,0.05465,0.05372,0.05273,0.05465,0.05372,0.05273,0,0,0
R423,443000,3922200,1.2387,1.20826,1.25348,1.10724,1.07272,0.13719,0.05404,0.05219,0.05238,0.05404,0.05219,0.05238,0,0,0
R424,443000,3922300,1.25437,1.19175,1.26741,1.09029,1.05934,0.13509,0.053,0.05118,0.05269,0.053,0.05118,0.05269,0,0,0
R425,443000,3922400,1.23918,1.1333,1.22898,1.04072,1.00783,0.12895,0.05034,0.04874,0.05066,0.05034,0.04874,0.05066,0,0,0
R426,443000,3922500,1.31048,1.15866,1.29171,1.06354,1.03166,0.13177,0.05114,0.04916,0.05285,0.05114,0.04916,0.05285,0,0,0
R427,443000,3922600,1.3661,1.15374,1.32076,1.06314,1.02809,0.13172,0.05076,0.04856,0.05348,0.05076,0.04856,0.05348,0,0,0
R428,443000,3922700,1.4813,1.19824,1.40951,1.10754,1.06873,0.13722,0.05249,0.04977,0.05651,0.05249,0.04977,0.05651,0,0,0
R429,443000,3922800,1.64051,1.24538,1.51364,1.16054,1.11155,0.14379,0.05442,0.05111,0.05976,0.05442,0.05111,0.05976,0,0,0
R430,443000,3922900,1.80513,1.28768,1.61305,1.21158,1.14983,0.15011,0.05619,0.05239,0.06271,0.05619,0.05239,0.06271,0,0,0
R431,443000,3923000,2.00534,1.3337,1.72166,1.27217,1.19099,0.15762,0.05825,0.05386,0.06568,0.05825,0.05386,0.06568,0,0,0
R432,443000,3923100,2.08232,1.30273,1.71784,1.26162,1.16271,0.15632,0.05713,0.05202,0.06437,0.05713,0.05202,0.06437,0,0,0
R433,443000,3923200,1.87177,1.1118,1.47921,1.0959,0.99085,0.13579,0.04918,0.04381,0.05446,0.04918,0.04381,0.05446,0,0,0
R434,443000,3923300,1.32102,0.74667,0.99365,0.75171,0.66388,0.09314,0.03346,0.0293,0.03586,0.03346,0.0293,0.03586,0,0,0
R435,443100,3920300,1.16447,0.95163,0.9294,0.94159,0.83637,0.11668,0.04975,0.04566,0.04169,0.04975,0.04566,0.04169,0,0,0
R436,443100,3920400,1.40779,1.25463,1.12876,1.23848,1.09934,0.15348,0.06401,0.06416,0.04963,0.06401,0.06416,0.04963,0,0,0
R437,443100,3920500,1.59045,1.50059,1.28582,1.47708,1.31285,0.18305,0.07528,0.0641,0.05574,0.07528,0.0641,0.05574,0,0,0
R438,443100,3920600,2.39828,2.4651,1.92495,2.42952,2.14941,0.3011,0.12144,0.11094,0.0815,0.12144,0.11094,0.0815,0,0,0
R439,443100,3920700,1.83707,1.8746,1.5182,1.83373,1.63785,0.22725,0.09173,0.08274,0.06448,0.09173,0.08274,0.06448,0,0,0
R440,443100,3920800,1.61109,1.64806,1.36873,1.60026,1.44229,0.19832,0.07996,0.07696,0.05816,0.07996,0.07696,0.05816,0,0,0
R441,443100,3920900,1.65629,1.71818,1.42832,1.66176,1.50432,0.20594,0.08275,0.07341,0.06051,0.08275,0.07341,0.06051,0,0,0
R442,443100,3921000,1.38727,1.44304,1.24543,1.38005,1.26659,0.17102,0.0686,0.06055,0.05281,0.0686,0.06055,0.05281,0,0,0
R443,443100,3921100,1.46083,1.52718,1.34318,1.45065,1.3423,0.17977,0.07205,0.06496,0.05701,0.07205,0.06496,0.05701,0,0,0
R444,443100,3921200,1.47241,1.54738,1.41241,1.45151,1.36369,0.17987,0.07203,0.06611,0.0601,0.07203,0.06611,0.0601,0,0,0
R445,443100,3921300,1.44976,1.53249,1.45025,1.41903,1.35422,0.17583,0.07033,0.06708,0.06183,0.07033,0.06708,0.06183,0,0,0
R446,443100,3921400,1.54979,1.6562,1.64908,1.50332,1.46943,0.18627,0.07444,0.07342,0.0706,0.07444,0.07342,0.0706,0,0,0
R447,443100,3921500,2.02941,2.21917,2.40327,1.94108,1.98305,0.24048,0.09611,0.09731,0.10374,0.09611,0.09731,0.10374,0,0,0
R448,443100,3921600,2.06837,2.26332,2.48353,1.96901,2.02471,0.24394,0.09745,0.09931,0.10725,0.09745,0.09931,0.10725,0,0,0
R449,443100,3921700,1.53602,1.63513,1.68258,1.46827,1.45425,0.18192,0.07253,0.07187,0.07199,0.07253,0.07187,0.07199,0,0,0
R450,443100,3921800,1.50138,1.5853,1.60632,1.43442,1.40796,0.17773,0.07076,0.07033,0.06847,0.07076,0.07033,0.06847,0,0,0
R451,443100,3921900,1.34139,1.38871,1.36352,1.27682,1.22979,0.15821,0.06285,0.06104,0.05768,0.06285,0.06104,0.05768,0,0,0
R452,443100,3922000,1.31919,1.34945,1.32476,1.24465,1.19462,0.15422,0.06117,0.05819,0.05585,0.06117,0.05819,0.05585,0,0,0
R453,443100,3922100,1.34315,1.36469,1.38692,1.24597,1.21105,0.15438,0.06115,0.06044,0.05851,0.06115,0.06044,0.05851,0,0,0
R454,443100,3922200,1.35249,1.3553,1.38281,1.24022,1.20262,0.15367,0.06073,0.05827,0.05811,0.06073,0.05827,0.05811,0,0,0
R455,443100,3922300,1.37788,1.3537,1.41752,1.23386,1.20297,0.15288,0.06023,0.05799,0.05936,0.06023,0.05799,0.05936,0,0,0
R456,443100,3922400,1.36362,1.29437,1.38675,1.18121,1.15121,0.14635,0.05739,0.05556,0.05765,0.05739,0.05556,0.05765,0,0,0
R457,443100,3922500,1.37265,1.25325,1.37272,1.14706,1.11535,0.14212,0.05542,0.05358,0.05658,0.05542,0.05358,0.05658,0,0,0
R458,443100,3922600,1.47773,1.29975,1.47111,1.1879,1.15858,0.14718,0.05704,0.05502,0.06018,0.05704,0.05502,0.06018,0,0,0
R459,443100,3922700,1.61768,1.36404,1.58863,1.24891,1.21724,0.15474,0.05954,0.05672,0.06438,0.05954,0.05672,0.06438,0,0,0
R460,443100,3922800,1.77345,1.40347,1.68318,1.29646,1.253,0.16063,0.06118,0.05788,0.06718,0.06118,0.05788,0.06718,0,0,0
R461,443100,3922900,1.96791,1.44658,1.79763,1.35088,1.29223,0.16737,0.06295,0.05929,0.07046,0.06295,0.05929,0.07046,0,0,0
R462,443100,3923000,2.31893,1.4987,1.95075,1.44059,1.3378,0.17849,0.06562,0.06114,0.07377,0.06562,0.06114,0.07377,0,0,0
R463,443100,3923100,2.71802,1.58763,2.13843,1.56773,1.41555,0.19425,0.07007,0.06295,0.0784,0.07007,0.06295,0.0784,0,0,0
R464,443100,3923200,2.6601,1.59348,2.14576,1.55693,1.42241,0.19291,0.06989,0.06306,0.07944,0.06989,0.06306,0.07944,0,0,0
R465,443100,3923300,1.98108,1.08675,1.47574,1.09908,0.96679,0.13619,0.04859,0.04225,0.05284,0.04859,0.04225,0.05284,0,0,0
R466,443200,3920300,0.80767,0.67135,0.66884,0.65639,0.59126,0.08134,0.0345,0.03235,0.02986,0.0345,0.03235,0.02986,0,0,0
R467,443200,3920400,0.90922,0.79935,0.75658,0.78038,0.70261,0.09671,0.04043,0.03841,0.03336,0.04043,0.03841,0.03336,0,0,0
R468,443200,3920500,1.06376,1.00828,0.88888,0.98324,0.88392,0.12185,0.05001,0.04627,0.03849,0.05001,0.04627,0.03849,0,0,0
R469,443200,3920600,1.41491,1.41308,1.16869,1.3825,1.2355,0.17133,0.06949,0.06041,0.04992,0.06949,0.06041,0.04992,0,0,0
R470,443200,3920700,1.76156,1.81818,1.44733,1.78122,1.58736,0.22075,0.08889,0.08226,0.06126,0.08889,0.08226,0.06126,0,0,0
R471,443200,3920800,2.07264,2.1666,1.70016,2.12339,1.89056,0.26316,0.10569,0.10515,0.07171,0.10569,0.10515,0.07171,0,0,0
R472,443200,3920900,1.79102,1.87705,1.50692,1.82757,1.64029,0.22649,0.09086,0.06675,0.06359,0.09086,0.06675,0.06359,0,0,0
R473,443200,3921000,1.33957,1.39875,1.18621,1.34304,1.22644,0.16644,0.06673,0.05827,0.05022,0.06673,0.05827,0.05022,0,0,0
R474,443200,3921100,1.48293,1.55744,1.32861,1.49069,1.36631,0.18473,0.074,0.06749,0.05625,0.074,0.06749,0.05625,0,0,0
R475,443200,3921200,1.65315,1.7394,1.49787,1.65964,1.52696,0.20567,0.08239,0.07082,0.06348,0.08239,0.07082,0.06348,0,0,0
R476,443200,3921300,1.51235,1.59678,1.42753,1.5055,1.4054,0.18656,0.07463,0.06986,0.06059,0.07463,0.06986,0.06059,0,0,0
R477,443200,3921400,1.57149,1.6693,1.56091,1.5497,1.47405,0.19203,0.07677,0.07188,0.06649,0.07677,0.07188,0.06649,0,0,0
R478,443200,3921500,1.71892,1.84854,1.84425,1.674,1.6406,0.20741,0.08287,0.08112,0.079,0.08287,0.08112,0.079,0,0,0
R479,443200,3921600,2.12685,2.33225,2.50372,2.04539,2.08277,0.25341,0.1012,0.10372,0.10797,0.1012,0.10372,0.10797,0,0,0
R480,443200,3921700,1.87956,2.03514,2.10574,1.81575,1.81157,0.22497,0.08977,0.0893,0.09037,0.08977,0.0893,0.09037,0,0,0
R481,443200,3921800,1.55684,1.65247,1.62351,1.5093,1.4644,0.18701,0.0745,0.0741,0.06912,0.0745,0.0741,0.06912,0,0,0
R482,443200,3921900,1.43527,1.50119,1.4373,1.38822,1.32731,0.17201,0.06843,0.06523,0.06085,0.06843,0.06523,0.06085,0,0,0
R483,443200,3922000,1.40625,1.45457,1.38454,1.35152,1.28516,0.16747,0.06653,0.06087,0.0584,0.06653,0.06087,0.0584,0,0,0
R484,443200,3922100,1.48008,1.52935,1.52293,1.40003,1.35569,0.17347,0.06885,0.06821,0.06442,0.06885,0.06821,0.06442,0,0,0
R485,443200,3922200,1.49357,1.52605,1.52909,1.3981,1.35299,0.17323,0.06863,0.06548,0.06449,0.06863,0.06548,0.06449,0,0,0
R486,443200,3922300,1.51785,1.53505,1.58518,1.3952,1.36374,0.17287,0.06836,0.06619,0.0668,0.06836,0.06619,0.0668,0,0,0
R487,443200,3922400,1.54581,1.53391,1.62614,1.38794,1.36483,0.17197,0.06779,0.0654,0.0683,0.06779,0.0654,0.0683,0,0,0
R488,443200,3922500,1.59183,1.53267,1.66734,1.38498,1.36541,0.1716,0.06734,0.06465,0.06962,0.06734,0.06465,0.06962,0,0,0
R489,443200,3922600,1.62525,1.50767,1.69025,1.36112,1.34503,0.16864,0.06581,0.06415,0.07007,0.06581,0.06415,0.07007,0,0,0
R490,443200,3922700,1.72623,1.52379,1.75534,1.38136,1.36049,0.17114,0.06629,0.06425,0.07197,0.06629,0.06425,0.07197,0,0,0
R491,443200,3922800,1.89518,1.58774,1.88082,1.44667,1.41868,0.17923,0.06885,0.066,0.07621,0.06885,0.066,0.07621,0,0,0
R492,443200,3922900,2.13154,1.65855,2.03472,1.52641,1.4829,0.18911,0.07177,0.06838,0.08102,0.07177,0.06838,0.08102,0,0,0
R493,443200,3923000,2.44895,1.76333,2.24449,1.64212,1.57752,0.20345,0.07617,0.0723,0.0877,0.07617,0.0723,0.0877,0,0,0
R494,443200,3923100,2.9248,1.98634,2.60992,1.86487,1.77839,0.23105,0.08556,0.08096,0.10056,0.08556,0.08096,0.10056,0,0,0
R495,443200,3923200,3.58144,2.36142,3.16619,2.22259,2.11587,0.27537,0.10136,0.09553,0.12121,0.10136,0.09553,0.12121,0,0,0
R496,443200,3923300,3.74264,2.0807,2.86806,2.07835,1.85511,0.25752,0.09196,0.08024,0.10363,0.09196,0.08024,0.10363,0,0,0
R497,443300,3920300,0.80497,0.62233,0.64808,0.61439,0.54859,0.07613,0.03293,0.02787,0.02939,0.03293,0.02787,0.02939,0,0,0
R498,443300,3920400,0.82087,0.67182,0.67269,0.65911,0.59159,0.08168,0.03478,0.02983,0.03013,0.03478,0.02983,0.03013,0,0,0
R499,443300,3920500,0.79595,0.72875,0.67681,0.70685,0.6405,0.08759,0.03622,0.03249,0.02955,0.03622,0.03249,0.02955,0,0,0
R500,443300,3920600,0.85329,0.8139,0.73305,0.7873,0.71469,0.09757,0.03994,0.03536,0.0317,0.03994,0.03536,0.0317,0,0,0
R501,443300,3920700,0.96082,0.95538,0.82959,0.92324,0.83786,0.11441,0.04639,0.0426,0.03551,0.04639,0.0426,0.03551,0,0,0
R502,443300,3920800,1.14139,1.16697,0.98218,1.12913,1.02213,0.13993,0.0564,0.05405,0.04175,0.0564,0.05405,0.04175,0,0,0
R503,443300,3920900,1.06093,1.09795,0.93293,1.0561,0.96258,0.13088,0.05256,0.04153,0.03955,0.05256,0.04153,0.03955,0,0,0
R504,443300,3921000,1.17613,1.22549,1.04134,1.17667,1.0746,0.14582,0.05849,0.04896,0.04411,0.05849,0.04896,0.04411,0,0,0
R505,443300,3921100,2.58205,2.73877,2.12846,2.68078,2.38938,0.33224,0.13306,0.10933,0.08948,0.13306,0.10933,0.08948,0,0,0
R506,443300,3921200,2.06887,2.19003,1.76814,2.12372,1.91497,0.26319,0.10539,0.09062,0.07454,0.10539,0.09062,0.07454,0,0,0
R507,443300,3921300,1.54269,1.63056,1.39334,1.55733,1.43086,0.19299,0.0772,0.07864,0.05893,0.0772,0.07864,0.05893,0,0,0
R508,443300,3921400,1.531,1.62153,1.42203,1.53633,1.42545,0.19038,0.0761,0.078,0.06023,0.0761,0.078,0.06023,0,0,0
R509,443300,3921500,1.57576,1.6728,1.49302,1.57568,1.47236,0.19526,0.07799,0.07619,0.06328,0.07799,0.07619,0.06328,0,0,0
R510,443300,3921600,1.83904,1.97865,1.89601,1.81629,1.75087,0.22505,0.08987,0.08768,0.08093,0.08987,0.08768,0.08093,0,0,0
R511,443300,3921700,2.45627,2.69855,2.81225,2.39228,2.40433,0.29639,0.11834,0.11815,0.12103,0.11834,0.11815,0.12103,0,0,0
R512,443300,3921800,1.80797,1.9387,1.89052,1.77064,1.71757,0.21939,0.08748,0.08744,0.08063,0.08748,0.08744,0.08063,0,0,0
R513,443300,3921900,1.62715,1.72407,1.64817,1.58987,1.52473,0.197,0.07847,0.07712,0.06999,0.07847,0.07712,0.06999,0,0,0
R514,443300,3922000,1.6318,1.71985,1.64269,1.58857,1.52069,0.19684,0.07835,0.07697,0.06964,0.07835,0.07697,0.06964,0,0,0
R515,443300,3922100,1.64799,1.7246,1.64559,1.59634,1.52449,0.1978,0.07865,0.07532,0.06961,0.07865,0.07532,0.06961,0,0,0
R516,443300,3922200,1.6722,1.74018,1.70314,1.59949,1.54089,0.19819,0.0787,0.07388,0.07204,0.0787,0.07388,0.07204,0,0,0
R517,443300,3922300,1.73925,1.80366,1.84349,1.63447,1.60219,0.20251,0.08031,0.07773,0.07811,0.08031,0.07773,0.07811,0,0,0
R518,443300,3922400,1.77241,1.82059,1.92501,1.63356,1.62111,0.20239,0.0801,0.07855,0.08153,0.0801,0.07855,0.08153,0,0,0
R519,443300,3922500,1.82475,1.84513,2.00081,1.64675,1.64559,0.20402,0.08054,0.07866,0.08454,0.08054,0.07866,0.08454,0,0,0
R520,443300,3922600,1.87551,1.84083,2.0514,1.63893,1.6441,0.20305,0.0798,0.0784,0.08621,0.0798,0.0784,0.08621,0,0,0
R521,443300,3922700,2.02632,1.92775,2.20761,1.71282,1.72418,0.2122,0.08299,0.08142,0.09223,0.08299,0.08142,0.09223,0,0,0
R522,443300,3922800,2.17767,1.96796,2.31833,1.75492,1.76178,0.21742,0.08438,0.08284,0.09581,0.08438,0.08284,0.09581,0,0,0
R523,443300,3922900,2.40501,2.03903,2.47313,1.8324,1.8265,0.22701,0.08724,0.08534,0.10077,0.08724,0.08534,0.10077,0,0,0
R524,443300,3923000,2.77958,2.17953,2.74676,1.97738,1.95411,0.24498,0.09293,0.09078,0.10997,0.09293,0.09078,0.10997,0,0,0
R525,443300,3923100,2.8529,1.77035,2.32993,1.7216,1.57919,0.21331,0.07784,0.07161,0.08699,0.07784,0.07161,0.08699,0,0,0
R526,443300,3923200,3.55368,2.05068,2.78739,2.02753,1.82905,0.25122,0.09037,0.08095,0.1019,0.09037,0.08095,0.1019,0,0,0
R527,443300,3923300,5.51457,2.73056,3.86996,2.84251,2.42675,0.35223,0.12293,0.10262,0.13387,0.12293,0.10262,0.13387,0,0,0
R528,443400,3920300,0.63705,0.49881,0.52159,0.48959,0.44004,0.06067,0.02613,0.02273,0.02356,0.02613,0.02273,0.02356,0,0,0
R529,443400,3920400,0.67341,0.54777,0.55771,0.53554,0.48287,0.06636,0.02829,0.02452,0.02499,0.02829,0.02452,0.02499,0,0,0
R530,443400,3920500,0.66147,0.58832,0.56742,0.56893,0.51802,0.0705,0.02935,0.02613,0.02493,0.02935,0.02613,0.02493,0,0,0
R531,443400,3920600,0.67794,0.64141,0.59316,0.61695,0.56412,0.07645,0.03133,0.02873,0.02569,0.03133,0.02873,0.02569,0,0,0
R532,443400,3920700,0.71524,0.69971,0.63289,0.67113,0.61505,0.08317,0.0338,0.03207,0.02719,0.0338,0.03207,0.02719,0,0,0
R533,443400,3920800,0.79479,0.80072,0.70579,0.76764,0.70318,0.09513,0.0384,0.03523,0.03011,0.0384,0.03523,0.03011,0,0,0
R534,443400,3920900,0.90805,0.93006,0.80442,0.89256,0.81611,0.11061,0.0445,0.03858,0.03418,0.0445,0.03858,0.03418,0,0,0
R535,443400,3921000,0.7527,0.77202,0.69642,0.73145,0.67937,0.09064,0.03639,0.03277,0.02961,0.03639,0.03277,0.02961,0,0,0
R536,443400,3921100,0.77274,0.79708,0.722,0.75309,0.70174,0.09332,0.0374,0.03577,0.03066,0.0374,0.03577,0.03066,0,0,0
R537,443400,3921200,0.89052,0.92562,0.83306,0.87447,0.81471,0.10836,0.04339,0.04449,0.03535,0.04339,0.04449,0.03535,0,0,0
R538,443400,3921300,1.31914,1.38876,1.18657,1.32777,1.21853,0.16454,0.06583,0.06486,0.05017,0.06583,0.06486,0.05017,0,0,0
R539,443400,3921400,1.2259,1.29011,1.12358,1.22675,1.13339,0.15202,0.06076,0.07487,0.04751,0.06076,0.07487,0.04751,0,0,0
R540,443400,3921500,1.88149,1.99894,1.66725,1.9196,1.75163,0.23789,0.09507,0.10065,0.07033,0.09507,0.10065,0.07033,0,0,0
R541,443400,3921600,2.0667,2.20272,1.85654,2.10745,1.93165,0.26116,0.10432,0.09087,0.07836,0.10432,0.09087,0.07836,0,0,0
R542,443400,3921700,1.45015,1.53575,1.39102,1.44093,1.353,0.17855,0.07122,0.06945,0.0589,0.07122,0.06945,0.0589,0,0,0
R543,443400,3921800,1.95859,2.09579,1.92194,1.95378,1.84848,0.2421,0.09659,0.09479,0.08161,0.09659,0.09479,0.08161,0,0,0
R544,443400,3921900,1.87911,2.00488,1.87526,1.85871,1.77062,0.23032,0.09182,0.09065,0.07964,0.09182,0.09065,0.07964,0,0,0
R545,443400,3922000,1.82619,1.93623,1.81281,1.79732,1.70983,0.22271,0.08871,0.08713,0.07685,0.08871,0.08713,0.07685,0,0,0
R546,443400,3922100,2.03394,2.17926,2.19481,1.96854,1.93531,0.24391,0.09713,0.10134,0.09369,0.09713,0.10134,0.09369,0,0,0
R547,443400,3922200,2.07005,2.21313,2.28594,1.98216,1.9691,0.24559,0.09775,0.09651,0.09769,0.09775,0.09651,0.09769,0,0,0
R548,443400,3922300,2.2536,2.40424,2.47856,2.15595,2.1387,0.26712,0.10623,0.10455,0.10578,0.10623,0.10455,0.10578,0,0,0
R549,443400,3922400,2.42643,2.59599,2.82989,2.27737,2.31973,0.28214,0.11209,0.11364,0.12119,0.11209,0.11364,0.12119,0,0,0
R550,443400,3922500,2.03145,2.0984,2.23407,1.87512,1.86979,0.23232,0.09197,0.08933,0.09476,0.09197,0.08933,0.09476,0,0,0
R551,443400,3922600,1.6776,1.63431,1.67768,1.50376,1.44974,0.18632,0.07331,0.06734,0.06992,0.07331,0.06734,0.06992,0,0,0
R552,443400,3922700,1.7209,1.60002,1.67452,1.48139,1.41953,0.18355,0.07176,0.06487,0.069,0.07176,0.06487,0.069,0,0,0
R553,443400,3922800,1.92089,1.71341,1.89194,1.57425,1.52481,0.19505,0.07573,0.07007,0.07744,0.07573,0.07007,0.07744,0,0,0
R554,443400,3922900,2.12074,1.73911,2.01991,1.60843,1.55014,0.19928,0.07635,0.07338,0.08112,0.07635,0.07338,0.08112,0,0,0
R555,443400,3923000,2.29987,1.57677,1.93267,1.51914,1.40293,0.18823,0.07008,0.06661,0.07381,0.07008,0.06661,0.07381,0,0,0
R556,443400,3923100,3.05168,1.75276,2.31265,1.75866,1.5583,0.21792,0.07849,0.07083,0.08379,0.07849,0.07083,0.08379,0,0,0
R557,443400,3923200,4.28201,2.17832,3.02786,2.25757,1.93487,0.27974,0.09827,0.08332,0.10546,0.09827,0.08332,0.10546,0,0,0
R558,443400,3923300,6.87256,3.28999,4.71012,3.46614,2.92148,0.42951,0.14885,0.12108,0.16081,0.14885,0.12108,0.16081,0,0,0
R559,443500,3920300,0.54135,0.43471,0.45404,0.42318,0.3838,0.05244,0.02242,0.01982,0.02039,0.02242,0.01982,0.02039,0,0,0
R560,443500,3920400,0.58883,0.48608,0.49914,0.47158,0.42899,0.05844,0.02481,0.02172,0.02229,0.02481,0.02172,0.02229,0,0,0
R561,443500,3920500,0.5661,0.51513,0.49978,0.49375,0.45409,0.06118,0.02531,0.02309,0.02185,0.02531,0.02309,0.02185,0,0,0
R562,443500,3920600,0.57454,0.54679,0.51715,0.52139,0.48176,0.06461,0.02642,0.02493,0.02238,0.02642,0.02493,0.02238,0,0,0
R563,443500,3920700,0.60994,0.58651,0.55157,0.55859,0.5167,0.06922,0.02823,0.0264,0.02381,0.02823,0.0264,0.02381,0,0,0
R564,443500,3920800,0.64229,0.63488,0.58814,0.60276,0.55916,0.07469,0.03026,0.02894,0.02523,0.03026,0.02894,0.02523,0,0,0
R565,443500,3920900,0.66917,0.66233,0.61703,0.62749,0.58359,0.07776,0.03148,0.02943,0.02647,0.03148,0.02943,0.02647,0,0,0
R566,443500,3921000,0.75087,0.76978,0.6965,0.72877,0.67754,0.09031,0.03627,0.03233,0.02964,0.03627,0.03233,0.02964,0,0,0
R567,443500,3921100,0.70329,0.72362,0.6722,0.67883,0.63814,0.08412,0.03372,0.03219,0.0286,0.03372,0.03219,0.0286,0,0,0
R568,443500,3921200,0.71834,0.74144,0.69604,0.69262,0.6544,0.08582,0.03436,0.0349,0.0296,0.03436,0.0349,0.0296,0,0,0
R569,443500,3921300,1.00247,1.04688,0.93682,0.98953,0.9212,0.12262,0.04907,0.04628,0.03973,0.04907,0.04628,0.03973,0,0,0
R570,443500,3921400,0.88474,0.92314,0.85686,0.86294,0.81435,0.10693,0.04272,0.0465,0.03636,0.04272,0.0465,0.03636,0,0,0
R571,443500,3921500,0.96638,1.01188,0.92851,0.94838,0.89201,0.11752,0.0469,0.04403,0.03933,0.0469,0.04403,0.03933,0,0,0
R572,443500,3921600,0.88155,0.91834,0.8634,0.85522,0.81082,0.10597,0.04224,0.0394,0.03656,0.04224,0.0394,0.03656,0,0,0
R573,443500,3921700,0.9447,0.98376,0.91935,0.91797,0.8682,0.11375,0.04531,0.04488,0.03888,0.04531,0.04488,0.03888,0,0,0
R574,443500,3921800,1.34393,1.41424,1.2637,1.3345,1.24458,0.16537,0.06592,0.06662,0.05336,0.06592,0.06662,0.05336,0,0,0
R575,443500,3921900,2.19296,2.3358,2.01138,2.22148,2.05118,0.27529,0.10984,0.10117,0.08491,0.10984,0.10117,0.08491,0,0,0
R576,443500,3922000,1.96885,2.07822,1.77812,1.98451,1.82377,0.24593,0.09803,0.08149,0.07482,0.09803,0.08149,0.07482,0,0,0
R577,443500,3922100,2.1088,2.22434,1.92594,2.11715,1.9535,0.26236,0.10453,0.07051,0.08106,0.10453,0.07051,0.08106,0,0,0
R578,443500,3922200,2.19769,2.31354,2.04667,2.1893,2.03464,0.2713,0.10803,0.10237,0.08622,0.10803,0.10237,0.08622,0,0,0
R579,443500,3922300,2.1271,2.22362,2.00862,2.09469,1.95797,0.25957,0.10324,0.0972,0.08457,0.10324,0.0972,0.08457,0,0,0
R580,443500,3922400,1.86669,1.92042,1.78161,1.80148,1.6934,0.22323,0.08858,0.08155,0.0748,0.08858,0.08155,0.0748,0,0,0
R581,443500,3922500,1.7663,1.77832,1.64803,1.67804,1.56705,0.20794,0.0823,0.07173,0.06875,0.0823,0.07173,0.06875,0,0,0
R582,443500,3922600,1.68172,1.64173,1.5357,1.55723,1.44639,0.19297,0.07608,0.06505,0.06353,0.07608,0.06505,0.06353,0,0,0
R583,443500,3922700,1.63588,1.53926,1.4922,1.458,1.35816,0.18067,0.07087,0.06087,0.06125,0.07087,0.06087,0.06125,0,0,0
R584,443500,3922800,1.59525,1.40724,1.42516,1.33819,1.2433,0.16582,0.06446,0.05762,0.05761,0.06446,0.05762,0.05761,0,0,0
R585,443500,3922900,1.72116,1.35255,1.42275,1.31571,1.19389,0.16304,0.06232,0.0584,0.0556,0.06232,0.0584,0.0556,0,0,0
R586,443500,3923000,2.18133,1.386,1.64638,1.39141,1.22573,0.17242,0.06354,0.06029,0.06069,0.06354,0.06029,0.06069,0,0,0
R587,443500,3923100,3.08761,1.69993,2.20532,1.74916,1.50566,0.21675,0.0776,0.06534,0.07811,0.0776,0.06534,0.07811,0,0,0
R588,443500,3923200,4.68124,2.33502,3.24065,2.44406,2.07147,0.30286,0.10603,0.08579,0.11177,0.10603,0.08579,0.11177,0,0,0
R589,443500,3923300,4.56403,2.22342,3.13687,2.3373,1.97326,0.28963,0.10083,0.08161,0.10752,0.10083,0.08161,0.10752,0,0,0
R590,443600,3920300,0.51339,0.42574,0.44354,0.41039,0.37622,0.05085,0.02155,0.01931,0.01978,0.02155,0.01931,0.01978,0,0,0
R591,443600,3920400,0.52114,0.44785,0.45736,0.42963,0.3956,0.05324,0.02235,0.02017,0.02024,0.02235,0.02017,0.02024,0,0,0
R592,443600,3920500,0.51335,0.46727,0.46228,0.44498,0.4125,0.05514,0.02279,0.02087,0.0202,0.02279,0.02087,0.0202,0,0,0
R593,443600,3920600,0.52391,0.49248,0.47891,0.46711,0.43462,0.05788,0.02373,0.02211,0.02078,0.02373,0.02211,0.02078,0,0,0
R594,443600,3920700,0.54841,0.51719,0.50293,0.49008,0.45648,0.06073,0.02487,0.02282,0.02181,0.02487,0.02282,0.02181,0,0,0
R595,443600,3920800,0.56495,0.55171,0.52712,0.52049,0.48681,0.0645,0.02618,0.02489,0.02268,0.02618,0.02489,0.02268,0,0,0
R596,443600,3920900,0.61703,0.62223,0.57848,0.58681,0.54846,0.07271,0.0293,0.0267,0.02471,0.0293,0.0267,0.02471,0,0,0
R597,443600,3921000,0.65488,0.66658,0.61745,0.62774,0.58755,0.07779,0.03127,0.02839,0.02633,0.03127,0.02839,0.02633,0,0,0
R598,443600,3921100,0.68224,0.70019,0.65005,0.65743,0.61741,0.08147,0.03268,0.02998,0.02767,0.03268,0.02998,0.02767,0,0,0
R599,443600,3921200,0.72626,0.74812,0.69592,0.70128,0.65983,0.0869,0.03482,0.03216,0.02961,0.03482,0.03216,0.02961,0,0,0
R600,443600,3921300,0.70586,0.73015,0.69167,0.67968,0.64489,0.08422,0.03368,0.03328,0.0294,0.03368,0.03328,0.0294,0,0,0
R601,443600,3921400,0.74532,0.7735,0.73747,0.71787,0.68355,0.08895,0.03553,0.03599,0.03134,0.03553,0.03599,0.03134,0,0,0
R602,443600,3921500,0.83212,0.86785,0.82435,0.80535,0.76683,0.09979,0.03983,0.03943,0.035,0.03983,0.03943,0.035,0,0,0
R603,443600,3921600,0.94777,0.99242,0.93769,0.92155,0.87666,0.11419,0.04555,0.04427,0.0398,0.04555,0.04427,0.0398,0,0,0
R604,443600,3921700,1.06974,1.12282,1.04615,1.04663,0.99092,0.12969,0.0517,0.04902,0.04432,0.0517,0.04902,0.04432,0,0,0
R605,443600,3921800,0.88736,0.91722,0.8671,0.85433,0.80998,0.10586,0.04211,0.041,0.03661,0.04211,0.041,0.03661,0,0,0
R606,443600,3921900,0.89252,0.91446,0.85061,0.85809,0.80642,0.10633,0.04225,0.0375,0.03577,0.04225,0.0375,0.03577,0,0,0
R607,443600,3922000,1.10407,1.13503,1.01045,1.0785,0.99798,0.13365,0.05312,0.04045,0.04235,0.05312,0.04045,0.04235,0,0,0
R608,443600,3922100,0.78301,0.77867,0.75597,0.72627,0.68823,0.08999,0.03559,0.03139,0.0316,0.03559,0.03139,0.0316,0,0,0
R609,443600,3922200,1.04188,1.05054,0.97211,0.99142,0.92567,0.12285,0.04868,0.04043,0.04061,0.04868,0.04043,0.04061,0,0,0
R610,443600,3922300,1.12634,1.12891,1.04151,1.06801,0.99435,0.13235,0.05239,0.04472,0.04341,0.05239,0.04472,0.04341,0,0,0
R611,443600,3922400,1.5783,1.59382,1.36726,1.53765,1.39724,0.19055,0.07555,0.05516,0.05673,0.07555,0.05516,0.05673,0,0,0
R612,443600,3922500,1.59996,1.58697,1.35895,1.53883,1.39037,0.1907,0.07545,0.06035,0.05604,0.07545,0.06035,0.05604,0,0,0
R613,443600,3922600,1.57537,1.52433,1.32241,1.48217,1.33569,0.18368,0.07244,0.06359,0.05416,0.07244,0.06359,0.05416,0,0,0
R614,443600,3922700,1.69392,1.61263,1.40832,1.5718,1.41301,0.19479,0.07667,0.0656,0.0574,0.07667,0.0656,0.0574,0,0,0
R615,443600,3922800,1.75066,1.60968,1.4443,1.57144,1.41153,0.19474,0.07629,0.05974,0.05835,0.07629,0.05974,0.05835,0,0,0
R616,443600,3922900,1.69001,1.43745,1.38016,1.40585,1.26343,0.17422,0.06749,0.0558,0.05474,0.06749,0.0558,0.05474,0,0,0
R617,443600,3923000,1.91212,1.4404,1.48621,1.42989,1.26754,0.17719,0.06738,0.05696,0.057,0.06738,0.05696,0.057,0,0,0
R618,443600,3923100,2.77966,1.61941,1.99222,1.66093,1.43105,0.20582,0.07464,0.07083,0.07136,0.07464,0.07083,0.07136,0,0,0
R619,443600,3923200,4.44152,2.25253,3.06535,2.3587,1.99605,0.29228,0.10279,0.07954,0.10593,0.10279,0.07954,0.10593,0,0,0
R620,443600,3923300,3.75103,1.85753,2.58167,1.94978,1.64746,0.24161,0.08447,0.06739,0.08878,0.08447,0.06739,0.08878,0,0,0
R621,443700,3920300,0.44244,0.38387,0.39071,0.36752,0.33911,0.04554,0.01903,0.01756,0.01722,0.01903,0.01756,0.01722,0,0,0
R622,443700,3920400,0.44557,0.40136,0.40048,0.38232,0.35443,0.04737,0.0196,0.01829,0.0175,0.0196,0.01829,0.0175,0,0,0
R623,443700,3920500,0.44878,0.41978,0.41076,0.3979,0.37058,0.04931,0.02019,0.01893,0.0178,0.02019,0.01893,0.0178,0,0,0
R624,443700,3920600,0.46395,0.4449,0.42949,0.42048,0.39266,0.0521,0.02121,0.01978,0.01851,0.02121,0.01978,0.01851,0,0,0
R625,443700,3920700,0.48843,0.46878,0.45394,0.4425,0.41384,0.05483,0.02231,0.02107,0.01957,0.02231,0.02107,0.01957,0,0,0
R626,443700,3920800,0.51289,0.50144,0.48183,0.472,0.44265,0.05849,0.02369,0.02234,0.02069,0.02369,0.02234,0.02069,0,0,0
R627,443700,3920900,0.505,0.507,0.4858,0.47407,0.4478,0.05874,0.02362,0.02192,0.02074,0.02362,0.02192,0.02074,0,0,0
R628,443700,3921000,0.53826,0.54478,0.52107,0.50854,0.48121,0.06301,0.02529,0.02361,0.02221,0.02529,0.02361,0.02221,0,0,0
R629,443700,3921100,0.60067,0.60971,0.57937,0.56992,0.53836,0.07062,0.02834,0.02606,0.02469,0.02834,0.02606,0.02469,0,0,0
R630,443700,3921200,0.62316,0.63572,0.60617,0.59274,0.56154,0.07345,0.02942,0.02727,0.0258,0.02942,0.02727,0.0258,0,0,0
R631,443700,3921300,0.62679,0.64226,0.61724,0.59654,0.56771,0.07392,0.02955,0.02819,0.02623,0.02955,0.02819,0.02623,0,0,0
R632,443700,3921400,0.65529,0.67233,0.64831,0.62354,0.59446,0.07726,0.03086,0.02954,0.02753,0.03086,0.02954,0.02753,0,0,0
R633,443700,3921500,0.69092,0.70876,0.68577,0.6566,0.62682,0.08136,0.03247,0.03064,0.02911,0.03247,0.03064,0.02911,0,0,0
R634,443700,3921600,0.70829,0.72665,0.70673,0.67196,0.64288,0.08326,0.03319,0.03195,0.02996,0.03319,0.03195,0.02996,0,0,0
R635,443700,3921700,0.78396,0.80846,0.7807,0.74833,0.71499,0.09273,0.03692,0.03496,0.03306,0.03692,0.03496,0.03306,0,0,0
R636,443700,3921800,0.81417,0.8382,0.80491,0.77758,0.74095,0.09635,0.03833,0.03742,0.03401,0.03833,0.03742,0.03401,0,0,0
R637,443700,3921900,0.81622,0.83444,0.79359,0.77793,0.73697,0.0964,0.0383,0.03779,0.03343,0.0383,0.03779,0.03343,0,0,0
R638,443700,3922000,0.81967,0.82945,0.77219,0.78061,0.73125,0.09673,0.03839,0.03584,0.03236,0.03839,0.03584,0.03236,0,0,0
R639,443700,3922100,0.87472,0.88298,0.83151,0.82851,0.77903,0.10266,0.04072,0.0414,0.03485,0.04072,0.0414,0.03485,0,0,0
R640,443700,3922200,0.89695,0.89463,0.82039,0.84906,0.78756,0.10521,0.04166,0.03477,0.03416,0.04166,0.03477,0.03416,0,0,0
R641,443700,3922300,0.96129,0.95232,0.87188,0.90585,0.83809,0.11225,0.0444,0.03906,0.03621,0.0444,0.03906,0.03621,0,0,0
R642,443700,3922400,1.13787,1.12688,1.00137,1.08159,0.98967,0.13403,0.05301,0.04416,0.04145,0.05301,0.04416,0.04145,0,0,0
R643,443700,3922500,0.99778,0.94685,0.86158,0.91267,0.83189,0.1131,0.04448,0.03735,0.03525,0.04448,0.03735,0.03525,0,0,0
R644,443700,3922600,1.28911,1.22828,1.06641,1.19891,1.07584,0.14858,0.0585,0.0512,0.04346,0.0585,0.0512,0.04346,0,0,0
R645,443700,3922700,1.37666,1.27907,1.11523,1.25543,1.1198,0.15558,0.06106,0.06652,0.04507,0.06106,0.06652,0.04507,0,0,0
R646,443700,3922800,1.3445,1.18583,1.07682,1.16712,1.03936,0.14464,0.05636,0.07434,0.04294,0.05636,0.07434,0.04294,0,0,0
R647,443700,3922900,1.99334,1.82247,1.56264,1.805,1.59299,0.2237,0.08764,0.07305,0.06265,0.08764,0.07305,0.06265,0,0,0
R648,443700,3923000,1.89902,1.56273,1.45247,1.55883,1.36881,0.19318,0.07456,0.07198,0.05663,0.07456,0.07198,0.05663,0,0,0
R649,443700,3923100,2.57232,1.70473,1.84911,1.73994,1.49856,0.21562,0.0803,0.06057,0.06797,0.0803,0.06057,0.06797,0,0,0
R650,443700,3923200,5.22407,2.76111,3.60752,2.88452,2.44212,0.35745,0.127,0.0941,0.1256,0.127,0.0941,0.1256,0,0,0
R651,443700,3923300,3.35747,1.69773,2.31411,1.779,1.50443,0.22045,0.07748,0.06053,0.0799,0.07748,0.06053,0.0799,0,0,0
R652,443800,3920300,0.43116,0.36039,0.3772,0.34587,0.31867,0.04286,0.01805,0.01619,0.01672,0.01805,0.01619,0.01672,0,0,0
R653,443800,3920400,0.42879,0.37764,0.38482,0.35967,0.33379,0.04457,0.01851,0.01696,0.01687,0.01851,0.01696,0.01687,0,0,0
R654,443800,3920500,0.42204,0.39073,0.38891,0.36937,0.34527,0.04577,0.01876,0.0176,0.01686,0.01876,0.0176,0.01686,0,0,0
R655,443800,3920600,0.4327,0.41252,0.40423,0.3886,0.36442,0.04815,0.01958,0.01827,0.0174,0.01958,0.01827,0.0174,0,0,0
R656,443800,3920700,0.43912,0.42769,0.4159,0.4014,0.37784,0.04974,0.02011,0.01864,0.01782,0.02011,0.01864,0.01782,0,0,0
R657,443800,3920800,0.46681,0.45798,0.44295,0.42968,0.40452,0.05324,0.02148,0.01991,0.01894,0.02148,0.01991,0.01894,0,0,0
R658,443800,3920900,0.49015,0.48347,0.46611,0.45337,0.427,0.05618,0.02263,0.02095,0.0199,0.02263,0.02095,0.0199,0,0,0
R659,443800,3921000,0.49926,0.49806,0.47969,0.46569,0.43999,0.0577,0.02316,0.02151,0.02042,0.02316,0.02151,0.02042,0,0,0
R660,443800,3921100,0.4952,0.49723,0.48243,0.46292,0.43958,0.05736,0.02295,0.02179,0.02049,0.02295,0.02179,0.02049,0,0,0
R661,443800,3921200,0.48522,0.48802,0.47839,0.45254,0.43178,0.05607,0.02239,0.02177,0.02028,0.02239,0.02177,0.02028,0,0,0
R662,443800,3921300,0.52675,0.53117,0.5187,0.49282,0.46986,0.06107,0.02437,0.02362,0.02198,0.02437,0.02362,0.02198,0,0,0
R663,443800,3921400,0.55756,0.56299,0.54971,0.52216,0.49802,0.0647,0.0258,0.02485,0.02328,0.0258,0.02485,0.02328,0,0,0
R664,443800,3921500,0.59464,0.59777,0.58442,0.55486,0.52877,0.06875,0.02744,0.02576,0.02476,0.02744,0.02576,0.02476,0,0,0
R665,443800,3921600,0.60704,0.61134,0.59896,0.56673,0.54089,0.07022,0.02798,0.02645,0.02533,0.02798,0.02645,0.02533,0,0,0
R666,443800,3921700,0.63069,0.63766,0.62728,0.58965,0.5644,0.07306,0.02905,0.02778,0.02649,0.02905,0.02778,0.02649,0,0,0
R667,443800,3921800,0.66532,0.67233,0.65936,0.62241,0.59494,0.07712,0.03064,0.0292,0.0278,0.03064,0.0292,0.0278,0,0,0
R668,443800,3921900,0.68564,0.69031,0.6772,0.63959,0.61081,0.07925,0.03145,0.03053,0.0285,0.03145,0.03053,0.0285,0,0,0
R669,443800,3922000,0.67762,0.67395,0.65329,0.62894,0.5956,0.07793,0.03087,0.03069,0.02736,0.03087,0.03069,0.02736,0,0,0
R670,443800,3922100,0.68985,0.67881,0.65428,0.63647,0.59947,0.07887,0.0312,0.03084,0.0273,0.0312,0.03084,0.0273,0,0,0
R671,443800,3922200,0.71384,0.69591,0.67294,0.65344,0.61455,0.08097,0.03199,0.0304,0.02801,0.03199,0.0304,0.02801,0,0,0
R672,443800,3922300,0.718,0.68806,0.65429,0.65255,0.60658,0.08086,0.03185,0.02852,0.02701,0.03185,0.02852,0.02701,0,0,0
R673,443800,3922400,0.79294,0.75442,0.70738,0.72006,0.66427,0.08923,0.03511,0.0312,0.02908,0.03511,0.0312,0.02908,0,0,0
R674,443800,3922500,0.81072,0.74921,0.6976,0.72237,0.65878,0.08952,0.03509,0.02933,0.02838,0.03509,0.02933,0.02838,0,0,0
R675,443800,3922600,0.73901,0.63293,0.61974,0.61394,0.55724,0.07608,0.0295,0.02844,0.02472,0.0295,0.02844,0.02472,0,0,0
R676,443800,3922700,0.84475,0.70652,0.68775,0.6915,0.62127,0.08569,0.03312,0.03442,0.02718,0.03312,0.03442,0.02718,0,0,0
R677,443800,3922800,0.86741,0.68575,0.69463,0.67427,0.60365,0.08356,0.03202,0.03828,0.02706,0.03202,0.03828,0.02706,0,0,0
R678,443800,3922900,0.94871,0.70212,0.739,0.69649,0.61842,0.08631,0.03273,0.03969,0.02827,0.03273,0.03969,0.02827,0,0,0
R679,443800,3923000,1.25026,0.89187,0.93921,0.8957,0.78448,0.111,0.04186,0.04819,0.0354,0.04186,0.04819,0.0354,0,0,0
R680,443800,3923100,1.68076,1.20452,1.22069,1.22293,1.05647,0.15156,0.05725,0.02683,0.04573,0.05725,0.02683,0.04573,0,0,0
R681,443800,3923200,2.47167,1.31052,1.71344,1.36679,1.15939,0.16937,0.06021,0.04592,0.05977,0.06021,0.04592,0.05977,0,0,0
R682,443800,3923300,1.80671,1.0071,1.26477,1.04399,0.88977,0.12937,0.04652,0.03305,0.04466,0.04652,0.03305,0.04466,0,0,0
R683,443900,3920300,0.39817,0.33786,0.35265,0.32292,0.29883,0.04001,0.01675,0.01519,0.01554,0.01675,0.01519,0.01554,0,0,0
R684,443900,3920400,0.39852,0.34948,0.35867,0.33244,0.30903,0.04119,0.01708,0.01564,0.01568,0.01708,0.01564,0.01568,0,0,0
R685,443900,3920500,0.40234,0.35861,0.36529,0.34025,0.31708,0.04216,0.01739,0.01593,0.0159,0.01739,0.01593,0.0159,0,0,0
R686,443900,3920600,0.40592,0.37332,0.37394,0.35281,0.32998,0.04372,0.01788,0.01661,0.01616,0.01788,0.01661,0.01616,0,0,0
R687,443900,3920700,0.40625,0.39066,0.38207,0.36723,0.34514,0.0455,0.01838,0.01706,0.01634,0.01838,0.01706,0.01634,0,0,0
R688,443900,3920800,0.40113,0.39092,0.38238,0.36602,0.34551,0.04535,0.01824,0.01701,0.01628,0.01824,0.01701,0.01628,0,0,0
R689,443900,3920900,0.42815,0.41955,0.40806,0.39294,0.37071,0.04869,0.01955,0.01818,0.01735,0.01955,0.01818,0.01735,0,0,0
R690,443900,3921000,0.43595,0.42969,0.41902,0.40141,0.37981,0.04974,0.01993,0.01873,0.01779,0.01993,0.01873,0.01779,0,0,0
R691,443900,3921100,0.43807,0.43405,0.42539,0.40418,0.38386,0.05008,0.02001,0.01912,0.01802,0.02001,0.01912,0.01802,0,0,0
R692,443900,3921200,0.47117,0.4687,0.45773,0.43648,0.41445,0.05408,0.0216,0.0204,0.01938,0.0216,0.0204,0.01938,0,0,0
R693,443900,3921300,0.48271,0.48119,0.47206,0.44714,0.42565,0.05541,0.0221,0.02108,0.01997,0.0221,0.02108,0.01997,0,0,0
R694,443900,3921400,0.49969,0.49852,0.49079,0.46258,0.44112,0.05732,0.02284,0.02187,0.02074,0.02284,0.02187,0.02074,0,0,0
R695,443900,3921500,0.5162,0.51559,0.50873,0.47788,0.45631,0.05921,0.02356,0.02263,0.02147,0.02356,0.02263,0.02147,0,0,0
R696,443900,3921600,0.53974,0.53933,0.53198,0.49984,0.47731,0.06194,0.02462,0.0235,0.02242,0.02462,0.0235,0.02242,0,0,0
R697,443900,3921700,0.55879,0.55651,0.5493,0.51609,0.49249,0.06395,0.02539,0.02416,0.02312,0.02539,0.02416,0.02312,0,0,0
R698,443900,3921800,0.57264,0.56776,0.55838,0.52777,0.50225,0.0654,0.02593,0.02494,0.02344,0.02593,0.02494,0.02344,0,0,0
R699,443900,3921900,0.58348,0.57485,0.56475,0.53546,0.50839,0.06635,0.02627,0.02557,0.02364,0.02627,0.02557,0.02364,0,0,0
R700,443900,3922000,0.59002,0.57341,0.56452,0.53574,0.507,0.06638,0.02627,0.02474,0.02358,0.02627,0.02474,0.02358,0,0,0
R701,443900,3922100,0.6161,0.5962,0.587,0.55763,0.52709,0.0691,0.02729,0.02578,0.02445,0.02729,0.02578,0.02445,0,0,0
R702,443900,3922200,0.6199,0.59007,0.57298,0.55692,0.52088,0.06901,0.02719,0.02591,0.0237,0.02719,0.02591,0.0237,0,0,0
R703,443900,3922300,0.65232,0.61426,0.58663,0.58458,0.54141,0.07244,0.02849,0.0262,0.02412,0.02849,0.0262,0.02412,0,0,0
R704,443900,3922400,0.67211,0.623,0.59568,0.59526,0.5489,0.07376,0.02895,0.02662,0.02437,0.02895,0.02662,0.02437,0,0,0
R705,443900,3922500,0.70755,0.64506,0.61746,0.61897,0.56809,0.0767,0.03002,0.02732,0.02511,0.03002,0.02732,0.02511,0,0,0
R706,443900,3922600,0.70621,0.60853,0.58786,0.59175,0.53533,0.07333,0.02847,0.02628,0.02346,0.02847,0.02628,0.02346,0,0,0
R707,443900,3922700,0.79934,0.68564,0.65457,0.6701,0.60255,0.08304,0.03222,0.03034,0.02604,0.03222,0.03034,0.02604,0,0,0
R708,443900,3922800,0.79578,0.63376,0.63452,0.62408,0.55753,0.07734,0.02968,0.03136,0.02474,0.02968,0.03136,0.02474,0,0,0
R709,443900,3922900,0.86989,0.63473,0.67005,0.63204,0.5589,0.07832,0.02964,0.03219,0.0255,0.02964,0.03219,0.0255,0,0,0
R710,443900,3923000,0.98898,0.67261,0.73595,0.6781,0.59234,0.08403,0.03142,0.02999,0.02742,0.03142,0.02999,0.02742,0,0,0
R711,443900,3923100,1.23913,0.81456,0.89829,0.82919,0.71679,0.10276,0.03821,0.0279,0.03304,0.03821,0.0279,0.03304,0,0,0
R712,443900,3923200,1.5218,0.91988,1.0779,0.94644,0.8107,0.11729,0.04291,0.0279,0.03877,0.04291,0.0279,0.03877,0,0,0
R713,443900,3923300,0.75848,0.43361,0.54055,0.44599,0.3833,0.05527,0.01998,0.01476,0.01928,0.01998,0.01476,0.01928,0,0,0
R714,444000,3920300,0.36389,0.3131,0.32368,0.29885,0.27684,0.03703,0.01539,0.01408,0.01416,0.01539,0.01408,0.01416,0,0,0
R715,444000,3920400,0.36809,0.32232,0.33027,0.30686,0.28496,0.03802,0.01572,0.01439,0.01439,0.01572,0.01439,0.01439,0,0,0
R716,444000,3920500,0.37319,0.32927,0.33655,0.31299,0.29112,0.03878,0.01599,0.01461,0.01462,0.01599,0.01461,0.01462,0,0,0
R717,444000,3920600,0.37451,0.34328,0.34406,0.32463,0.30341,0.04023,0.01641,0.01526,0.01482,0.01641,0.01526,0.01482,0,0,0
R718,444000,3920700,0.37829,0.35921,0.35354,0.33817,0.31739,0.0419,0.01694,0.01571,0.01511,0.01694,0.01571,0.01511,0,0,0
R719,444000,3920800,0.38029,0.36688,0.35989,0.34416,0.32424,0.04265,0.01715,0.01596,0.01532,0.01715,0.01596,0.01532,0,0,0
R720,444000,3920900,0.39282,0.38198,0.37407,0.3577,0.33762,0.04432,0.01779,0.01656,0.01589,0.01779,0.01656,0.01589,0,0,0
R721,444000,3921000,0.40003,0.39141,0.38485,0.36538,0.34612,0.04527,0.01813,0.01706,0.01632,0.01813,0.01706,0.01632,0,0,0
R722,444000,3921100,0.41066,0.40399,0.39765,0.37638,0.35732,0.04664,0.01864,0.01763,0.01684,0.01864,0.01763,0.01684,0,0,0
R723,444000,3921200,0.42719,0.42138,0.41523,0.39213,0.37276,0.04859,0.0194,0.01833,0.01757,0.0194,0.01833,0.01757,0,0,0
R724,444000,3921300,0.43513,0.42986,0.42523,0.39931,0.38039,0.04948,0.01972,0.01879,0.01797,0.01972,0.01879,0.01797,0,0,0
R725,444000,3921400,0.44515,0.44017,0.4369,0.40828,0.38963,0.05059,0.02014,0.01927,0.01843,0.02014,0.01927,0.01843,0,0,0
R726,444000,3921500,0.45156,0.44631,0.44209,0.41427,0.39499,0.05133,0.02039,0.01958,0.0186,0.02039,0.01958,0.0186,0,0,0
R727,444000,3921600,0.45441,0.44691,0.4413,0.4158,0.39537,0.05152,0.02043,0.01964,0.01851,0.02043,0.01964,0.01851,0,0,0
R728,444000,3921700,0.48554,0.4776,0.474,0.44357,0.42268,0.05496,0.02179,0.02092,0.01989,0.02179,0.02092,0.01989,0,0,0
R729,444000,3921800,0.4959,0.48498,0.48079,0.4513,0.42911,0.05592,0.02215,0.02131,0.02013,0.02215,0.02131,0.02013,0,0,0
R730,444000,3921900,0.49385,0.47773,0.46915,0.44726,0.42227,0.05542,0.0219,0.02105,0.01954,0.0219,0.02105,0.01954,0,0,0
R731,444000,3922000,0.50201,0.4802,0.46742,0.45226,0.42403,0.05604,0.0221,0.02055,0.01937,0.0221,0.02055,0.01937,0,0,0
R732,444000,3922100,0.52667,0.50016,0.49567,0.46921,0.44216,0.05814,0.02292,0.02181,0.02055,0.02292,0.02181,0.02055,0,0,0
R733,444000,3922200,0.54176,0.50847,0.50401,0.47854,0.44935,0.0593,0.02334,0.0219,0.02083,0.02334,0.0219,0.02083,0,0,0
R734,444000,3922300,0.55215,0.51014,0.49618,0.48521,0.44998,0.06013,0.02359,0.02166,0.02033,0.02359,0.02166,0.02033,0,0,0
R735,444000,3922400,0.56724,0.51573,0.50284,0.49236,0.45477,0.06101,0.02388,0.02187,0.02049,0.02388,0.02187,0.02049,0,0,0
R736,444000,3922500,0.59089,0.52876,0.51535,0.50715,0.46602,0.06284,0.02453,0.02192,0.02088,0.02453,0.02192,0.02088,0,0,0
R737,444000,3922600,0.63265,0.55156,0.53147,0.53495,0.4853,0.06629,0.02578,0.02217,0.0213,0.02578,0.02217,0.0213,0,0,0
R738,444000,3922700,0.68018,0.58369,0.56296,0.56858,0.51335,0.07046,0.02735,0.02277,0.02244,0.02735,0.02277,0.02244,0,0,0
R739,444000,3922800,0.69236,0.5554,0.55583,0.54575,0.4887,0.06763,0.02598,0.0237,0.02174,0.02598,0.0237,0.02174,0,0,0
R740,444000,3922900,0.70755,0.50271,0.54488,0.50066,0.44314,0.06204,0.02337,0.02342,0.02063,0.02337,0.02342,0.02063,0,0,0
R741,444000,3923000,0.76766,0.50456,0.57047,0.5092,0.44494,0.0631,0.02344,0.02072,0.02111,0.02344,0.02072,0.02111,0,0,0
R742,444000,3923100,0.85736,0.5385,0.62583,0.54744,0.47506,0.06784,0.02499,0.02193,0.02286,0.02499,0.02193,0.02286,0,0,0
R743,444000,3923200,0.85373,0.51114,0.61368,0.52323,0.45125,0.06484,0.02367,0.01853,0.02213,0.02367,0.01853,0.02213,0,0,0
R744,444000,3923300,0.39488,0.23191,0.28719,0.23648,0.20514,0.0293,0.01065,0.00854,0.01036,0.01065,0.00854,0.01036,0,0,0
R745,444100,3920300,0.33635,0.2861,0.298,0.27336,0.25303,0.03387,0.01409,0.01281,0.01304,0.01409,0.01281,0.01304,0,0,0
R746,444100,3920400,0.33718,0.29478,0.30309,0.28044,0.26067,0.03475,0.01435,0.01314,0.01318,0.01435,0.01314,0.01318,0,0,0
R747,444100,3920500,0.34227,0.30142,0.30958,0.28619,0.26658,0.03546,0.01461,0.01338,0.01344,0.01461,0.01338,0.01344,0,0,0
R748,444100,3920600,0.34525,0.31224,0.31697,0.29519,0.27613,0.03658,0.01496,0.01384,0.01368,0.01496,0.01384,0.01368,0,0,0
R749,444100,3920700,0.35172,0.32364,0.32655,0.30498,0.28623,0.03779,0.01538,0.01433,0.01404,0.01538,0.01433,0.01404,0,0,0
R750,444100,3920800,0.35727,0.33998,0.33787,0.31882,0.30064,0.0395,0.01594,0.01486,0.01442,0.01594,0.01486,0.01442,0,0,0
R751,444100,3920900,0.36686,0.3523,0.34928,0.32975,0.31156,0.04086,0.01644,0.01532,0.01487,0.01644,0.01532,0.01487,0,0,0
R752,444100,3921000,0.37251,0.36171,0.35811,0.3376,0.31995,0.04183,0.01677,0.01569,0.0152,0.01677,0.01569,0.0152,0,0,0
R753,444100,3921100,0.36622,0.35816,0.35632,0.33302,0.31699,0.04126,0.01648,0.01573,0.01508,0.01648,0.01573,0.01508,0,0,0
R754,444100,3921200,0.381,0.37312,0.37107,0.34682,0.33023,0.04297,0.01715,0.01633,0.01568,0.01715,0.01633,0.01568,0,0,0
R755,444100,3921300,0.39774,0.38886,0.38658,0.36166,0.34414,0.04481,0.01787,0.01687,0.01632,0.01787,0.01687,0.01632,0,0,0
R756,444100,3921400,0.40114,0.39283,0.39175,0.36476,0.34775,0.0452,0.01798,0.01714,0.0165,0.01798,0.01714,0.0165,0,0,0
R757,444100,3921500,0.39929,0.39054,0.38859,0.36298,0.34565,0.04498,0.01784,0.01714,0.01631,0.01784,0.01714,0.01631,0,0,0
R758,444100,3921600,0.41831,0.40869,0.40735,0.37973,0.36174,0.04705,0.01866,0.0179,0.01709,0.01866,0.0179,0.01709,0,0,0
R759,444100,3921700,0.43194,0.42001,0.41976,0.3904,0.3718,0.04837,0.01917,0.0183,0.01759,0.01917,0.0183,0.01759,0,0,0
R760,444100,3921800,0.43214,0.41653,0.41457,0.38862,0.36851,0.04815,0.01904,0.01832,0.0173,0.01904,0.01832,0.0173,0,0,0
R761,444100,3921900,0.43434,0.4139,0.40981,0.38805,0.36591,0.04808,0.01898,0.01818,0.01703,0.01898,0.01818,0.01703,0,0,0
R762,444100,3922000,0.43962,0.41553,0.4099,0.39092,0.36716,0.04844,0.01908,0.01759,0.01696,0.01908,0.01759,0.01696,0,0,0
R763,444100,3922100,0.4497,0.42108,0.41468,0.3974,0.37192,0.04924,0.01937,0.0182,0.01711,0.01937,0.0182,0.01711,0,0,0
R764,444100,3922200,0.46414,0.42999,0.42851,0.40543,0.38,0.05024,0.01974,0.01869,0.01764,0.01974,0.01869,0.01764,0,0,0
R765,444100,3922300,0.46975,0.42836,0.42335,0.40681,0.37814,0.05041,0.01974,0.01795,0.0173,0.01974,0.01795,0.0173,0,0,0
R766,444100,3922400,0.48444,0.43444,0.42918,0.41461,0.3833,0.05138,0.02007,0.01809,0.01744,0.02007,0.01809,0.01744,0,0,0
R767,444100,3922500,0.50701,0.44615,0.43996,0.42837,0.39335,0.05308,0.02068,0.01816,0.01776,0.02068,0.01816,0.01776,0,0,0
R768,444100,3922600,0.5206,0.44783,0.44573,0.43156,0.39482,0.05348,0.02077,0.0183,0.01787,0.02077,0.0183,0.01787,0,0,0
R769,444100,3922700,0.56373,0.46947,0.46743,0.45679,0.41347,0.05661,0.02187,0.01844,0.01853,0.02187,0.01844,0.01853,0,0,0
R770,444100,3922800,0.56242,0.42463,0.44695,0.41844,0.3743,0.05185,0.01973,0.01868,0.01724,0.01973,0.01868,0.01724,0,0,0
R771,444100,3922900,0.58873,0.4327,0.46123,0.4284,0.38141,0.05309,0.02011,0.01876,0.01765,0.02011,0.01876,0.01765,0,0,0
R772,444100,3923000,0.62674,0.40759,0.46723,0.41093,0.35969,0.05092,0.01888,0.01692,0.01727,0.01888,0.01692,0.01727,0,0,0
R773,444100,3923100,0.59464,0.37283,0.4347,0.37884,0.32898,0.04695,0.01729,0.01337,0.01588,0.01729,0.01337,0.01588,0,0,0
R774,444100,3923200,0.56585,0.34564,0.41443,0.35117,0.30539,0.04352,0.01594,0.01363,0.01508,0.01594,0.01363,0.01508,0,0,0
R775,444100,3923300,0.41468,0.25553,0.30481,0.25922,0.22576,0.03212,0.01179,0.00941,0.01112,0.01179,0.00941,0.01112,0,0,0
R776,444200,3920300,0.30983,0.26062,0.27456,0.24892,0.23061,0.03084,0.01286,0.0116,0.01203,0.01286,0.0116,0.01203,0,0,0
R777,444200,3920400,0.31372,0.26942,0.28133,0.25639,0.2384,0.03177,0.01317,0.01195,0.01227,0.01317,0.01195,0.01227,0,0,0
R778,444200,3920500,0.31821,0.27651,0.28733,0.26258,0.24467,0.03254,0.01344,0.01223,0.0125,0.01344,0.01223,0.0125,0,0,0
R779,444200,3920600,0.32247,0.28448,0.29409,0.26934,0.25174,0.03337,0.01372,0.01256,0.01274,0.01372,0.01256,0.01274,0,0,0
R780,444200,3920700,0.3292,0.2942,0.30287,0.27781,0.26037,0.03442,0.0141,0.01296,0.01308,0.0141,0.01296,0.01308,0,0,0
R781,444200,3920800,0.33417,0.30351,0.31074,0.2857,0.26862,0.0354,0.01443,0.01335,0.01337,0.01443,0.01335,0.01337,0,0,0
R782,444200,3920900,0.34236,0.31449,0.32038,0.29551,0.27833,0.03662,0.01487,0.01382,0.01374,0.01487,0.01382,0.01374,0,0,0
R783,444200,3921000,0.34809,0.32576,0.32959,0.30508,0.28831,0.0378,0.01526,0.01428,0.01407,0.01526,0.01428,0.01407,0,0,0
R784,444200,3921100,0.35203,0.3397,0.33868,0.31684,0.30058,0.03926,0.01571,0.01473,0.01434,0.01571,0.01473,0.01434,0,0,0
R785,444200,3921200,0.35005,0.33987,0.33965,0.31615,0.30084,0.03917,0.01563,0.01484,0.01434,0.01563,0.01484,0.01434,0,0,0
R786,444200,3921300,0.35514,0.34522,0.34569,0.32078,0.30564,0.03975,0.01583,0.01509,0.01457,0.01583,0.01509,0.01457,0,0,0
R787,444200,3921400,0.36225,0.35269,0.35389,0.32731,0.31231,0.04056,0.01612,0.01538,0.01489,0.01612,0.01538,0.01489,0,0,0
R788,444200,3921500,0.3594,0.34906,0.34977,0.32428,0.30904,0.04018,0.01594,0.01531,0.01467,0.01594,0.01531,0.01467,0,0,0
R789,444200,3921600,0.36173,0.34918,0.34909,0.32518,0.30903,0.04029,0.01595,0.01531,0.0146,0.01595,0.01531,0.0146,0,0,0
R790,444200,3921700,0.35699,0.34095,0.33924,0.31895,0.30155,0.03952,0.01561,0.01471,0.01412,0.01561,0.01471,0.01412,0,0,0
R791,444200,3921800,0.37264,0.35471,0.35339,0.33198,0.31372,0.04114,0.01624,0.01544,0.0147,0.01624,0.01544,0.0147,0,0,0
R792,444200,3921900,0.37857,0.35763,0.3552,0.33576,0.31616,0.0416,0.01641,0.01546,0.01473,0.01641,0.01546,0.01473,0,0,0
R793,444200,3922000,0.38179,0.35627,0.35353,0.33571,0.31482,0.0416,0.01636,0.01505,0.01459,0.01636,0.01505,0.01459,0,0,0
R794,444200,3922100,0.39303,0.36237,0.36,0.34249,0.32013,0.04244,0.01666,0.01521,0.01479,0.01666,0.01521,0.01479,0,0,0
R795,444200,3922200,0.4071,0.37237,0.37094,0.35241,0.32895,0.04367,0.01713,0.01589,0.01521,0.01713,0.01589,0.01521,0,0,0
R796,444200,3922300,0.415,0.37366,0.37375,0.35474,0.33002,0.04396,0.01719,0.01562,0.01524,0.01719,0.01562,0.01524,0,0,0
R797,444200,3922400,0.42602,0.37761,0.37829,0.35993,0.33339,0.0446,0.0174,0.01566,0.01535,0.0174,0.01566,0.01535,0,0,0
R798,444200,3922500,0.44034,0.38064,0.37898,0.36624,0.33564,0.04538,0.01764,0.01532,0.01523,0.01764,0.01532,0.01523,0,0,0
R799,444200,3922600,0.45857,0.38551,0.38766,0.37282,0.33988,0.0462,0.01788,0.01544,0.01545,0.01788,0.01544,0.01545,0,0,0
R800,444200,3922700,0.46667,0.36309,0.3788,0.35536,0.32017,0.04404,0.01684,0.01546,0.01476,0.01684,0.01546,0.01476,0,0,0
R801,444200,3922800,0.47377,0.33574,0.36913,0.33302,0.29628,0.04127,0.01554,0.01457,0.01401,0.01554,0.01457,0.01401,0,0,0
R802,444200,3922900,0.48535,0.32434,0.36718,0.32517,0.28624,0.04029,0.01502,0.01325,0.01369,0.01502,0.01325,0.01369,0,0,0
R803,444200,3923000,0.4984,0.32518,0.37411,0.32702,0.28709,0.04052,0.01504,0.01333,0.01386,0.01504,0.01333,0.01386,0,0,0
R804,444200,3923100,0.51227,0.31847,0.37723,0.3228,0.2813,0.04,0.01471,0.01249,0.01379,0.01471,0.01249,0.01379,0,0,0
R805,444200,3923200,0.43117,0.26813,0.31952,0.27114,0.23697,0.0336,0.01235,0.01074,0.0117,0.01235,0.01074,0.0117,0,0,0
R806,444200,3923300,0.34563,0.21564,0.25698,0.21778,0.19061,0.02699,0.00993,0.00838,0.00943,0.00993,0.00838,0.00943,0,0,0
R807,444300,3920300,0.29069,0.24776,0.26004,0.23594,0.21927,0.02924,0.01214,0.01104,0.01136,0.01214,0.01104,0.01136,0,0,0
R808,444300,3920400,0.29318,0.25665,0.26605,0.24336,0.22711,0.03015,0.01243,0.01143,0.01155,0.01243,0.01143,0.01155,0,0,0
R809,444300,3920500,0.29923,0.26231,0.27222,0.24851,0.23215,0.03079,0.01268,0.01163,0.01181,0.01268,0.01163,0.01181,0,0,0
R810,444300,3920600,0.30038,0.26368,0.27385,0.24961,0.23338,0.03093,0.01271,0.01163,0.01186,0.01271,0.01163,0.01186,0,0,0
R811,444300,3920700,0.3061,0.27303,0.2819,0.25769,0.24167,0.03193,0.01306,0.01203,0.01216,0.01306,0.01203,0.01216,0,0,0
R812,444300,3920800,0.30968,0.27811,0.28679,0.26203,0.24619,0.03247,0.01325,0.01222,0.01234,0.01325,0.01222,0.01234,0,0,0
R813,444300,3920900,0.31417,0.28398,0.29214,0.26723,0.25139,0.03311,0.01347,0.01245,0.01254,0.01347,0.01245,0.01254,0,0,0
R814,444300,3921000,0.32039,0.29164,0.29946,0.27402,0.2582,0.03395,0.01378,0.01277,0.01283,0.01378,0.01277,0.01283,0,0,0
R815,444300,3921100,0.32481,0.3016,0.30795,0.2822,0.26705,0.03497,0.01411,0.0132,0.01313,0.01411,0.0132,0.01313,0,0,0
R816,444300,3921200,0.32858,0.31365,0.31638,0.29228,0.27769,0.03622,0.01451,0.01361,0.01341,0.01451,0.01361,0.01341,0,0,0
R817,444300,3921300,0.33152,0.31835,0.32092,0.29619,0.28189,0.0367,0.01466,0.0138,0.01356,0.01466,0.0138,0.01356,0,0,0
R818,444300,3921400,0.32852,0.31708,0.31996,0.29443,0.28083,0.03648,0.01451,0.01381,0.01347,0.01451,0.01381,0.01347,0,0,0
R819,444300,3921500,0.32867,0.31675,0.31935,0.29428,0.2805,0.03646,0.01447,0.01385,0.01339,0.01447,0.01385,0.01339,0,0,0
R820,444300,3921600,0.33321,0.31951,0.32211,0.29726,0.2829,0.03683,0.01459,0.01398,0.01348,0.01459,0.01398,0.01348,0,0,0
R821,444300,3921700,0.33127,0.31528,0.31661,0.2943,0.27901,0.03647,0.01441,0.01377,0.01319,0.01441,0.01377,0.01319,0,0,0
R822,444300,3921800,0.33403,0.31497,0.31509,0.29516,0.27859,0.03657,0.01442,0.0136,0.01307,0.01442,0.0136,0.01307,0,0,0
R823,444300,3921900,0.34248,0.31934,0.31937,0.30022,0.28235,0.0372,0.01465,0.01376,0.01321,0.01465,0.01376,0.01321,0,0,0
R824,444300,3922000,0.34397,0.31649,0.3161,0.29877,0.27968,0.03702,0.01454,0.01336,0.013,0.01454,0.01336,0.013,0,0,0
R825,444300,3922100,0.35156,0.32155,0.32278,0.30354,0.28421,0.03761,0.01475,0.01344,0.01325,0.01475,0.01344,0.01325,0,0,0
R826,444300,3922200,0.35852,0.32365,0.32489,0.30668,0.28596,0.038,0.01488,0.01363,0.01328,0.01488,0.01363,0.01328,0,0,0
R827,444300,3922300,0.37015,0.3307,0.33431,0.31355,0.29225,0.03885,0.01518,0.01393,0.01363,0.01518,0.01393,0.01363,0,0,0
R828,444300,3922400,0.37493,0.32942,0.33335,0.31376,0.29099,0.03888,0.01515,0.01368,0.01351,0.01515,0.01368,0.01351,0,0,0
R829,444300,3922500,0.38657,0.33006,0.33579,0.31648,0.2914,0.03922,0.01522,0.01353,0.01349,0.01522,0.01353,0.01349,0,0,0
R830,444300,3922600,0.39342,0.32704,0.33725,0.31471,0.28878,0.039,0.01508,0.01356,0.01345,0.01508,0.01356,0.01345,0,0,0
R831,444300,3922700,0.4109,0.33058,0.34158,0.32115,0.29163,0.0398,0.0153,0.01324,0.01346,0.0153,0.01324,0.01346,0,0,0
R832,444300,3922800,0.42046,0.32291,0.34058,0.31621,0.28486,0.03918,0.01496,0.01312,0.01324,0.01496,0.01312,0.01324,0,0,0
R833,444300,3922900,0.43053,0.29557,0.33257,0.29408,0.26101,0.03644,0.01365,0.01261,0.01253,0.01365,0.01261,0.01253,0,0,0
R834,444300,3923000,0.41743,0.27305,0.31462,0.27419,0.24113,0.03398,0.01261,0.01122,0.01168,0.01261,0.01122,0.01168,0,0,0
R835,444300,3923100,0.43301,0.26979,0.32128,0.27268,0.23844,0.03379,0.01243,0.01081,0.01177,0.01243,0.01081,0.01177,0,0,0
R836,444300,3923200,0.34728,0.21859,0.25929,0.22039,0.19321,0.02731,0.01007,0.00869,0.00954,0.01007,0.00869,0.00954,0,0,0
R837,444300,3923300,0.3067,0.19637,0.23218,0.19692,0.17365,0.0244,0.00902,0.00813,0.0086,0.00902,0.00813,0.0086,0,0,0
R838,444400,3920300,0.26206,0.23369,0.24052,0.22084,0.20679,0.02736,0.01122,0.01041,0.0104,0.01122,0.01041,0.0104,0,0,0
R839,444400,3920400,0.26422,0.23977,0.24487,0.22595,0.21216,0.028,0.01142,0.01062,0.01054,0.01142,0.01062,0.01054,0,0,0
R840,444400,3920500,0.27414,0.24685,0.25332,0.2328,0.21845,0.02885,0.01178,0.01096,0.01092,0.01178,0.01096,0.01092,0,0,0
R841,444400,3920600,0.27886,0.24999,0.25767,0.23571,0.22128,0.02921,0.01193,0.01107,0.01111,0.01193,0.01107,0.01111,0,0,0
R842,444400,3920700,0.28284,0.25273,0.2617,0.23815,0.22376,0.02951,0.01206,0.01115,0.01128,0.01206,0.01115,0.01128,0,0,0
R843,444400,3920800,0.2855,0.25704,0.26573,0.24177,0.2276,0.02996,0.01221,0.01131,0.01143,0.01221,0.01131,0.01143,0,0,0
R844,444400,3920900,0.2878,0.26326,0.2707,0.24686,0.23312,0.03059,0.01241,0.01157,0.0116,0.01241,0.01157,0.0116,0,0,0
R845,444400,3921000,0.2944,0.26858,0.27708,0.25177,0.23788,0.0312,0.01266,0.01178,0.01187,0.01266,0.01178,0.01187,0,0,0
R846,444400,3921100,0.29589,0.2763,0.28253,0.25795,0.24472,0.03196,0.01288,0.01209,0.01203,0.01288,0.01209,0.01203,0,0,0
R847,444400,3921200,0.30047,0.28421,0.2889,0.26484,0.2517,0.03282,0.01316,0.01236,0.01225,0.01316,0.01236,0.01225,0,0,0
R848,444400,3921300,0.3034,0.28851,0.29241,0.26867,0.2555,0.03329,0.0133,0.01252,0.01235,0.0133,0.01252,0.01235,0,0,0
R849,444400,3921400,0.30772,0.29176,0.29573,0.27188,0.25835,0.03369,0.01343,0.01262,0.01245,0.01343,0.01262,0.01245,0,0,0
R850,444400,3921500,0.3134,0.29543,0.30002,0.27557,0.2616,0.03415,0.0136,0.01277,0.01261,0.0136,0.01277,0.01261,0,0,0
R851,444400,3921600,0.31758,0.29737,0.30224,0.27783,0.26328,0.03443,0.0137,0.01284,0.01268,0.0137,0.01284,0.01268,0,0,0
R852,444400,3921700,0.31359,0.2948,0.29951,0.27508,0.26103,0.03409,0.01349,0.01275,0.0125,0.01349,0.01275,0.0125,0,0,0
R853,444400,3921800,0.31141,0.2912,0.29464,0.27247,0.25772,0.03376,0.01331,0.0127,0.01223,0.01331,0.0127,0.01223,0,0,0
R854,444400,3921900,0.3113,0.28843,0.29091,0.27087,0.25513,0.03356,0.01321,0.01245,0.01202,0.01321,0.01245,0.01202,0,0,0
R855,444400,3922000,0.31714,0.29116,0.29472,0.27382,0.25755,0.03393,0.01335,0.01265,0.01216,0.01335,0.01265,0.01216,0,0,0
R856,444400,3922100,0.32422,0.29492,0.29897,0.27794,0.26083,0.03444,0.01351,0.01266,0.01228,0.01351,0.01266,0.01228,0,0,0
R857,444400,3922200,0.32634,0.29352,0.29844,0.27724,0.25957,0.03435,0.01346,0.01263,0.01222,0.01346,0.01263,0.01222,0,0,0
R858,444400,3922300,0.32688,0.2902,0.2952,0.27509,0.25653,0.03409,0.01332,0.01236,0.01203,0.01332,0.01236,0.01203,0,0,0
R859,444400,3922400,0.33754,0.29226,0.29929,0.27845,0.25828,0.0345,0.01343,0.01219,0.0121,0.01343,0.01219,0.0121,0,0,0
R860,444400,3922500,0.34504,0.29154,0.3013,0.27895,0.25762,0.03457,0.0134,0.01211,0.01209,0.0134,0.01211,0.01209,0,0,0
R861,444400,3922600,0.35236,0.29006,0.30272,0.27883,0.25628,0.03455,0.01334,0.01199,0.01206,0.01334,0.01199,0.01206,0,0,0
R862,444400,3922700,0.35528,0.28476,0.29885,0.27551,0.25149,0.03414,0.01313,0.01156,0.0118,0.01313,0.01156,0.0118,0,0,0
R863,444400,3922800,0.35923,0.27896,0.29646,0.27148,0.24634,0.03364,0.01287,0.01119,0.01159,0.01287,0.01119,0.01159,0,0,0
R864,444400,3922900,0.36127,0.26417,0.28866,0.25977,0.23328,0.03219,0.01219,0.01088,0.01109,0.01219,0.01088,0.01109,0,0,0
R865,444400,3923000,0.3637,0.24356,0.27944,0.24282,0.21522,0.03009,0.01122,0.01024,0.01047,0.01122,0.01024,0.01047,0,0,0
R866,444400,3923100,0.35876,0.23076,0.2713,0.23148,0.20399,0.02868,0.01062,0.00956,0.01005,0.01062,0.00956,0.01005,0,0,0
R867,444400,3923200,0.30653,0.20014,0.23444,0.1999,0.17698,0.02477,0.00919,0.00836,0.00874,0.00919,0.00836,0.00874,0,0,0
R868,444400,3923300,0.26682,0.17587,0.20563,0.17516,0.15556,0.02171,0.00807,0.00733,0.00769,0.00807,0.00733,0.00769,0,0,0
R869,444500,3920300,0.24972,0.21807,0.22755,0.20646,0.19306,0.02558,0.01054,0.00973,0.00988,0.01054,0.00973,0.00988,0,0,0
R870,444500,3920400,0.25173,0.22304,0.23115,0.21068,0.19744,0.02611,0.01071,0.00992,0.01,0.01071,0.00992,0.01,0,0,0
R871,444500,3920500,0.25591,0.22848,0.23629,0.21546,0.20227,0.0267,0.01093,0.01014,0.0102,0.01093,0.01014,0.0102,0,0,0
R872,444500,3920600,0.25623,0.23346,0.23953,0.21938,0.20668,0.02718,0.01106,0.01032,0.01029,0.01106,0.01032,0.01029,0,0,0
R873,444500,3920700,0.25788,0.23818,0.24312,0.22327,0.21086,0.02767,0.01121,0.01047,0.01041,0.01121,0.01047,0.01041,0,0,0
R874,444500,3920800,0.25445,0.24061,0.24403,0.22444,0.21305,0.02781,0.01119,0.01052,0.01039,0.01119,0.01052,0.01039,0,0,0
R875,444500,3920900,0.26133,0.2473,0.251,0.23057,0.219,0.02857,0.01148,0.01079,0.01067,0.01148,0.01079,0.01067,0,0,0
R876,444500,3921000,0.26687,0.25274,0.2566,0.23554,0.22382,0.02919,0.01171,0.01101,0.01089,0.01171,0.01101,0.01089,0,0,0
R877,444500,3921100,0.26225,0.25058,0.25437,0.23289,0.22196,0.02886,0.01151,0.01095,0.01073,0.01151,0.01095,0.01073,0,0,0
R878,444500,3921200,0.27242,0.25895,0.26301,0.24097,0.22935,0.02986,0.01191,0.01125,0.01109,0.01191,0.01125,0.01109,0,0,0
R879,444500,3921300,0.27891,0.26386,0.26855,0.24569,0.23371,0.03044,0.01213,0.01145,0.01131,0.01213,0.01145,0.01131,0,0,0
R880,444500,3921400,0.28466,0.26808,0.27308,0.24987,0.23743,0.03096,0.01233,0.01161,0.01149,0.01233,0.01161,0.01149,0,0,0
R881,444500,3921500,0.28971,0.27043,0.27597,0.25255,0.23948,0.03129,0.01247,0.0117,0.0116,0.01247,0.0117,0.0116,0,0,0
R882,444500,3921600,0.29378,0.27059,0.27677,0.25347,0.23957,0.03141,0.01252,0.0117,0.01162,0.01252,0.0117,0.01162,0,0,0
R883,444500,3921700,0.29314,0.27034,0.27607,0.25325,0.23933,0.03138,0.01246,0.01165,0.01153,0.01246,0.01165,0.01153,0,0,0
R884,444500,3921800,0.29001,0.26809,0.27399,0.25085,0.23737,0.03108,0.01229,0.01156,0.0114,0.01229,0.01156,0.0114,0,0,0
R885,444500,3921900,0.29289,0.26857,0.27478,0.25178,0.23776,0.0312,0.01232,0.01156,0.0114,0.01232,0.01156,0.0114,0,0,0
R886,444500,3922000,0.2937,0.26671,0.27305,0.25067,0.23605,0.03106,0.01224,0.01146,0.01128,0.01224,0.01146,0.01128,0,0,0
R887,444500,3922100,0.29688,0.26725,0.2744,0.25157,0.23652,0.03117,0.01227,0.01147,0.01132,0.01227,0.01147,0.01132,0,0,0
R888,444500,3922200,0.30809,0.27574,0.28552,0.25924,0.24415,0.03212,0.01264,0.0118,0.01177,0.01264,0.0118,0.01177,0,0,0
R889,444500,3922300,0.30354,0.26521,0.27351,0.25145,0.23457,0.03116,0.0122,0.01129,0.01116,0.0122,0.01129,0.01116,0,0,0
R890,444500,3922400,0.31062,0.26645,0.27752,0.25313,0.23571,0.03137,0.01222,0.01133,0.01125,0.01222,0.01133,0.01125,0,0,0
R891,444500,3922500,0.31519,0.26415,0.27696,0.25214,0.23362,0.03124,0.01212,0.0112,0.01113,0.01212,0.0112,0.01113,0,0,0
R892,444500,3922600,0.3152,0.25795,0.27119,0.24779,0.228,0.03071,0.01185,0.01063,0.0108,0.01185,0.01063,0.0108,0,0,0
R893,444500,3922700,0.31064,0.2491,0.26386,0.24021,0.22016,0.02977,0.01145,0.01026,0.01044,0.01145,0.01026,0.01044,0,0,0
R894,444500,3922800,0.31071,0.24225,0.26034,0.23455,0.21414,0.02906,0.01114,0.01004,0.01023,0.01114,0.01004,0.01023,0,0,0
R895,444500,3922900,0.30426,0.23213,0.25191,0.22557,0.2052,0.02795,0.01067,0.00954,0.00984,0.01067,0.00954,0.00984,0,0,0
R896,444500,3923000,0.30848,0.22572,0.25001,0.22086,0.19956,0.02737,0.01037,0.00911,0.00964,0.01037,0.00911,0.00964,0,0,0
R897,444500,3923100,0.28546,0.18792,0.21858,0.18761,0.16614,0.02325,0.00864,0.00773,0.00816,0.00864,0.00773,0.00816,0,0,0
R898,444500,3923200,0.25185,0.16241,0.19112,0.1627,0.1436,0.02016,0.00747,0.00654,0.00709,0.00747,0.00654,0.00709,0,0,0
R899,444500,3923300,0.23197,0.15334,0.17905,0.15263,0.13563,0.01891,0.00704,0.00635,0.00671,0.00704,0.00635,0.00671,0,0,0
R900,444600,3920300,0.2342,0.20229,0.2129,0.19161,0.17914,0.02374,0.00981,0.00901,0.00926,0.00981,0.00901,0.00926,0,0,0
R901,444600,3920400,0.23508,0.2084,0.21667,0.19661,0.18453,0.02436,0.00999,0.00926,0.00937,0.00999,0.00926,0.00937,0,0,0
R902,444600,3920500,0.23779,0.2138,0.22115,0.20116,0.18932,0.02493,0.01018,0.00949,0.00953,0.01018,0.00949,0.00953,0,0,0
R903,444600,3920600,0.23785,0.21787,0.22357,0.20437,0.19291,0.02532,0.01028,0.0096,0.00959,0.01028,0.0096,0.00959,0,0,0
R904,444600,3920700,0.23991,0.22226,0.2273,0.20801,0.19682,0.02577,0.01042,0.00975,0.00971,0.01042,0.00975,0.00971,0,0,0
R905,444600,3920800,0.23577,0.22235,0.2263,0.2073,0.19692,0.02569,0.01031,0.00972,0.00961,0.01031,0.00972,0.00961,0,0,0
R906,444600,3920900,0.24016,0.22673,0.23074,0.21131,0.20081,0.02618,0.01049,0.0099,0.00977,0.01049,0.0099,0.00977,0,0,0
R907,444600,3921000,0.2445,0.23095,0.23528,0.21511,0.20457,0.02665,0.01066,0.01006,0.00994,0.01066,0.01006,0.00994,0,0,0
R908,444600,3921100,0.24497,0.23202,0.23662,0.21583,0.20555,0.02674,0.01066,0.01013,0.00997,0.01066,0.01013,0.00997,0,0,0
R909,444600,3921200,0.25153,0.23812,0.24311,0.22144,0.21096,0.02744,0.01093,0.01038,0.01023,0.01093,0.01038,0.01023,0,0,0
R910,444600,3921300,0.25537,0.24131,0.24655,0.22446,0.21379,0.02781,0.01107,0.0105,0.01037,0.01107,0.0105,0.01037,0,0,0
R911,444600,3921400,0.2602,0.24409,0.24954,0.22747,0.21622,0.02819,0.01122,0.01059,0.01048,0.01122,0.01059,0.01048,0,0,0
R912,444600,3921500,0.26547,0.24652,0.25237,0.23029,0.21833,0.02854,0.01135,0.01066,0.01059,0.01135,0.01066,0.01059,0,0,0
R913,444600,3921600,0.26846,0.24754,0.25373,0.23161,0.2192,0.0287,0.01141,0.0107,0.01062,0.01141,0.0107,0.01062,0,0,0
R914,444600,3921700,0.26705,0.24626,0.25231,0.23041,0.21807,0.02855,0.01131,0.01062,0.01052,0.01131,0.01062,0.01052,0,0,0
R915,444600,3921800,0.26671,0.24452,0.25045,0.22919,0.21648,0.0284,0.01124,0.01053,0.01042,0.01124,0.01053,0.01042,0,0,0
R916,444600,3921900,0.26999,0.24541,0.25221,0.23032,0.21727,0.02854,0.01128,0.01054,0.01047,0.01128,0.01054,0.01047,0,0,0
R917,444600,3922000,0.26802,0.24256,0.24977,0.22774,0.21474,0.02822,0.01112,0.01043,0.01033,0.01112,0.01043,0.01033,0,0,0
R918,444600,3922100,0.2679,0.23968,0.24637,0.22593,0.21209,0.02799,0.01101,0.01028,0.01014,0.01101,0.01028,0.01014,0,0,0
R919,444600,3922200,0.27773,0.24664,0.25663,0.232,0.21841,0.02875,0.01128,0.01056,0.01054,0.01128,0.01056,0.01054,0,0,0
R920,444600,3922300,0.2777,0.23987,0.24954,0.2275,0.21222,0.02819,0.01101,0.01025,0.01015,0.01101,0.01025,0.01015,0,0,0
R921,444600,3922400,0.28552,0.2417,0.25322,0.23009,0.21383,0.02851,0.0111,0.01024,0.01024,0.0111,0.01024,0.01024,0,0,0
R922,444600,3922500,0.29297,0.24431,0.25914,0.23264,0.21623,0.02883,0.01121,0.01033,0.01045,0.01121,0.01033,0.01045,0,0,0
R923,444600,3922600,0.28477,0.23484,0.24967,0.2242,0.20781,0.02778,0.01076,0.00995,0.01002,0.01076,0.00995,0.01002,0,0,0
R924,444600,3922700,0.27758,0.22287,0.23815,0.21419,0.19712,0.02654,0.01023,0.00934,0.00946,0.01023,0.00934,0.00946,0,0,0
R925,444600,3922800,0.27907,0.21645,0.2339,0.20952,0.19139,0.02596,0.00994,0.00884,0.00918,0.00994,0.00884,0.00918,0,0,0
R926,444600,3922900,0.27048,0.19428,0.2159,0.19108,0.17169,0.02368,0.00894,0.0081,0.00827,0.00894,0.0081,0.00827,0,0,0
R927,444600,3923000,0.28182,0.19945,0.22414,0.1964,0.17633,0.02434,0.00917,0.00806,0.00855,0.00917,0.00806,0.00855,0,0,0
R928,444600,3923100,0.24106,0.16298,0.18734,0.16181,0.14409,0.02005,0.00749,0.00676,0.00705,0.00749,0.00676,0.00705,0,0,0
R929,444600,3923200,0.16272,0.10426,0.12344,0.10447,0.09221,0.01295,0.00479,0.00402,0.00458,0.00479,0.00402,0.00458,0,0,0
R930,444600,3923300,0.18764,0.12224,0.14356,0.12209,0.10811,0.01513,0.00562,0.00489,0.00535,0.00562,0.00489,0.00535,0,0,0
R931,444700,3920300,0.22085,0.19012,0.20104,0.17996,0.16841,0.0223,0.00921,0.00846,0.00875,0.00921,0.00846,0.00875,0,0,0
R932,444700,3920400,0.22346,0.19612,0.20538,0.18512,0.1737,0.02294,0.00942,0.00872,0.00889,0.00942,0.00872,0.00889,0,0,0
R933,444700,3920500,0.22268,0.20152,0.20809,0.18932,0.17846,0.02346,0.00955,0.00891,0.00894,0.00955,0.00891,0.00894,0,0,0
R934,444700,3920600,0.22749,0.2052,0.21235,0.19282,0.18173,0.02389,0.00972,0.00906,0.00912,0.00972,0.00906,0.00912,0,0,0
R935,444700,3920700,0.22995,0.209,0.21571,0.1961,0.1851,0.0243,0.00985,0.00919,0.00923,0.00985,0.00919,0.00923,0,0,0
R936,444700,3920800,0.22937,0.21192,0.21734,0.19826,0.18768,0.02457,0.0099,0.00926,0.00924,0.0099,0.00926,0.00924,0,0,0
R937,444700,3920900,0.23459,0.21535,0.22168,0.20159,0.19074,0.02498,0.01006,0.00941,0.00943,0.01006,0.00941,0.00943,0,0,0
R938,444700,3921000,0.23194,0.21704,0.22219,0.20237,0.19227,0.02507,0.01004,0.00945,0.00939,0.01004,0.00945,0.00939,0,0,0
R939,444700,3921100,0.23003,0.217,0.22222,0.2018,0.19228,0.02501,0.00997,0.00947,0.00937,0.00997,0.00947,0.00937,0,0,0
R940,444700,3921200,0.23251,0.21956,0.22496,0.20407,0.19456,0.02529,0.01007,0.00957,0.00947,0.01007,0.00957,0.00947,0,0,0
R941,444700,3921300,0.23057,0.21742,0.22255,0.2022,0.19264,0.02505,0.00994,0.00948,0.00933,0.00994,0.00948,0.00933,0,0,0
R942,444700,3921400,0.23871,0.2233,0.229,0.20801,0.19784,0.02577,0.01023,0.0097,0.00959,0.01023,0.0097,0.00959,0,0,0
R943,444700,3921500,0.24172,0.22543,0.23126,0.21015,0.19971,0.02604,0.01032,0.00978,0.00966,0.01032,0.00978,0.00966,0,0,0
R944,444700,3921600,0.24418,0.22578,0.232,0.21088,0.19999,0.02613,0.01037,0.00978,0.00969,0.01037,0.00978,0.00969,0,0,0
R945,444700,3921700,0.24267,0.22403,0.23015,0.20933,0.19842,0.02594,0.01027,0.00969,0.00959,0.01027,0.00969,0.00959,0,0,0
R946,444700,3921800,0.24074,0.2211,0.22715,0.20688,0.19581,0.02563,0.01012,0.0096,0.00942,0.01012,0.0096,0.00942,0,0,0
R947,444700,3921900,0.24138,0.22025,0.22638,0.20642,0.19502,0.02558,0.01007,0.00955,0.00936,0.01007,0.00955,0.00936,0,0,0
R948,444700,3922000,0.24156,0.21867,0.22496,0.20535,0.19358,0.02544,0.01,0.00946,0.00927,0.01,0.00946,0.00927,0,0,0
R949,444700,3922100,0.24243,0.21542,0.22232,0.20318,0.19065,0.02518,0.00988,0.00929,0.00913,0.00988,0.00929,0.00913,0,0,0
R950,444700,3922200,0.2487,0.21641,0.22442,0.20502,0.19147,0.0254,0.00992,0.00921,0.00913,0.00992,0.00921,0.00913,0,0,0
R951,444700,3922300,0.25681,0.22039,0.23138,0.20876,0.19509,0.02587,0.01008,0.00942,0.00939,0.01008,0.00942,0.00939,0,0,0
R952,444700,3922400,0.25871,0.21666,0.22815,0.20656,0.19168,0.0256,0.00995,0.00921,0.0092,0.00995,0.00921,0.0092,0,0,0
R953,444700,3922500,0.25616,0.21318,0.22528,0.20339,0.18862,0.0252,0.00978,0.00905,0.00906,0.00978,0.00905,0.00906,0,0,0
R954,444700,3922600,0.24909,0.20519,0.21818,0.19595,0.18157,0.02428,0.0094,0.00865,0.00874,0.0094,0.00865,0.00874,0,0,0
R955,444700,3922700,0.25559,0.20132,0.2167,0.19415,0.17805,0.02406,0.00923,0.0082,0.00855,0.00923,0.0082,0.00855,0,0,0
R956,444700,3922800,0.2491,0.18859,0.20538,0.1835,0.16671,0.02274,0.00867,0.00773,0.008,0.00867,0.00773,0.008,0,0,0
R957,444700,3922900,0.24822,0.17486,0.19703,0.1723,0.15459,0.02135,0.00804,0.00727,0.00751,0.00804,0.00727,0.00751,0,0,0
R958,444700,3923000,0.25124,0.1755,0.19919,0.17299,0.1552,0.02144,0.00806,0.00717,0.00758,0.00806,0.00717,0.00758,0,0,0
R959,444700,3923100,0.20973,0.14934,0.16791,0.14672,0.13206,0.01818,0.00686,0.00618,0.00643,0.00686,0.00618,0.00643,0,0,0
R960,444700,3923200,0.17244,0.11148,0.13117,0.11158,0.09858,0.01383,0.00513,0.0044,0.00488,0.00513,0.0044,0.00488,0,0,0
R961,444700,3923300,0.13997,0.09081,0.10708,0.0907,0.08033,0.01124,0.00417,0.00359,0.00399,0.00417,0.00359,0.00399,0,0,0
R962,441700,3923550,0.18315,0.14792,0.16773,0.13889,0.13151,0.01721,0.0067,0.00631,0.00681,0.0067,0.00631,0.00681,0,0,0
R963,441700,3923800,0.17411,0.13503,0.15478,0.12795,0.11999,0.01585,0.00612,0.0057,0.0062,0.00612,0.0057,0.0062,0,0,0
R964,441950,3923550,0.1965,0.1588,0.17953,0.14921,0.14114,0.01849,0.00716,0.00673,0.00724,0.00716,0.00673,0.00724,0,0,0
R965,441950,3923800,0.18699,0.14413,0.16552,0.13673,0.12807,0.01694,0.00651,0.00604,0.00659,0.00651,0.00604,0.00659,0,0,0
R966,442200,3923550,0.22754,0.17991,0.20516,0.16968,0.15991,0.02102,0.0081,0.00757,0.00821,0.0081,0.00757,0.00821,0,0,0
R967,442200,3923800,0.19217,0.15039,0.17161,0.14228,0.13363,0.01763,0.00677,0.0063,0.00684,0.00677,0.0063,0.00684,0,0,0
R968,442450,3923550,0.28903,0.21651,0.25247,0.20615,0.19244,0.02554,0.00972,0.00894,0.00992,0.00972,0.00894,0.00992,0,0,0
R969,442450,3923800,0.23549,0.17524,0.2038,0.16742,0.15568,0.02074,0.00789,0.00725,0.008,0.00789,0.00725,0.008,0,0,0
R970,442700,3923550,0.39719,0.27706,0.33361,0.26716,0.24628,0.0331,0.01241,0.01121,0.01282,0.01241,0.01121,0.01282,0,0,0
R971,442700,3923800,0.29582,0.19147,0.23381,0.18886,0.16989,0.0234,0.00866,0.00773,0.00877,0.00866,0.00773,0.00877,0,0,0
R972,442950,3923550,0.50234,0.30741,0.38699,0.30627,0.27286,0.03795,0.01388,0.01229,0.01426,0.01388,0.01229,0.01426,0,0,0
R973,442950,3923800,0.32354,0.20207,0.2495,0.20123,0.1792,0.02494,0.00917,0.00808,0.00924,0.00917,0.00808,0.00924,0,0,0
R974,443200,3923550,0.71206,0.40916,0.5286,0.41406,0.36302,0.05131,0.01853,0.0162,0.01908,0.01853,0.0162,0.01908,0,0,0
R975,443200,3923800,0.30505,0.18474,0.22807,0.18627,0.1636,0.02308,0.00845,0.00721,0.00834,0.00845,0.00721,0.00834,0,0,0
R976,443450,3923550,0.48253,0.27743,0.35211,0.28269,0.24573,0.03503,0.01267,0.0104,0.01266,0.01267,0.0104,0.01266,0,0,0
R977,443450,3923800,0.15931,0.10059,0.12156,0.10059,0.08907,0.01246,0.0046,0.00389,0.00451,0.0046,0.00389,0.00451,0,0,0
R978,443700,3923550,0.44465,0.2631,0.32464,0.26783,0.23273,0.03319,0.01208,0.00966,0.01174,0.01208,0.00966,0.01174,0,0,0
R979,443700,3923800,0.17512,0.11017,0.13323,0.11029,0.09755,0.01367,0.00504,0.00421,0.00493,0.00504,0.00421,0.00493,0,0,0
R980,443950,3923550,0.21416,0.13115,0.16021,0.13218,0.11609,0.01638,0.00601,0.00493,0.00587,0.00601,0.00493,0.00587,0,0,0
R981,443950,3923800,0.09155,0.06242,0.0712,0.06196,0.05517,0.00768,0.00288,0.00246,0.00269,0.00288,0.00246,0.00269,0,0,0
R982,444200,3923550,0.16827,0.10729,0.12739,0.10759,0.09489,0.01333,0.00493,0.00411,0.00472,0.00493,0.00411,0.00472,0,0,0
R983,444200,3923800,0.06513,0.0442,0.0512,0.04371,0.03911,0.00542,0.00203,0.00176,0.00194,0.00203,0.00176,0.00194,0,0,0
R984,444450,3923550,0.17719,0.11925,0.13799,0.11831,0.10548,0.01466,0.00548,0.00492,0.0052,0.00548,0.00492,0.0052,0,0,0
R985,444450,3923800,0.07174,0.04871,0.05653,0.04812,0.04311,0.00596,0.00223,0.0019,0.00214,0.00223,0.0019,0.00214,0,0,0
R986,444700,3923550,0.1036,0.06942,0.08031,0.069,0.06139,0.00855,0.0032,0.00276,0.00302,0.0032,0.00276,0.00302,0,0,0
R987,444700,3923800,0.08527,0.05685,0.06634,0.05642,0.0503,0.00699,0.00261,0.00223,0.0025,0.00261,0.00223,0.0025,0,0,0
R988,444950,3923550,0.07315,0.05021,0.05771,0.04959,0.04442,0.00614,0.00231,0.002,0.00219,0.00231,0.002,0.00219,0,0,0
R989,444950,3923800,0.03622,0.02531,0.02919,0.0248,0.02241,0.00307,0.00116,0.00102,0.00112,0.00116,0.00102,0.00112,0,0,0
R990,445200,3923550,0.05653,0.04001,0.04519,0.03933,0.03539,0.00487,0.00184,0.0016,0.00173,0.00184,0.0016,0.00173,0,0,0
R991,445200,3923800,0.03476,0.02517,0.02841,0.02455,0.02228,0.00304,0.00116,0.00101,0.0011,0.00116,0.00101,0.0011,0,0,0
R992,444950,3923300,0.11808,0.07799,0.09114,0.07764,0.06899,0.00962,0.00359,0.00313,0.00342,0.00359,0.00313,0.00342,0,0,0
R993,444950,3923050,0.14474,0.09827,0.11307,0.09738,0.0869,0.01207,0.00452,0.00397,0.00427,0.00452,0.00397,0.00427,0,0,0
R994,444950,3922800,0.19547,0.14235,0.15932,0.13899,0.12594,0.01722,0.00653,0.00591,0.00615,0.00653,0.00591,0.00615,0,0,0
R995,444950,3922550,0.20332,0.15892,0.17135,0.15356,0.14053,0.01903,0.0073,0.00654,0.00675,0.0073,0.00654,0.00675,0,0,0
R996,444950,3922300,0.20256,0.16963,0.17859,0.16173,0.15007,0.02004,0.00777,0.00705,0.00718,0.00777,0.00705,0.00718,0,0,0
R997,444950,3922050,0.20388,0.17774,0.18549,0.16794,0.15734,0.02081,0.00814,0.00761,0.00757,0.00814,0.00761,0.00757,0,0,0
R998,444950,3921800,0.19754,0.17969,0.1858,0.16823,0.15916,0.02085,0.00823,0.0078,0.0077,0.00823,0.0078,0.0077,0,0,0
R999,444950,3921550,0.20063,0.18475,0.19107,0.17236,0.16371,0.02136,0.00846,0.00801,0.00797,0.00846,0.00801,0.00797,0,0,0
R1000,444950,3921300,0.1952,0.1825,0.1883,0.16968,0.16176,0.02102,0.00835,0.00794,0.0079,0.00835,0.00794,0.0079,0,0,0
R1001,444950,3921050,0.19393,0.18043,0.1861,0.16803,0.15989,0.02082,0.0083,0.00786,0.00783,0.0083,0.00786,0.00783,0,0,0
R1002,444950,3920800,0.19255,0.17854,0.18419,0.16648,0.15821,0.02063,0.00828,0.0078,0.00781,0.00828,0.0078,0.00781,0,0,0
R1003,444950,3920550,0.19315,0.17408,0.18049,0.16347,0.15418,0.02026,0.00821,0.00766,0.00771,0.00821,0.00766,0.00771,0,0,0
R1004,444950,3920300,0.19338,0.16691,0.1765,0.15783,0.14787,0.01956,0.00804,0.00741,0.00763,0.00804,0.00741,0.00763,0,0,0
R1005,444950,3920050,0.18673,0.15991,0.16974,0.15141,0.14167,0.01876,0.00775,0.00715,0.00738,0.00775,0.00715,0.00738,0,0,0
R1006,444950,3919800,0.17715,0.14871,0.15918,0.14131,0.13175,0.01751,0.00728,0.00668,0.00696,0.00728,0.00668,0.00696,0,0,0
R1007,445200,3923300,0.0923,0.06191,0.07213,0.06135,0.05479,0.0076,0.00284,0.00249,0.00272,0.00284,0.00249,0.00272,0,0,0
R1008,445200,3923050,0.1246,0.08625,0.09898,0.08496,0.07632,0.01053,0.00396,0.0035,0.00377,0.00396,0.0035,0.00377,0,0,0
R1009,445200,3922800,0.1632,0.11986,0.13413,0.1167,0.10608,0.01446,0.00549,0.00493,0.0052,0.00549,0.00493,0.0052,0,0,0
R1010,445200,3922550,0.16447,0.12892,0.14003,0.12414,0.11408,0.01538,0.0059,0.00533,0.00553,0.0059,0.00533,0.00553,0,0,0
R1011,445200,3922300,0.15912,0.13445,0.14129,0.12793,0.11897,0.01585,0.00617,0.00564,0.00571,0.00617,0.00564,0.00571,0,0,0
R1012,445200,3922050,0.17295,0.14703,0.15496,0.1395,0.13015,0.01729,0.00673,0.00619,0.00628,0.00673,0.00619,0.00628,0,0,0
R1013,445200,3921800,0.17205,0.15189,0.15893,0.14287,0.13454,0.0177,0.00696,0.00655,0.00654,0.00696,0.00655,0.00654,0,0,0
R1014,445200,3921550,0.16672,0.1529,0.15901,0.14253,0.13552,0.01766,0.00699,0.00665,0.00662,0.00699,0.00665,0.00662,0,0,0
R1015,445200,3921300,0.16431,0.15192,0.15773,0.14138,0.13468,0.01752,0.00694,0.00662,0.00659,0.00694,0.00662,0.00659,0,0,0
R1016,445200,3921050,0.1653,0.15348,0.15923,0.14274,0.13607,0.01769,0.00706,0.00669,0.00671,0.00706,0.00669,0.00671,0,0,0
R1017,445200,3920800,0.165,0.15172,0.15746,0.14151,0.13447,0.01753,0.00702,0.00664,0.00666,0.00702,0.00664,0.00666,0,0,0
R1018,445200,3920550,0.16611,0.15042,0.15645,0.14088,0.13328,0.01746,0.00704,0.0066,0.00666,0.00704,0.0066,0.00666,0,0,0
R1019,445200,3920300,0.16654,0.14661,0.15406,0.13805,0.1299,0.01711,0.00698,0.00649,0.00662,0.00698,0.00649,0.00662,0,0,0
R1020,445200,3920050,0.16427,0.14045,0.14941,0.13292,0.12444,0.01647,0.00678,0.00625,0.00647,0.00678,0.00625,0.00647,0,0,0
R1021,445200,3919800,0.1594,0.13409,0.14371,0.12726,0.11882,0.01577,0.00654,0.00601,0.00626,0.00654,0.00601,0.00626,0,0,0
R1022,444700,3920050,0.21687,0.17907,0.19258,0.17082,0.15862,0.02117,0.00886,0.00803,0.00846,0.00886,0.00803,0.00846,0,0,0
R1023,444700,3919800,0.1983,0.16138,0.17515,0.15419,0.14298,0.01911,0.00802,0.00724,0.00772,0.00802,0.00724,0.00772,0,0,0
R1024,444450,3920050,0.25783,0.21135,0.22654,0.20236,0.18712,0.02507,0.01052,0.00951,0.00998,0.01052,0.00951,0.00998,0,0,0
R1025,444450,3919800,0.21448,0.17698,0.18966,0.16906,0.15672,0.02095,0.00875,0.00789,0.00832,0.00875,0.00789,0.00832,0,0,0
R1026,444200,3920050,0.28919,0.23258,0.25,0.22389,0.20582,0.02774,0.0117,0.01045,0.01105,0.0117,0.01045,0.01105,0,0,0
R1027,444200,3919800,0.27954,0.21993,0.24021,0.21213,0.19474,0.02629,0.01117,0.00998,0.01069,0.01117,0.00998,0.01069,0,0,0
R1028,443950,3920050,0.3463,0.28356,0.30298,0.27198,0.25098,0.0337,0.01422,0.01274,0.01343,0.01422,0.01274,0.01343,0,0,0
R1029,443950,3919800,0.3043,0.24249,0.2643,0.23307,0.21477,0.02888,0.01228,0.01093,0.01178,0.01228,0.01093,0.01178,0,0,0
R1030,443700,3920050,0.42226,0.3353,0.36068,0.32429,0.29662,0.04018,0.0172,0.01529,0.0162,0.0172,0.01529,0.0162,0,0,0
R1031,443700,3919800,0.34318,0.2672,0.29354,0.25822,0.23662,0.032,0.01375,0.01215,0.01321,0.01375,0.01215,0.01321,0,0,0
R1032,443450,3920050,0.43405,0.3403,0.36325,0.33149,0.30072,0.04108,0.01766,0.01563,0.01637,0.01766,0.01563,0.01637,0,0,0
R1033,443450,3919800,0.33549,0.26119,0.2836,0.2535,0.23107,0.03141,0.01351,0.01201,0.01278,0.01351,0.01201,0.01278,0,0,0
R1034,443200,3920050,0.56225,0.42823,0.46104,0.42011,0.37829,0.05206,0.02256,0.01979,0.02091,0.02256,0.01979,0.02091,0,0,0
R1035,443200,3919800,0.40801,0.31311,0.34017,0.30535,0.27687,0.03784,0.01633,0.01443,0.01536,0.01633,0.01443,0.01536,0,0,0
R1036,442950,3920050,0.86555,0.65242,0.697,0.6442,0.57576,0.07983,0.03475,0.02999,0.03175,0.03475,0.02999,0.03175,0,0,0
R1037,442950,3919800,0.57488,0.43728,0.46981,0.42948,0.3862,0.05322,0.02305,0.01997,0.02129,0.02305,0.01997,0.02129,0,0,0
R1038,442700,3920050,1.31555,0.94103,1.01558,0.94366,0.82949,0.11694,0.0517,0.04287,0.04685,0.0517,0.04287,0.04685,0,0,0
R1039,442700,3919800,0.72575,0.53859,0.58777,0.53077,0.47585,0.06577,0.02871,0.02452,0.0268,0.02871,0.02452,0.0268,0,0,0
R1040,442450,3920050,1.4601,1.00924,1.1258,1.01345,0.89085,0.12559,0.05615,0.04697,0.05235,0.05615,0.04697,0.05235,0,0,0
R1041,442450,3919800,0.82615,0.60894,0.66061,0.60284,0.5376,0.0747,0.03268,0.02824,0.03019,0.03268,0.02824,0.03019,0,0,0
R1042,442200,3920050,1.42005,0.97379,1.11108,0.97295,0.86095,0.12056,0.05406,0.04582,0.05174,0.05406,0.04582,0.05174,0,0,0
R1043,442200,3919800,0.87406,0.6363,0.70121,0.62935,0.56223,0.07799,0.03428,0.02972,0.03216,0.03428,0.02972,0.03216,0,0,0
R1044,441950,3920050,1.31343,0.89794,1.05436,0.88873,0.79578,0.11012,0.04944,0.04267,0.04907,0.04944,0.04267,0.04907,0,0,0
R1045,441950,3919800,0.90312,0.64946,0.73035,0.64062,0.57457,0.07938,0.03503,0.03046,0.03358,0.03503,0.03046,0.03358,0,0,0
R1046,441700,3920050,1.12397,0.796,0.93531,0.77694,0.70648,0.09627,0.04274,0.03765,0.04314,0.04274,0.03765,0.04314,0,0,0
R1047,441700,3919800,0.92345,0.66086,0.76134,0.64724,0.58575,0.0802,0.03544,0.03105,0.035,0.03544,0.03105,0.035,0,0,0
R1048,441450,3920050,1.0706,0.77087,0.92035,0.74308,0.68559,0.09207,0.04072,0.0364,0.04231,0.04072,0.0364,0.04231,0,0,0
R1049,441450,3919800,0.88971,0.64112,0.7483,0.62323,0.56906,0.07722,0.03408,0.03015,0.03436,0.03408,0.03015,0.03436,0,0,0
R1050,441200,3920050,1.02229,0.7388,0.89462,0.7071,0.658,0.08761,0.03863,0.03481,0.041,0.03863,0.03481,0.041,0,0,0
R1051,441200,3919800,0.87471,0.63228,0.75103,0.60975,0.56216,0.07555,0.03331,0.02972,0.03443,0.03331,0.02972,0.03443,0,0,0
R1052,441450,3920300,1.43496,1.01077,1.25229,0.96818,0.90123,0.11996,0.05351,0.04809,0.05788,0.05351,0.04809,0.05788,0,0,0
R1053,441450,3920550,1.65971,1.21178,1.52684,1.13673,1.08365,0.14083,0.06231,0.05745,0.07017,0.06231,0.05745,0.07017,0,0,0
R1054,441450,3920800,1.99389,1.61464,2.05475,1.45122,1.45063,0.17978,0.07765,0.07539,0.09313,0.07765,0.07539,0.09313,0,0,0
R1055,441450,3921050,1.01621,0.88796,1.06438,0.79709,0.79534,0.09875,0.04104,0.04019,0.04686,0.04104,0.04019,0.04686,0,0,0
R1056,441450,3921300,0.76044,0.65557,0.76355,0.5977,0.58544,0.07405,0.03034,0.02924,0.03306,0.03034,0.02924,0.03306,0,0,0
R1057,441450,3921550,0.63802,0.54719,0.62796,0.50234,0.48795,0.06224,0.02513,0.02409,0.02675,0.02513,0.02409,0.02675,0,0,0
R1058,441450,3921800,0.59387,0.48645,0.56443,0.45127,0.43354,0.05591,0.0225,0.02127,0.02384,0.0225,0.02127,0.02384,0,0,0
R1059,441450,3922050,0.54612,0.43414,0.50782,0.4052,0.3868,0.0502,0.01987,0.01872,0.02102,0.01987,0.01872,0.02102,0,0,0
R1060,441450,3922300,0.4752,0.37084,0.43407,0.34796,0.33021,0.04311,0.0168,0.01576,0.01762,0.0168,0.01576,0.01762,0,0,0
R1061,441450,3922550,0.40749,0.31193,0.36682,0.29402,0.27767,0.03643,0.01411,0.01319,0.01477,0.01411,0.01319,0.01477,0,0,0
R1062,441450,3922800,0.35177,0.26343,0.31196,0.24953,0.23446,0.03092,0.01196,0.01111,0.01251,0.01196,0.01111,0.01251,0,0,0
R1063,441450,3923050,0.26395,0.20428,0.23744,0.19274,0.18173,0.02388,0.00929,0.00867,0.0096,0.00929,0.00867,0.0096,0,0,0
R1064,441450,3923300,0.22688,0.17411,0.20236,0.16473,0.15484,0.02041,0.00792,0.00738,0.00815,0.00792,0.00738,0.00815,0,0,0
R1065,441450,3923550,0.17145,0.1374,0.15654,0.12914,0.12217,0.016,0.00625,0.00588,0.00638,0.00625,0.00588,0.00638,0,0,0
R1066,441450,3923800,0.14565,0.11781,0.13286,0.11079,0.10469,0.01373,0.00534,0.00502,0.00539,0.00534,0.00502,0.00539,0,0,0
R1067,441200,3920300,1.14635,0.84333,1.03769,0.79649,0.7527,0.09868,0.04332,0.03968,0.04739,0.04332,0.03968,0.04739,0,0,0
R1068,441200,3920550,1.26723,0.97198,1.20927,0.89964,0.86975,0.11146,0.04845,0.04544,0.05489,0.04845,0.04544,0.05489,0,0,0
R1069,441200,3920800,1.10006,0.90504,1.1132,0.82058,0.81096,0.10166,0.0432,0.04161,0.04979,0.0432,0.04161,0.04979,0,0,0
R1070,441200,3921050,0.80533,0.67307,0.80427,0.61395,0.60183,0.07606,0.03173,0.03041,0.03537,0.03173,0.03041,0.03537,0,0,0
R1071,441200,3921300,0.67716,0.56149,0.66085,0.51645,0.50125,0.06399,0.0264,0.02511,0.02871,0.0264,0.02511,0.02871,0,0,0
R1072,441200,3921550,0.58454,0.47927,0.55915,0.44382,0.42736,0.05499,0.02246,0.02123,0.024,0.02246,0.02123,0.024,0,0,0
R1073,441200,3921800,0.52199,0.41975,0.49059,0.39065,0.3741,0.0484,0.01945,0.01832,0.02066,0.01945,0.01832,0.02066,0,0,0
R1074,441200,3922050,0.47524,0.37397,0.43852,0.34991,0.33314,0.04335,0.01717,0.01613,0.01814,0.01717,0.01613,0.01814,0,0,0
R1075,441200,3922300,0.40306,0.31493,0.36843,0.29549,0.28042,0.03661,0.01432,0.01345,0.01502,0.01432,0.01345,0.01502,0,0,0
R1076,441200,3922550,0.35827,0.27377,0.32273,0.25812,0.24374,0.03198,0.01255,0.0117,0.01318,0.01255,0.0117,0.01318,0,0,0
R1077,441200,3922800,0.30425,0.22954,0.27115,0.21713,0.2043,0.0269,0.01046,0.00974,0.01095,0.01046,0.00974,0.01095,0,0,0
R1078,441200,3923050,0.24028,0.18588,0.21705,0.17522,0.16543,0.02171,0.00857,0.00798,0.00892,0.00857,0.00798,0.00892,0,0,0
R1079,441200,3923300,0.21227,0.1623,0.18969,0.15352,0.14439,0.01902,0.00748,0.00694,0.00775,0.00748,0.00694,0.00775,0,0,0
R1080,441200,3923550,0.16048,0.1279,0.1462,0.1203,0.11374,0.01491,0.00584,0.00548,0.00597,0.00584,0.00548,0.00597,0,0,0
R1081,441200,3923800,0.13548,0.11145,0.12589,0.10424,0.09912,0.01292,0.00511,0.00482,0.00521,0.00511,0.00482,0.00521,0,0,0
