Year,Month,Day,Hour,CloudCover_tenths,TEMP_C,RelativeHumidity_%,StationPressure_mb,WD,WS,CeilingHeight_m
2025,1,1,1,1,7.64,63.3,975.36,41,3.36,10000
2025,1,1,2,1,7.31,63,974.93,41,3.41,10000
2025,1,1,3,0,6.67,60.8,974.79,43,3.47,10000
2025,1,1,4,0,6.71,59.2,974.88,45,3.5,10000
2025,1,1,5,0,6.79,57,975.32,46,3.61,10000
2025,1,1,6,0,8.14,51.1,975.97,46,3.94,10000
2025,1,1,7,0,9.35,48.1,976.5,46,4.19,10000
2025,1,1,8,0,10.42,45.9,976.88,49,4.35,10000
2025,1,1,9,0,14.33,32.9,976.77,51,4.92,10000
2025,1,1,10,0,14.31,35.5,976.23,49,5.05,10000
2025,1,1,11,0,15.12,32.2,975.16,41,5.02,10000
2025,1,1,12,0,15.5,30.9,975.01,40,4.68,10000
2025,1,1,13,0,15.47,30.1,975.22,41,4.24,10000
2025,1,1,14,0,15.25,29.6,975.3,34,3.15,10000
2025,1,1,15,0,12.86,36.4,975.83,19,2.61,10000
2025,1,1,16,0,12.72,37.1,976.11,24,3.28,10000
2025,1,1,17,0,12.53,36.6,976.99,33,3.83,10000
2025,1,1,18,0,10.72,41.4,977.34,38,3.99,10000
2025,1,1,19,0,10.39,41.6,977.73,41,4.1,10000
2025,1,1,20,0,10.02,40.8,978.02,41,4.16,10000
2025,1,1,21,0,8.77,43.1,978.18,40,4.27,10000
2025,1,1,22,0,8.71,42.6,978.48,39,4.29,10000
2025,1,1,23,0,8.61,42.4,977.98,41,4.55,10000
2025,1,1,24,0,8.06,43.4,978,42,4.72,10000
2025,1,2,1,0,7.86,43.9,978.21,44,4.65,10000
2025,1,2,2,0,7.47,44.5,978.19,45,4.63,10000
2025,1,2,3,0,6.62,46.2,978.11,45,4.74,10000
2025,1,2,4,0,6.18,46.7,978.67,46,4.81,10000
2025,1,2,5,0,6.07,46.7,979.06,48,4.82,10000
2025,1,2,6,0,7.4,43,979.81,48,5.04,10000
2025,1,2,7,0,9.26,40.1,980.48,47,5.2,10000
2025,1,2,8,0,10.19,39.3,980.79,51,5.2,10000
2025,1,2,9,0,14.75,29.4,980.29,56,5.7,10000
2025,1,2,10,0,14.89,29.4,979.7,57,5.48,10000
2025,1,2,11,0,16.49,23.5,979,57,5.13,10000
2025,1,2,12,0,16.64,24,978.36,56,4.75,10000
2025,1,2,13,0,16.54,24.4,978.41,54,4.3,10000
2025,1,2,14,0,16.44,21.6,978.52,46,2.96,10000
2025,1,2,15,0,12.87,36.5,979,30,2.03,10000
2025,1,2,16,0,12.01,40,978.89,28,2.26,10000
2025,1,2,17,0,11.89,39.9,979.2,32,2.55,10000
2025,1,2,18,0,9.42,42.8,979.32,37,2.72,10000
2025,1,2,19,0,9.34,44,979.34,40,2.81,10000
2025,1,2,20,0,8.73,43.5,979.49,45,2.91,10000
2025,1,2,21,0,7.2,47.1,979.42,48,3.1,10000
2025,1,2,22,0,7.08,46.5,979.53,51,3.21,10000
2025,1,2,23,0,6.39,44.6,979.51,56,3.61,10000
2025,1,2,24,0,6.21,44.4,979.32,56,3.54,10000
2025,1,3,1,0,6.06,43.5,979.44,55,3.55,10000
2025,1,3,2,0,5.77,44.1,979.21,54,3.53,10000
2025,1,3,3,0,4.74,45.9,978.9,54,3.61,10000
2025,1,3,4,0,4.59,46.8,978.78,56,3.65,10000
2025,1,3,5,0,4.76,45.7,978.89,57,3.58,10000
2025,1,3,6,0,5.87,42.3,979.33,58,3.66,10000
2025,1,3,7,0,8.02,39.4,979.69,59,3.4,10000
2025,1,3,8,0,9.66,39.3,979.83,59,2.58,10000
2025,1,3,9,0,14.62,27.6,979.19,62,1.88,10000
2025,1,3,10,0,14.92,25.8,978.33,64,0.91,10000
2025,1,3,11,0,16.4,20.3,977.42,138,0.15,10000
2025,1,3,12,0,16.58,20.5,976.92,254,0.81,10000
2025,1,3,13,0,16.69,20.6,976.84,270,1.39,10000
2025,1,3,14,0,16.62,15.8,976.74,280,1.58,10000
2025,1,3,15,0,11.11,36.3,976.78,278,2,10000
2025,1,3,16,0,10.09,39.1,977.01,290,2.14,10000
2025,1,3,17,0,9.83,40.8,977.21,308,2.32,10000
2025,1,3,18,0,7.5,48.5,977.31,338,2.04,10000
2025,1,3,19,0,7.55,48.4,977.41,13,1.67,10000
2025,1,3,20,0,7.23,48,977.55,38,1.31,10000
2025,1,3,21,0,5.14,52.7,977.55,55,1.3,10000
2025,1,3,22,0,4.75,53.5,977.45,64,1.28,10000
2025,1,3,23,0,2.66,63.7,977.59,74,1.21,10000
2025,1,3,24,0,2.2,65.9,977.8,74,1.08,10000
2025,1,4,1,0,2.2,65.3,977.78,71,1.08,10000
2025,1,4,2,0,2.2,64.8,977.83,68,1.27,10000
2025,1,4,3,0,1.28,66.3,977.55,71,1.67,10000
2025,1,4,4,0,1.12,67.4,977.83,76,1.77,10000
2025,1,4,5,0,1.22,67,977.97,76,1.82,10000
2025,1,4,6,0,3.64,55.8,978.33,73,2.1,10000
2025,1,4,7,0,6,48.7,978.59,78,2.13,10000
2025,1,4,8,0,7.66,45.7,978.44,101,1.29,10000
2025,1,4,9,0,12.43,35.7,978.04,180,0.82,10000
2025,1,4,10,0,12.84,35.1,977.03,180,0.81,10000
2025,1,4,11,0,14.65,27.1,976.28,192,1.87,10000
2025,1,4,12,0,14.85,26.7,975.95,213,2.46,10000
2025,1,4,13,1,14.95,26.3,976.14,230,2.59,10000
2025,1,4,14,4,15.18,20.8,976.51,241,2.43,10000
2025,1,4,15,7,10.42,42,976.72,245,2.06,10000
2025,1,4,16,7,9.59,42.2,977.03,244,2.48,10000
2025,1,4,17,5,10.95,31.2,977.39,237,2.13,10000
2025,1,4,18,3,9.91,34.7,977.68,221,1.51,10000
2025,1,4,19,4,9.6,35.4,977.8,194,0.53,10000
2025,1,4,20,8,7.44,44.7,977.97,70,0.52,10000
2025,1,4,21,1,6.04,48,977.65,78,1.09,10000
2025,1,4,22,0,5.33,53.4,977.43,77,1.39,10000
2025,1,4,23,2,4.9,58.1,977.32,72,1.46,10000
2025,1,4,24,4,4.86,58.6,977.54,74,1.7,10000
2025,1,5,1,5,4.77,58.9,977.14,75,1.87,10000
2025,1,5,2,3,4.66,59.1,976.91,74,1.9,10000
2025,1,5,3,3,4.31,60.9,976.66,71,2.03,10000
2025,1,5,4,6,4.09,61.2,976.93,67,2.18,10000
2025,1,5,5,8,4.3,59.8,977.03,66,2.39,10000
2025,1,5,6,9,5.41,57.2,977.28,68,2.7,10000
2025,1,5,7,10,7.21,53.5,977.32,72,2.47,10000
2025,1,5,8,9,9.1,48.4,977.52,76,1.44,10000
2025,1,5,9,5,13.04,34.9,977.05,94,0.99,10000
2025,1,5,10,2,13.35,32.9,975.98,101,0.96,10000
2025,1,5,11,7,14.61,28.3,975.07,126,1.11,10000
2025,1,5,12,8,14.75,27.3,974.75,158,0.9,10000
2025,1,5,13,7,14.91,26.1,974.35,188,0.84,10000
2025,1,5,14,7,15.07,19.9,974.24,199,0.63,10000
2025,1,5,15,7,13.85,30.2,973.93,177,0.3,10000
2025,1,5,16,7,12.18,32.7,973.49,92,0.74,10000
2025,1,5,17,9,12,33,973.69,112,1.02,10000
2025,1,5,18,10,11.51,35.7,974.09,129,1.23,10000
2025,1,5,19,10,9.8,41.7,974.12,128,1.33,10000
2025,1,5,20,10,9.81,43.5,973.96,95,1.45,10000
2025,1,5,21,10,9.98,45.9,974.06,74,1.98,10000
2025,1,5,22,10,10.5,45,974.05,68,2.38,10000
2025,1,5,23,10,8.55,72,973.76,59,2.78,10000
2025,1,5,24,10,9.08,68.9,973.65,51,2.88,10000
2025,1,6,1,10,8.86,67.4,974.18,44,2.35,10000
2025,1,6,2,10,8.86,68.6,973.73,45,2.42,10000
2025,1,6,3,9,8.63,71.9,973.36,53,2.73,10000
2025,1,6,4,7,8.5,71,973.37,62,3.06,10000
2025,1,6,5,5,8.93,67,973.24,68,3.28,10000
2025,1,6,6,4,9.18,66.1,973.78,78,3.15,10000
2025,1,6,7,4,10,64.1,974.22,84,2.92,10000
2025,1,6,8,5,11.47,57.1,974.57,103,2.23,10000
2025,1,6,9,8,13.77,41.4,974.4,133,2.14,10000
2025,1,6,10,7,13.96,33.6,974.23,156,1.96,10000
2025,1,6,11,8,14.04,37.1,974.06,159,1.83,10000
2025,1,6,12,9,14.12,35.3,973.32,166,1.65,10000
2025,1,6,13,9,14.3,34.3,973.46,168,1.01,10000
2025,1,6,14,9,14.45,31.5,973.77,158,0.27,10000
2025,1,6,15,8,13.29,39.2,973.93,353,0.45,10000
2025,1,6,16,6,11.8,43.9,974.22,6,1.2,10000
2025,1,6,17,4,9.81,55.3,974.48,20,1.7,10000
2025,1,6,18,1,9.51,55.1,975.19,26,1.75,10000
2025,1,6,19,1,10.06,54.5,975.59,30,1.96,10000
2025,1,6,20,2,10.31,53.7,975.93,30,2.25,10000
2025,1,6,21,3,10.39,54.8,975.94,34,2.25,10000
2025,1,6,22,6,10.48,55.2,975.86,40,2.17,10000
2025,1,6,23,5,8.61,62.4,976.09,50,2.11,10000
2025,1,6,24,7,8.71,63.3,975.87,50,2.14,10000
2025,1,7,1,8,8.69,62.7,975.95,47,2.39,10000
2025,1,7,2,5,8.54,61.4,975.85,41,2.62,10000
2025,1,7,3,6,7.85,60.7,975.63,39,2.6,10000
2025,1,7,4,9,7.57,60.6,975.99,48,2.32,10000
2025,1,7,5,9,7.09,61.7,976.52,53,2.29,10000
2025,1,7,6,10,7.76,59.9,977.09,52,2.64,10000
2025,1,7,7,10,9.52,52.2,977.37,51,2.35,10000
2025,1,7,8,7,11.26,48,977.96,52,1.53,10000
2025,1,7,9,5,14.57,41,977.87,58,1.1,10000
2025,1,7,10,3,15.34,40,977.52,62,0.74,10000
2025,1,7,11,3,16.82,32.9,976.6,142,1.59,10000
2025,1,7,12,3,16.9,33.7,976.09,152,1.97,10000
2025,1,7,13,4,16.68,35.1,976.62,159,2.06,10000
2025,1,7,14,3,16.28,39.1,976.73,170,2.16,10000
2025,1,7,15,0,15.12,38.5,976.96,181,2.07,10000
2025,1,7,16,0,13.63,45.4,977.33,184,1.91,10000
2025,1,7,17,0,12.56,50.5,977.57,183,1.72,10000
2025,1,7,18,0,11.12,52.6,977.86,129,0.9,10000
2025,1,7,19,0,11.05,54.3,977.89,58,0.9,10000
2025,1,7,20,0,10.37,54.5,977.71,41,1.26,10000
2025,1,7,21,0,8.45,59.5,977.36,36,1.69,10000
2025,1,7,22,0,7.59,63.9,977.45,34,2.17,10000
2025,1,7,23,1,7.74,63.3,977.05,38,2.66,10000
2025,1,7,24,1,7.47,64.1,977.42,38,3.07,10000
2025,1,8,1,0,7.65,63.1,977.27,41,3.41,10000
2025,1,8,2,0,7.82,61.1,977.01,47,3.74,10000
2025,1,8,3,0,8.06,57.7,976.96,51,3.96,10000
2025,1,8,4,0,8.39,55.4,976.89,52,4.07,10000
2025,1,8,5,0,8.57,54.1,977.11,53,4.28,10000
2025,1,8,6,0,10,49.1,977.65,55,4.71,10000
2025,1,8,7,0,10.61,48.9,977.83,55,4.81,10000
2025,1,8,8,0,12.03,49.9,978,56,4.56,10000
2025,1,8,9,0,16.12,41.4,977.3,61,4.82,10000
2025,1,8,10,0,16.49,40.5,976.49,64,4.39,10000
2025,1,8,11,0,18.21,35,975.89,63,4.51,10000
2025,1,8,12,0,18.29,35.6,974.98,62,4.53,10000
2025,1,8,13,0,18.34,35.7,975.16,62,4.18,10000
2025,1,8,14,0,18.17,32.2,975.25,55,3.22,10000
2025,1,8,15,0,14.45,47.2,975.51,26,2.24,10000
2025,1,8,16,0,13.72,50.3,975.5,25,2.8,10000
2025,1,8,17,0,13.76,50.8,976,31,3.16,10000
2025,1,8,18,0,11.72,54.8,976.14,37,3.37,10000
2025,1,8,19,0,11.35,56.6,976.27,43,3.51,10000
2025,1,8,20,0,11.35,56.3,976.25,45,3.65,10000
2025,1,8,21,0,10.11,57.1,975.89,48,3.81,10000
2025,1,8,22,0,10.16,55.6,975.91,50,3.9,10000
2025,1,8,23,0,10.68,44.3,975.68,52,4.37,10000
2025,1,8,24,0,10.47,45.4,975.44,52,4.55,10000
2025,1,9,1,0,10.19,47.1,975.74,52,4.46,10000
2025,1,9,2,0,9.45,49.6,975.13,51,4.29,10000
2025,1,9,3,0,8.91,50.2,975.15,52,4.27,10000
2025,1,9,4,0,8.7,51,975.36,53,4.37,10000
2025,1,9,5,0,8.66,51.4,975.17,55,4.42,10000
2025,1,9,6,0,9.79,49.7,975.58,54,4.61,10000
2025,1,9,7,0,10.94,47.3,975.82,54,4.53,10000
2025,1,9,8,0,11.96,46.4,975.66,55,4.25,10000
2025,1,9,9,0,16.44,37.3,975.08,57,4.14,10000
2025,1,9,10,0,16.82,37.3,974.19,55,3.7,10000
2025,1,9,11,0,18.63,31.4,973.54,56,4.19,10000
2025,1,9,12,0,18.71,31.6,973.16,56,4.15,10000
2025,1,9,13,0,18.59,32,972.81,56,3.87,10000
2025,1,9,14,0,18.57,28.3,973.01,54,3.19,10000
2025,1,9,15,0,14.75,42.5,973.23,37,2.17,10000
2025,1,9,16,0,14.04,44.8,973.15,35,2.66,10000
2025,1,9,17,0,14.06,47.3,973.62,40,3.04,10000
2025,1,9,18,0,11.89,52.3,973.5,45,3.41,10000
2025,1,9,19,0,11.74,52,973.94,50,3.84,10000
2025,1,9,20,0,11.52,50.6,973.76,53,4.1,10000
2025,1,9,21,0,10.22,51.3,973.65,57,4.36,10000
2025,1,9,22,0,10.18,50,973.48,59,4.51,10000
2025,1,9,23,0,10.07,41.7,973.23,61,5.12,10000
2025,1,9,24,0,10.36,41.4,973.54,62,5.08,10000
2025,1,10,1,0,10.17,41.3,973.68,62,5.11,10000
2025,1,10,2,0,10.02,42.6,973.42,64,5.11,10000
2025,1,10,3,0,8.98,47.7,973.36,64,5.09,10000
2025,1,10,4,0,8.95,47.2,973.48,65,5.08,10000
2025,1,10,5,0,8.79,47.4,973.98,66,5.07,10000
2025,1,10,6,0,10.12,44.4,974.06,66,5.23,10000
2025,1,10,7,0,11.54,42,974.85,67,5.05,10000
2025,1,10,8,0,12.79,41,974.86,69,4.49,10000
2025,1,10,9,0,17.94,31.7,974.55,75,3.99,10000
2025,1,10,10,0,18.54,32.2,973.81,87,3.4,10000
2025,1,10,11,0,20.41,28.6,973,105,3.38,10000
2025,1,10,12,0,20.55,28.5,972.6,110,3.24,10000
2025,1,10,13,0,20.55,27.8,972.03,113,3.17,10000
2025,1,10,14,0,20.62,22.1,972.07,114,2.72,10000
2025,1,10,15,0,15.64,37.1,972.25,96,1.89,10000
2025,1,10,16,0,14.64,40.8,972.31,91,2.34,10000
2025,1,10,17,0,14.22,42.1,973.02,91,2.73,10000
2025,1,10,18,0,12.3,49.3,973.05,90,2.89,10000
2025,1,10,19,0,12.14,49.2,973.45,89,2.96,10000
2025,1,10,20,0,11.91,49.9,973.34,88,2.98,10000
2025,1,10,21,0,10.55,54.5,973.42,87,3.07,10000
2025,1,10,22,0,10.34,54.9,973.15,85,3.07,10000
2025,1,10,23,0,10.18,58.3,972.8,85,3.41,10000
2025,1,10,24,0,9.77,59.5,972.83,81,3.53,10000
2025,1,11,1,0,9.52,60.8,972.73,79,3.55,10000
2025,1,11,2,0,9.69,61,972.29,79,3.51,10000
2025,1,11,3,0,9.36,60.3,972,80,3.52,10000
2025,1,11,4,0,9.35,63.1,971.77,82,3.56,10000
2025,1,11,5,0,9.36,62.9,971.74,85,3.45,10000
2025,1,11,6,1,9.97,63.8,972.32,92,3.32,10000
2025,1,11,7,5,11.52,61.3,972.85,118,2.75,10000
2025,1,11,8,9,12.38,58.8,973.12,157,2.81,10000
2025,1,11,9,9,13.86,58,972.82,174,3.6,10000
2025,1,11,10,10,13.34,59.5,972.34,174,3.21,10000
2025,1,11,11,10,11.66,72.9,972.31,156,2.58,10000
2025,1,11,12,9,11.5,75.3,971.26,133,2.52,10000
2025,1,11,13,9,10.99,78.1,971.31,124,2.63,10000
2025,1,11,14,8,10.84,79,971.34,118,2.62,10000
2025,1,11,15,9,10.59,81.9,971.35,111,2.88,10000
2025,1,11,16,10,10.51,83.8,971.32,97,2.85,10000
2025,1,11,17,10,10.72,84,971.76,84,3,10000
2025,1,11,18,10,10.61,84.8,971.53,78,3.16,10000
2025,1,11,19,10,10.64,84.7,971.79,75,3.21,10000
2025,1,11,20,10,10.64,85,971.39,78,3.19,10000
2025,1,11,21,10,10.71,84.1,971.59,80,2.89,10000
2025,1,11,22,10,10.75,84.3,971.47,89,2.82,10000
2025,1,11,23,10,10.05,88,971.47,123,3.42,10000
2025,1,11,24,10,10.27,89.2,971.85,142,3.66,10000
2025,1,12,1,10,10.46,90.3,971.98,148,3.42,10000
2025,1,12,2,10,10.46,91.8,971.81,148,3.16,10000
2025,1,12,3,9,10.09,94.4,971.64,138,2.7,10000
2025,1,12,4,10,9.9,94.7,971.94,144,2.59,10000
2025,1,12,5,10,10.55,93.1,972.69,148,2.27,10000
2025,1,12,6,10,10.39,93.8,973.12,149,2.42,10000
2025,1,12,7,10,10,94,973.9,144,1.9,10000
2025,1,12,8,10,9.65,93.3,974.34,146,1.96,10000
2025,1,12,9,10,11.18,87.6,974.38,157,1.75,10000
2025,1,12,10,10,10.87,90.6,974.34,183,1.85,10000
2025,1,12,11,10,12.07,92.3,974.29,199,1.81,10000
2025,1,12,12,9,11.66,92.8,974.25,219,1.78,10000
2025,1,12,13,7,11.81,91.6,974.36,238,1.43,10000
2025,1,12,14,6,11.49,89,974.88,284,1.02,10000
2025,1,12,15,5,9.47,97.1,975.43,336,0.66,10000
2025,1,12,16,5,9.36,97.6,975.67,346,1.39,10000
2025,1,12,17,6,9.93,93.6,976.28,356,1.36,10000
2025,1,12,18,5,8.51,97.3,976.46,34,1.3,10000
2025,1,12,19,4,8.06,97.7,976.64,55,0.79,10000
2025,1,12,20,3,8.33,95.8,976.93,48,0.97,10000
2025,1,12,21,2,7.51,94.8,977.1,34,1.18,10000
2025,1,12,22,1,7.34,93.9,977.37,34,1.51,10000
2025,1,12,23,4,6.54,94.4,977.21,41,1.59,10000
2025,1,12,24,5,6.28,93.9,977.38,40,1.49,10000
2025,1,13,1,7,6.23,93.8,977.44,41,1.53,10000
2025,1,13,2,5,6.17,92.8,977.4,38,1.66,10000
2025,1,13,3,5,5.95,91.8,977.44,34,1.95,10000
2025,1,13,4,1,5.92,91,977.45,30,2.17,10000
2025,1,13,5,0,5.87,90.8,977.7,30,2.25,10000
2025,1,13,6,0,7.2,88.7,978.12,31,2.64,10000
2025,1,13,7,0,8.82,87.9,978.62,27,2.58,10000
2025,1,13,8,0,9.42,83,979.09,12,2.22,10000
2025,1,13,9,0,13.31,68.9,979.15,356,2.7,10000
2025,1,13,10,0,13.47,66,978.49,343,3.14,10000
2025,1,13,11,0,15,54.5,977.66,345,2.86,10000
2025,1,13,12,0,14.89,55.5,977.12,343,2.99,10000
2025,1,13,13,0,14.8,56.7,977.26,343,3.03,10000
2025,1,13,14,0,14.53,59,977.4,343,2.76,10000
2025,1,13,15,0,11.95,71.1,977.36,341,1.9,10000
2025,1,13,16,0,11.17,76.9,977.44,357,1.92,10000
2025,1,13,17,0,11.06,78.5,977.41,16,1.7,10000
2025,1,13,18,0,9.75,82.8,977.59,28,1.66,10000
2025,1,13,19,0,9.58,82,977.85,31,1.76,10000
2025,1,13,20,0,9.77,81.2,978.18,32,1.96,10000
2025,1,13,21,0,9.44,80.9,977.93,37,2.27,10000
2025,1,13,22,0,9.11,81.3,977.83,41,2.53,10000
2025,1,13,23,0,8.55,73.7,977.63,49,2.98,10000
2025,1,13,24,0,8.57,71.3,977.65,48,3.23,10000
2025,1,14,1,0,6.38,72.2,977.91,46,3.25,10000
2025,1,14,2,0,6.08,72,977.29,49,3.34,10000
2025,1,14,3,0,5.76,71.6,977.1,53,3.35,10000
2025,1,14,4,0,5.23,72.2,977.12,54,3.4,10000
2025,1,14,5,0,5.1,71.4,977.16,57,3.55,10000
2025,1,14,6,1,6.84,66.7,977.34,55,3.56,10000
2025,1,14,7,3,7.93,65,977.81,52,3.12,10000
2025,1,14,8,0,8.8,63,977.76,43,2.33,10000
2025,1,14,9,0,13.01,49.8,978.12,12,1.92,10000
2025,1,14,10,0,13.37,49.5,977,349,2.14,10000
2025,1,14,11,0,15.69,40.9,976.16,6,2.41,10000
2025,1,14,12,2,15.82,40.9,975.41,16,2.13,10000
2025,1,14,13,8,15.86,41.1,975.22,9,1.47,10000
2025,1,14,14,7,15.55,44.1,975.31,316,1.41,10000
2025,1,14,15,0,11.67,62.8,975.46,299,2.15,10000
2025,1,14,16,1,10.06,70.8,975.79,314,2.41,10000
2025,1,14,17,7,9.47,73.6,975.97,353,2.25,10000
2025,1,14,18,7,8.28,77.8,975.88,32,1.56,10000
2025,1,14,19,7,8.39,76.1,975.72,44,1.43,10000
2025,1,14,20,6,8.68,74.4,975.84,40,1.24,10000
2025,1,14,21,2,7.92,75.8,976.11,41,1.26,10000
2025,1,14,22,2,7.95,73.7,975.88,47,1.36,10000
2025,1,14,23,0,5.58,83.3,976.08,59,1.86,10000
2025,1,14,24,0,5.37,83.8,976.38,65,2.26,10000
2025,1,15,1,0,5.51,82.4,976.15,70,2.31,10000
2025,1,15,2,0,5.75,79.1,975.79,73,2.26,10000
2025,1,15,3,0,5.08,79,975.75,76,2.17,10000
2025,1,15,4,0,5.09,77.9,975.97,79,2.16,10000
2025,1,15,5,0,5.15,76.9,976.33,79,2,10000
2025,1,15,6,0,7.28,70.6,976.98,77,2.18,10000
2025,1,15,7,0,8.45,68,977.21,85,2.18,10000
2025,1,15,8,0,9.09,64.1,977.49,110,1.39,10000
2025,1,15,9,3,12.96,51.1,977.3,149,1.3,10000
2025,1,15,10,2,13.48,51,976.42,177,1.54,10000
2025,1,15,11,1,15.61,45.1,975.97,188,1.75,10000
2025,1,15,12,0,16.05,45.7,975.48,193,1.49,10000
2025,1,15,13,0,16.18,45.5,975.15,188,1.25,10000
2025,1,15,14,0,16.32,45.1,974.82,188,1.41,10000
2025,1,15,15,0,11.9,66.8,974.78,202,1.91,10000
2025,1,15,16,0,10.85,67.6,975.17,196,2.28,10000
2025,1,15,17,0,10.59,68.8,975.45,173,2.23,10000
2025,1,15,18,0,8.67,75.3,975.77,142,2.01,10000
2025,1,15,19,0,8.65,76.2,976.16,114,1.58,10000
2025,1,15,20,0,8.43,76.7,976.34,93,1.78,10000
2025,1,15,21,0,7.31,80,976.25,91,2.19,10000
2025,1,15,22,0,7.4,78.9,975.89,91,2.29,10000
2025,1,15,23,0,7.05,78.6,975.67,94,2.39,10000
2025,1,15,24,0,6.96,77.2,975.37,86,2.33,10000
2025,1,16,1,0,7.15,75,975.8,84,2.25,10000
2025,1,16,2,1,7.08,74.8,975.52,85,2.37,10000
2025,1,16,3,6,7.22,74.1,974.98,83,2.5,10000
2025,1,16,4,9,7.05,74.5,975.27,80,2.41,10000
2025,1,16,5,7,7.1,74.7,975.43,75,2.55,10000
2025,1,16,6,6,7.73,71.7,975.72,74,2.69,10000
2025,1,16,7,6,8.93,69.7,975.88,79,2.44,10000
2025,1,16,8,4,9.95,67.5,976.35,95,1.43,10000
2025,1,16,9,4,13.08,57.7,976.33,139,1.13,10000
2025,1,16,10,3,13.47,57,975.78,162,0.63,10000
2025,1,16,11,3,14.64,55.8,975.49,31,0.38,10000
2025,1,16,12,3,14.99,54.3,974.98,211,0.12,10000
2025,1,16,13,1,15.08,52.5,974.69,217,0.4,10000
2025,1,16,14,0,14.87,51.5,974.69,262,0.67,10000
2025,1,16,15,0,12.01,69.1,974.62,271,1.45,10000
2025,1,16,16,0,11.11,72.4,974.94,286,2.05,10000
2025,1,16,17,0,11.05,71,975.51,297,2.1,10000
2025,1,16,18,0,9.2,77.1,975.5,315,2.21,10000
2025,1,16,19,0,9.28,76.3,975.7,336,2.14,10000
2025,1,16,20,0,9.43,74.8,976.05,353,2.18,10000
2025,1,16,21,0,8.26,76.7,976.09,11,2.23,10000
2025,1,16,22,0,8,77.7,976.03,25,2.19,10000
2025,1,16,23,0,7.28,78.9,975.43,38,2.32,10000
2025,1,16,24,0,7.02,80,975.36,44,2.16,10000
2025,1,17,1,0,6.61,81.7,975.01,50,2.15,10000
2025,1,17,2,0,6.3,81.9,974.4,50,2.16,10000
2025,1,17,3,0,5.49,83.2,974.38,48,2.05,10000
2025,1,17,4,0,5.46,83.5,974.77,51,2.09,10000
2025,1,17,5,0,5.47,83.8,974.96,55,2.21,10000
2025,1,17,6,0,6.44,79.8,975.12,57,2.55,10000
2025,1,17,7,0,7.82,77,975.62,55,2.08,10000
2025,1,17,8,0,9.31,68.4,975.31,43,1.44,10000
2025,1,17,9,0,13.87,55.2,975.08,12,1.31,10000
2025,1,17,10,0,14.33,54.7,974.22,351,1.44,10000
2025,1,17,11,0,15.89,48.5,973.17,347,1.39,10000
2025,1,17,12,1,15.96,48,972.38,342,1.68,10000
2025,1,17,13,1,15.83,48.1,972.01,347,1.77,10000
2025,1,17,14,0,15.76,47.7,971.93,346,1.7,10000
2025,1,17,15,0,12.78,62.6,972.05,334,1.88,10000
2025,1,17,16,1,11.55,66.9,972.12,342,2.25,10000
2025,1,17,17,0,11.28,67.5,972.17,1,1.91,10000
2025,1,17,18,0,9.77,70.7,972.12,13,1.91,10000
2025,1,17,19,0,9.69,69.2,972.31,19,2.17,10000
2025,1,17,20,0,9.52,68.3,972.1,30,2.26,10000
2025,1,17,21,0,7.46,70.5,972,38,2.54,10000
2025,1,17,22,0,7.15,69.6,972.03,43,2.64,10000
2025,1,17,23,0,6.67,64.5,971.87,44,2.84,10000
2025,1,17,24,0,6.5,64.2,971.63,42,2.94,10000
2025,1,18,1,0,6.24,62,971.57,45,3.07,10000
2025,1,18,2,0,6.42,61.8,971.33,51,3.09,10000
2025,1,18,3,0,5.53,63.8,971.03,54,3.21,10000
2025,1,18,4,0,5.35,63.7,970.86,52,3.34,10000
2025,1,18,5,0,5.16,63.4,971.28,54,3.33,10000
2025,1,18,6,0,6.63,59.1,971.29,59,3.52,10000
2025,1,18,7,0,8.05,57.3,971.58,60,3.12,10000
2025,1,18,8,0,9.58,55.6,971.51,57,2.3,10000
2025,1,18,9,0,14.15,40.7,971.24,52,1.52,10000
2025,1,18,10,0,14.54,36.8,970.55,323,0.46,10000
2025,1,18,11,0,15.96,33.8,969.63,299,1.61,10000
2025,1,18,12,0,16.06,34.4,968.54,302,2.14,10000
2025,1,18,13,0,16.01,34.5,968.17,294,2.3,10000
2025,1,18,14,0,15.9,35.9,968.01,283,2.26,10000
2025,1,18,15,0,13.1,49.4,967.95,272,1.94,10000
2025,1,18,16,1,10.42,61.6,968.14,276,2.2,10000
2025,1,18,17,3,9.67,65.6,968.47,279,2.32,10000
2025,1,18,18,6,8.81,65.6,968.57,279,2.7,10000
2025,1,18,19,9,10.36,59.9,968.51,278,1.99,10000
2025,1,18,20,9,10.29,61.4,968.45,208,0.88,10000
2025,1,18,21,8,9.13,69.2,968.19,138,0.76,10000
2025,1,18,22,9,9.13,69.2,968.23,122,1.07,10000
2025,1,18,23,9,7.81,75.5,967.85,108,1.54,10000
2025,1,18,24,8,7.72,75.9,967.67,103,2.02,10000
2025,1,19,1,6,7.68,75.8,967.83,101,2.14,10000
2025,1,19,2,2,7.51,76.1,967.47,100,2.3,10000
2025,1,19,3,0,6.94,75.6,967.5,102,2.6,10000
2025,1,19,4,0,6.69,75.2,967.51,105,2.73,10000
2025,1,19,5,0,6.52,74,968.08,101,2.7,10000
2025,1,19,6,0,7.45,70.3,968.61,102,3.05,10000
2025,1,19,7,0,9.11,64.4,969.22,113,2.83,10000
2025,1,19,8,0,9.95,60.4,969.49,136,2.99,10000
2025,1,19,9,0,13.51,49.8,969.58,154,2.91,10000
2025,1,19,10,0,13.75,46.1,968.84,169,2.82,10000
2025,1,19,11,0,15.13,41.3,968.55,180,2.02,10000
2025,1,19,12,1,15.28,39.1,967.79,189,1.95,10000
2025,1,19,13,3,15.09,39.4,967.61,192,2.08,10000
2025,1,19,14,0,14.74,40.8,967.76,197,2.07,10000
2025,1,19,15,0,12.09,50.9,967.79,203,1.59,10000
2025,1,19,16,0,11.02,55.4,967.98,198,1.91,10000
2025,1,19,17,0,10.47,57.7,968.46,183,1.98,10000
2025,1,19,18,0,8.8,63.1,968.56,168,2.01,10000
2025,1,19,19,0,8.09,65.3,968.71,150,1.95,10000
2025,1,19,20,0,8,64.7,968.7,134,2.01,10000
2025,1,19,21,1,6.9,67.7,968.98,123,2.05,10000
2025,1,19,22,8,6.73,67.7,969.2,117,2.26,10000
2025,1,19,23,10,6.47,67.8,969.25,124,2.22,10000
2025,1,19,24,10,6.74,65.3,969.25,125,2.41,10000
2025,1,20,1,10,7.17,62.4,969.1,124,2.58,10000
2025,1,20,2,10,7.48,61,968.92,126,2.99,10000
2025,1,20,3,9,7.08,63,968.56,126,3.24,10000
2025,1,20,4,10,6.89,63.8,968.71,124,3.49,10000
2025,1,20,5,10,6.87,62.2,968.84,123,3.75,10000
2025,1,20,6,9,7.67,60,969.43,119,3.42,10000
2025,1,20,7,9,7.41,63.7,970.41,117,3.36,10000
2025,1,20,8,8,7.13,66.5,970.92,117,3.75,10000
2025,1,20,9,8,9.13,61.9,971.06,126,4.46,10000
2025,1,20,10,7,9.49,59.6,970.58,127,4.56,10000
2025,1,20,11,9,10.94,54,970.06,125,5.12,10000
2025,1,20,12,7,10.97,52.3,969.77,118,4.62,10000
2025,1,20,13,6,10.78,53.3,970.11,111,4.5,10000
2025,1,20,14,4,10.73,54.1,970.53,100,4.36,10000
2025,1,20,15,4,9.04,62,970.99,80,3.63,10000
2025,1,20,16,5,8.84,65.8,971.43,65,3.76,10000
2025,1,20,17,3,8.82,68.6,972.08,62,3.86,10000
2025,1,20,18,2,7.11,72.6,972.53,58,3.66,10000
2025,1,20,19,2,6.85,72.3,972.98,51,3.31,10000
2025,1,20,20,1,6.74,72.8,973.58,47,3.07,10000
2025,1,20,21,0,5.43,77.2,974,45,2.78,10000
2025,1,20,22,0,5.37,77,974.25,43,2.67,10000
2025,1,20,23,0,4.04,79.1,974.27,39,2.77,10000
2025,1,20,24,0,3.99,77.8,974.74,38,2.81,10000
2025,1,21,1,0,3.81,77.3,974.96,35,2.76,10000
2025,1,21,2,0,3.81,75.3,975.06,36,2.76,10000
2025,1,21,3,0,2.59,77,975.55,41,2.78,10000
2025,1,21,4,0,2.61,76.1,975.97,45,2.84,10000
2025,1,21,5,0,2.62,75.1,976.61,48,3.03,10000
2025,1,21,6,0,4.27,69.6,977.08,49,3.41,10000
2025,1,21,7,0,5.84,66.4,977.78,46,3.06,10000
2025,1,21,8,0,7.21,58.6,978.07,40,2.63,10000
2025,1,21,9,0,12.24,37.7,978.13,39,2.64,10000
2025,1,21,10,0,12.49,37.6,977.58,37,2.19,10000
2025,1,21,11,0,14.32,30,977.5,43,1.75,10000
2025,1,21,12,0,14.57,28.6,976.72,34,1.73,10000
2025,1,21,13,0,14.45,29.3,977.17,20,1.63,10000
2025,1,21,14,0,14.02,31.7,977.16,360,1.68,10000
2025,1,21,15,0,10.01,51.3,977.59,344,1.72,10000
2025,1,21,16,0,8.81,55,977.8,0,2.1,10000
2025,1,21,17,0,8.67,54.5,978.16,20,1.94,10000
2025,1,21,18,0,8.89,52.1,978.17,32,2.07,10000
2025,1,21,19,0,5.52,60.8,978.59,40,2.1,10000
2025,1,21,20,0,5.2,61.1,978.66,47,2.15,10000
2025,1,21,21,0,5.07,62.8,978.72,49,2.3,10000
2025,1,21,22,0,3.91,63.1,978.62,49,2.47,10000
2025,1,21,23,0,3.97,66.6,978.45,56,2.94,10000
2025,1,21,24,0,3.91,65,978.45,55,3.17,10000
2025,1,22,1,0,3.27,64.1,978.13,57,3.17,10000
2025,1,22,2,0,2.44,64.1,977.85,57,3.18,10000
2025,1,22,3,0,2,64.3,977.8,58,3.12,10000
2025,1,22,4,0,1.93,63.2,977.76,59,3.26,10000
2025,1,22,5,0,2.1,62.7,978.32,61,3.42,10000
2025,1,22,6,0,3.8,57.9,978.44,62,3.71,10000
2025,1,22,7,0,7.18,52.7,978.68,63,3.3,10000
2025,1,22,8,0,9.87,45.5,978.84,68,2.35,10000
2025,1,22,9,0,12.24,37.4,978.62,85,1.56,10000
2025,1,22,10,0,13.73,32.9,978.1,121,1.06,10000
2025,1,22,11,3,13.65,34.1,977.62,139,1.44,10000
2025,1,22,12,9,14.24,33.5,976.75,136,1.77,10000
2025,1,22,13,10,13.2,37.2,976.83,139,2.04,10000
2025,1,22,14,9,13.27,36.7,976.5,163,1.84,10000
2025,1,22,15,9,10.64,55.6,976.85,205,1.8,10000
2025,1,22,16,10,8.8,63.2,977.12,215,2.3,10000
2025,1,22,17,10,10.64,49.7,977.47,181,1.38,10000
2025,1,22,18,10,10.01,55,977.9,123,1.03,10000
2025,1,22,19,10,7.1,65.5,978.1,92,1.09,10000
2025,1,22,20,10,6.25,67.4,978.04,80,1.31,10000
2025,1,22,21,10,5.36,70.8,978.2,82,1.22,10000
2025,1,22,22,10,5.5,68.6,977.56,70,1.96,10000
2025,1,22,23,10,6.08,66.9,977.19,75,2.45,10000
2025,1,22,24,10,6.36,65,977.13,80,2.29,10000
2025,1,23,1,10,6.34,64.7,976.9,85,2.06,10000
2025,1,23,2,10,6.46,64.5,976.67,95,1.89,10000
2025,1,23,3,10,6.47,65,976.63,102,1.79,10000
2025,1,23,4,10,6.71,69.4,977.15,96,1.7,10000
2025,1,23,5,10,6.21,69.1,977.33,92,1.81,10000
2025,1,23,6,10,7,69.1,977.59,91,2.05,10000
2025,1,23,7,10,8.62,66.1,977.85,93,2.08,10000
2025,1,23,8,10,10.48,57.7,977.95,114,1.73,10000
2025,1,23,9,10,11.78,47,977.71,147,2.05,10000
2025,1,23,10,10,13.41,41.2,977.24,178,2.3,10000
2025,1,23,11,9,13.56,40.1,976.85,191,1.7,10000
2025,1,23,12,6,13.54,39.7,976.31,180,1.35,10000
2025,1,23,13,4,13.68,38.9,975.87,177,1.32,10000
2025,1,23,14,5,13.67,37.7,975.67,177,1.62,10000
2025,1,23,15,5,11,54.4,975.74,238,1.53,10000
2025,1,23,16,7,9.59,60.5,975.95,266,1.81,10000
2025,1,23,17,7,9.51,62,976.3,306,1.92,10000
2025,1,23,18,7,10.09,62.6,976.62,13,1.5,10000
2025,1,23,19,9,8.81,72.4,976.6,49,1.46,10000
2025,1,23,20,9,8.15,73.7,976.44,50,1.57,10000
2025,1,23,21,10,7.33,78.2,976.39,49,1.5,10000
2025,1,23,22,7,7.04,80.1,976.2,50,1.46,10000
2025,1,23,23,8,6.65,74.3,976.59,42,1.23,10000
2025,1,23,24,9,6.37,75.8,976.23,51,1.55,10000
2025,1,24,1,9,6.22,75.9,976.06,55,1.88,10000
2025,1,24,2,10,5.95,77.1,975.45,61,2.07,10000
2025,1,24,3,10,5.99,75.6,975.37,66,2.15,10000
2025,1,24,4,10,6.08,75,975.3,69,1.93,10000
2025,1,24,5,9,6.02,73.5,975.46,72,1.83,10000
2025,1,24,6,9,7.39,71.3,976.02,63,1.74,10000
2025,1,24,7,9,8.24,70.6,976.15,57,1.46,10000
2025,1,24,8,9,9.01,66.1,976.64,44,0.86,10000
2025,1,24,9,8,12.15,52.7,976.06,6,0.76,10000
2025,1,24,10,8,12.71,49.5,975.61,357,0.96,10000
2025,1,24,11,5,14.47,40.7,974.99,330,0.64,10000
2025,1,24,12,1,15.14,38.8,974.05,305,0.94,10000
2025,1,24,13,0,15.12,38.6,973.7,297,1.17,10000
2025,1,24,14,2,15.02,39.1,973.74,284,1.15,10000
2025,1,24,15,2,12.51,54.3,973.73,268,1.43,10000
2025,1,24,16,3,11.37,58.8,974.23,280,1.99,10000
2025,1,24,17,2,10.46,61.6,974.48,293,2.36,10000
2025,1,24,18,3,9.15,65.6,975.19,317,2.33,10000
2025,1,24,19,2,9.84,61.2,975.06,344,1.99,10000
2025,1,24,20,1,9.6,61.9,975.25,14,1.66,10000
2025,1,24,21,1,8.33,65.3,975.05,33,1.33,10000
2025,1,24,22,1,8.08,65.4,975.12,45,1.34,10000
2025,1,24,23,2,6.82,70.7,974.96,57,1.36,10000
2025,1,24,24,2,6.54,72.7,974.69,59,1.57,10000
2025,1,25,1,1,6.13,74.7,974.59,62,1.82,10000
2025,1,25,2,0,5.65,77,974.08,63,2.01,10000
2025,1,25,3,0,5.08,80.3,973.93,61,2.11,10000
2025,1,25,4,0,4.98,79.4,974.5,59,2.13,10000
2025,1,25,5,0,5.06,79.4,974.67,60,2.16,10000
2025,1,25,6,0,6.82,72.6,975.44,61,2.51,10000
2025,1,25,7,0,8.68,67.5,975.85,61,1.9,10000
2025,1,25,8,0,10.27,60.7,976.11,52,0.84,10000
2025,1,25,9,0,14.76,47.9,975.72,321,0.87,10000
2025,1,25,10,1,14.85,47.9,975.08,310,1.89,10000
2025,1,25,11,1,16.58,39.3,974.21,308,2.07,10000
2025,1,25,12,1,16.63,38.2,973.74,306,2.7,10000
2025,1,25,13,1,16.63,37.3,973.45,310,3.03,10000
2025,1,25,14,0,16.34,37.7,973.63,310,2.91,10000
2025,1,25,15,0,13.29,48.9,973.75,304,1.91,10000
2025,1,25,16,0,11.5,58,974.2,307,2.24,10000
2025,1,25,17,0,11.01,59.5,974.56,316,2.31,10000
2025,1,25,18,0,8.77,65.6,974.96,333,2.39,10000
2025,1,25,19,0,9.11,63.2,975.13,353,2.28,10000
2025,1,25,20,0,9.65,60.4,975.39,14,1.95,10000
2025,1,25,21,1,8.62,62.1,975.5,31,1.53,10000
2025,1,25,22,2,8.45,62.7,975.5,46,1.5,10000
2025,1,25,23,4,6.81,68.3,975.46,54,1.3,10000
2025,1,25,24,4,6.5,70.5,975.44,60,1.43,10000
2025,1,26,1,4,6.26,72.7,975.48,60,1.63,10000
2025,1,26,2,1,6.13,73.3,975.29,60,1.77,10000
2025,1,26,3,0,5.09,75.6,975.34,58,1.78,10000
2025,1,26,4,0,5.32,74.6,975.78,54,1.79,10000
2025,1,26,5,0,5.5,74.6,976.03,51,1.81,10000
2025,1,26,6,0,7.61,68.9,976.45,48,2.31,10000
2025,1,26,7,0,8.48,66.4,976.68,40,2.06,10000
2025,1,26,8,0,9.57,60.4,976.86,11,1.68,10000
2025,1,26,9,0,14.82,44.9,976.39,345,2.12,10000
2025,1,26,10,1,14.79,44.5,975.68,329,2.19,10000
2025,1,26,11,0,16.28,38.7,974.86,312,2.55,10000
2025,1,26,12,0,16.48,38.4,974.09,309,2.77,10000
2025,1,26,13,1,16.42,38.6,973.83,310,2.67,10000
2025,1,26,14,1,16.33,38.4,973.72,316,2.46,10000
2025,1,26,15,0,13.01,53.7,973.63,317,1.82,10000
2025,1,26,16,0,11.62,59,973.7,323,2.31,10000
2025,1,26,17,1,11.16,61.2,973.95,339,2.45,10000
2025,1,26,18,1,9.3,66.7,974.36,4,2.12,10000
2025,1,26,19,1,9.63,64.2,974.42,23,1.69,10000
2025,1,26,20,1,9.86,61.4,974.14,26,1.55,10000
2025,1,26,21,3,7.97,65,974.13,26,1.9,10000
2025,1,26,22,3,7.94,64,973.84,29,2.08,10000
2025,1,26,23,4,6.97,65.6,973.24,38,1.96,10000
2025,1,26,24,3,7.22,64.4,973.33,44,2.11,10000
2025,1,27,1,4,6.74,65.5,972.74,47,2.25,10000
2025,1,27,2,2,6.43,67.1,972.4,51,2.33,10000
2025,1,27,3,1,5.36,69.6,972.13,49,2.36,10000
2025,1,27,4,0,5.24,68.4,972.2,46,2.48,10000
2025,1,27,5,0,5.24,66.9,972.5,46,2.65,10000
2025,1,27,6,0,6.82,62.7,972.89,47,3.21,10000
2025,1,27,7,0,8.45,59,973.11,46,2.79,10000
2025,1,27,8,0,9.95,56.6,973.15,40,2.35,10000
2025,1,27,9,0,15,41.6,972.64,37,2.43,10000
2025,1,27,10,0,15.61,40.2,972.3,39,2.02,10000
2025,1,27,11,0,16.96,35.2,971.8,42,2.02,10000
2025,1,27,12,1,17.5,33.5,971.25,52,1.69,10000
2025,1,27,13,1,17.53,33,971.2,57,1.43,10000
2025,1,27,14,1,17.49,32.1,970.89,53,1.14,10000
2025,1,27,15,1,14.21,46.6,971.3,346,0.84,10000
2025,1,27,16,2,13.21,48.4,971.09,341,1.65,10000
2025,1,27,17,2,12.83,49.1,971.86,1,1.6,10000
2025,1,27,18,1,11.37,49.4,971.85,28,2.04,10000
2025,1,27,19,0,11.56,46.1,972.52,44,2.44,10000
2025,1,27,20,0,11.95,42.5,972.63,50,2.77,10000
2025,1,27,21,0,10.86,43.2,973.17,54,3.1,10000
2025,1,27,22,0,10.83,42.1,973.2,56,3.28,10000
2025,1,27,23,0,9.42,48.9,973.54,65,3.54,10000
2025,1,27,24,0,9.16,49,973.59,64,3.6,10000
2025,1,28,1,0,8.65,49.8,973.76,63,3.56,10000
2025,1,28,2,0,8.37,51,973.18,63,3.44,10000
2025,1,28,3,0,7.42,53.9,973.4,63,3.39,10000
2025,1,28,4,0,7.12,54,973.48,62,3.33,10000
2025,1,28,5,0,7.03,54.1,974,61,3.22,10000
2025,1,28,6,0,8.7,50.7,974.69,59,3.4,10000
2025,1,28,7,0,10.89,46.3,975.06,57,2.92,10000
2025,1,28,8,0,12.37,43.6,975.43,55,2.59,10000
2025,1,28,9,0,15.87,33,975.54,59,2.84,10000
2025,1,28,10,0,15.9,33.4,974.82,56,2.56,10000
2025,1,28,11,0,17.11,28.5,974.48,50,2.61,10000
2025,1,28,12,0,17.22,28.4,973.98,41,2.54,10000
2025,1,28,13,0,17.15,29.2,973.99,31,2.31,10000
2025,1,28,14,0,16.97,28.5,973.9,15,2.09,10000
2025,1,28,15,0,14.08,37.2,973.76,341,1.62,10000
2025,1,28,16,0,12.96,41.7,974.35,335,2.13,10000
2025,1,28,17,0,12.52,42.2,974.57,345,2.19,10000
2025,1,28,18,0,10.43,46.2,975.04,360,2.32,10000
2025,1,28,19,0,10.41,44.9,975.56,12,2.44,10000
2025,1,28,20,0,10.02,45.3,975.51,24,2.43,10000
2025,1,28,21,0,8.98,47.9,975.89,33,2.48,10000
2025,1,28,22,0,8.59,48.6,975.65,39,2.64,10000
2025,1,28,23,0,7.24,52,975.93,49,2.8,10000
2025,1,28,24,0,7.26,51.6,976.02,52,3.04,10000
2025,1,29,1,0,7.08,51,975.86,53,3.1,10000
2025,1,29,2,0,7.05,50.8,975.82,55,3.01,10000
2025,1,29,3,0,6,52.1,975.9,54,3.09,10000
2025,1,29,4,0,5.84,52.9,976.04,55,3.16,10000
2025,1,29,5,0,5.69,52.2,976.35,54,3.27,10000
2025,1,29,6,0,7.58,47.4,976.93,53,3.6,10000
2025,1,29,7,0,9.26,45,977.11,49,3.11,10000
2025,1,29,8,0,11.3,43.4,977.28,41,2.55,10000
2025,1,29,9,0,15.46,30.9,977.22,37,2.67,10000
2025,1,29,10,0,15.91,30.4,976.59,28,2.49,10000
2025,1,29,11,0,17.63,24.5,975.82,15,2.67,10000
2025,1,29,12,0,17.92,24.5,975.27,11,2.74,10000
2025,1,29,13,0,17.94,24.4,975.06,6,2.64,10000
2025,1,29,14,0,17.79,24.1,974.99,2,2.48,10000
2025,1,29,15,0,14.99,31.6,974.95,339,1.7,10000
2025,1,29,16,0,13.7,37.1,975.1,334,2.2,10000
2025,1,29,17,0,12.76,39.6,975.74,344,2.19,10000
2025,1,29,18,0,12.79,37.9,976.02,357,2.23,10000
2025,1,29,19,0,11.2,40,976.72,10,2.31,10000
2025,1,29,20,0,10.98,39.4,976.82,21,2.38,10000
2025,1,29,21,0,9.69,44.4,977.08,29,2.48,10000
2025,1,29,22,0,8.99,45.7,977,35,2.62,10000
2025,1,29,23,0,6.84,54.2,977.05,42,2.72,10000
2025,1,29,24,0,6.44,53.5,976.84,45,3.04,10000
2025,1,30,1,0,6.21,52.7,977.02,48,3.17,10000
2025,1,30,2,0,6.08,52.5,977.03,50,3.34,10000
2025,1,30,3,0,5.57,52.6,976.7,52,3.62,10000
2025,1,30,4,0,5.73,51.9,977.41,53,3.75,10000
2025,1,30,5,0,5.78,50.9,977.52,53,3.73,10000
2025,1,30,6,0,7.88,46.2,978.26,53,3.97,10000
2025,1,30,7,0,9.85,40.9,978.57,52,3.69,10000
2025,1,30,8,0,11.72,37.3,978.51,49,3.22,10000
2025,1,30,9,0,16.56,24.3,978.72,46,3.18,10000
2025,1,30,10,0,17.05,23.5,977.94,38,2.8,10000
2025,1,30,11,0,18.84,18.9,977.25,22,2.72,10000
2025,1,30,12,0,19.13,18.4,976.43,12,2.51,10000
2025,1,30,13,0,19.28,17.8,976.55,9,2.46,10000
2025,1,30,14,0,19.22,17.1,976.37,4,2.2,10000
2025,1,30,15,0,16.33,22.8,976.5,347,1.67,10000
2025,1,30,16,0,14.03,29,976.55,345,2.25,10000
2025,1,30,17,0,13.68,29.3,976.64,2,2.16,10000
2025,1,30,18,0,10.8,36.3,976.67,17,2.17,10000
2025,1,30,19,0,10.4,37.8,976.88,28,2.21,10000
2025,1,30,20,0,9.74,40.6,976.94,35,2.2,10000
2025,1,30,21,0,7.63,44.4,976.97,42,2.3,10000
2025,1,30,22,0,7.22,45,976.92,48,2.58,10000
2025,1,30,23,0,6.97,44.1,976.92,54,2.93,10000
2025,1,30,24,0,6.91,43.2,976.97,57,3.19,10000
2025,1,31,1,0,6.59,42.1,976.8,58,3.37,10000
2025,1,31,2,0,6.12,41.9,976.43,60,3.52,10000
2025,1,31,3,2,4.92,43.6,976.05,61,3.68,10000
2025,1,31,4,5,5.2,41,975.89,62,3.75,10000
2025,1,31,5,9,4.88,40.6,975.64,65,3.8,10000
2025,1,31,6,9,7.37,35.8,975.91,65,4.01,10000
2025,1,31,7,10,9.41,31.5,975.93,65,3.62,10000
2025,1,31,8,10,11.02,31,975.75,65,2.64,10000
2025,1,31,9,10,16.25,22.4,975.29,72,1.74,10000
2025,1,31,10,10,16.93,21.5,974.75,123,0.47,10000
2025,1,31,11,9,18.53,16.8,974.16,209,1.06,10000
2025,1,31,12,9,19.23,15.1,973.39,227,1.03,10000
2025,1,31,13,7,17.52,18.6,972.88,221,0.62,10000
2025,1,31,14,3,17.74,14.8,972.49,213,0.65,10000
2025,1,31,15,1,15.97,22.4,972.42,224,1.46,10000
2025,1,31,16,0,13.39,26.2,972.24,221,1.98,10000
2025,1,31,17,0,13.55,25.8,972.46,200,1.4,10000
2025,1,31,18,0,11.9,27.4,972.49,188,0.96,10000
2025,1,31,19,0,12.42,24.8,972.57,118,0.48,10000
2025,1,31,20,0,10.23,28.6,972.37,91,0.91,10000
2025,1,31,21,0,7.85,33.4,972.41,83,1.18,10000
2025,1,31,22,0,7.13,34.6,972.26,74,1.6,10000
2025,1,31,23,0,4.45,48.1,971.97,76,1.88,10000
2025,1,31,24,0,4.19,51.2,972.09,76,2.18,10000
2025,2,1,1,1,4.17,51.4,972.04,74,2.33,10000
2025,2,1,2,4,4.19,51.7,971.87,73,2.43,10000
2025,2,1,3,4,4.62,51.9,971.94,73,2.46,10000
2025,2,1,4,6,4.19,52,972.01,74,2.4,10000
2025,2,1,5,7,4.43,51.6,972.2,75,2.31,10000
2025,2,1,6,8,5.24,50.8,972.64,73,2.49,10000
2025,2,1,7,9,9.8,40.2,973.11,72,1.95,10000
2025,2,1,8,8,13.25,29.4,973.3,68,0.79,10000
2025,2,1,9,8,15.01,24.4,973.48,312,0.64,10000
2025,2,1,10,7,16.84,21.4,973,308,1.2,10000
2025,2,1,11,4,17.84,19.8,972.14,320,1.07,10000
2025,2,1,12,3,18.5,20.2,971.63,325,0.98,10000
2025,2,1,13,0,18.7,20.1,971.71,326,1.18,10000
2025,2,1,14,0,19.17,17,971.46,320,1.41,10000
2025,2,1,15,0,18.2,22,971.67,304,1.57,10000
2025,2,1,16,0,13.94,32.1,972.05,294,2.07,10000
2025,2,1,17,0,12.1,34.3,972.4,305,2.33,10000
2025,2,1,18,0,10.87,35.5,972.95,326,2.38,10000
2025,2,1,19,0,10.33,38.6,973.18,346,2.19,10000
2025,2,1,20,0,9.37,38.4,973.64,360,2.04,10000
2025,2,1,21,0,9.17,37.9,973.57,20,1.98,10000
2025,2,1,22,0,8.3,40.3,973.35,37,2.04,10000
2025,2,1,23,0,7.77,45.3,973.43,46,1.97,10000
2025,2,1,24,0,6.72,50.1,973.53,51,2.1,10000
2025,2,2,1,0,6.4,51.2,973.49,53,2.34,10000
2025,2,2,2,0,5.93,52.8,973.58,54,2.5,10000
2025,2,2,3,0,5.76,53.7,973.54,56,2.76,10000
2025,2,2,4,0,5.76,54.8,973.79,57,2.94,10000
2025,2,2,5,0,4.41,54.3,974.18,59,3,10000
2025,2,2,6,0,6.52,46,974.54,58,3.29,10000
2025,2,2,7,0,10.76,34.7,974.98,57,2.72,10000
2025,2,2,8,0,14.4,27.7,975.11,47,1.72,10000
2025,2,2,9,0,16.55,23.8,974.95,20,1.41,10000
2025,2,2,10,0,17.86,18.3,974.28,349,1.6,10000
2025,2,2,11,0,19.26,16.6,973.37,331,1.69,10000
2025,2,2,12,0,19.9,13.8,972.65,316,1.95,10000
2025,2,2,13,0,20.16,12.4,972.67,307,2.17,10000
2025,2,2,14,0,19.85,11.2,972.4,301,2.32,10000
2025,2,2,15,0,18.07,15,972.5,299,1.96,10000
2025,2,2,16,0,14.46,20.7,972.73,303,2.26,10000
2025,2,2,17,0,10.89,28.2,973.38,310,2.4,10000
2025,2,2,18,0,10.11,29.8,973.61,323,2.68,10000
2025,2,2,19,0,9.8,31.4,973.6,340,2.29,10000
2025,2,2,20,0,9.43,31.4,973.73,6,1.86,10000
2025,2,2,21,0,7.84,32.1,973.46,32,1.6,10000
2025,2,2,22,0,7.48,33.6,973.74,44,1.26,10000
2025,2,2,23,0,5.78,41,973.88,43,0.98,10000
2025,2,2,24,0,5.79,40.3,974.02,44,0.97,10000
2025,2,3,1,2,5.6,40.4,974.06,56,1.34,10000
2025,2,3,2,0,4.53,44.3,973.29,65,1.72,10000
2025,2,3,3,1,2.95,50.3,972.95,68,2,10000
2025,2,3,4,0,2.6,52.1,973.24,70,1.87,10000
2025,2,3,5,5,2.44,51.9,973.33,71,1.99,10000
2025,2,3,6,5,5.45,43.3,973.54,72,2.74,10000
2025,2,3,7,1,8.39,36.4,973.78,76,2.37,10000
2025,2,3,8,0,10.5,33.5,973.75,89,1.43,10000
2025,2,3,9,0,15.75,23.4,973.21,124,0.48,10000
2025,2,3,10,0,16.28,21.4,972.64,250,0.49,10000
2025,2,3,11,0,18.13,16.8,971.96,262,1.17,10000
2025,2,3,12,4,18.59,15.5,971.12,264,1.55,10000
2025,2,3,13,9,18.76,14,970.64,265,1.76,10000
2025,2,3,14,8,18.7,11.1,970.54,261,1.84,10000
2025,2,3,15,8,15.54,18.8,970.64,251,1.74,10000
2025,2,3,16,8,13,24.7,970.66,241,2.03,10000
2025,2,3,17,7,12.57,24.5,971.18,234,2.27,10000
2025,2,3,18,4,10.04,30.3,971.63,228,2.63,10000
2025,2,3,19,2,10.32,28,971.5,214,2.19,10000
2025,2,3,20,1,10.12,26.9,971.81,163,1.07,10000
2025,2,3,21,0,7.58,33.1,971.65,105,1.14,10000
2025,2,3,22,0,7.38,32.4,971.67,92,1.41,10000
2025,2,3,23,1,4.54,39.4,971.57,89,2,10000
2025,2,3,24,1,4.73,38.6,971.59,87,2.11,10000
2025,2,4,1,1,5.39,36.9,971.65,83,2.21,10000
2025,2,4,2,2,5.29,37,971.51,80,2.23,10000
2025,2,4,3,3,4.71,39.6,971.79,78,2.36,10000
2025,2,4,4,5,4.81,39.8,972.15,77,2.62,10000
2025,2,4,5,2,4.66,40.9,972.04,80,2.92,10000
2025,2,4,6,1,7.13,35.6,972.44,84,3.33,10000
2025,2,4,7,0,9.65,32.4,972.51,96,2.85,10000
2025,2,4,8,0,10.8,32.2,973.06,126,2.44,10000
2025,2,4,9,0,15.67,26,972.95,156,2.81,10000
2025,2,4,10,0,16.19,25.1,972.3,164,2.74,10000
2025,2,4,11,2,18.04,20.5,971.55,173,2.39,10000
2025,2,4,12,4,18.21,19.7,970.64,184,2.4,10000
2025,2,4,13,7,18.3,20,970.19,187,2.41,10000
2025,2,4,14,6,18.23,19.8,970.06,188,2.27,10000
2025,2,4,15,8,16.23,22,970.02,185,1.49,10000
2025,2,4,16,7,13.87,32.7,970.15,149,1.76,10000
2025,2,4,17,1,13.42,32.4,970.15,108,1.62,10000
2025,2,4,18,1,11.14,38,970.45,85,1.73,10000
2025,2,4,19,0,11.11,37.1,970.14,81,2.45,10000
2025,2,4,20,0,11.2,37.2,970.3,81,3.05,10000
2025,2,4,21,0,10.41,39.5,970.01,80,3.45,10000
2025,2,4,22,0,10.43,39.7,969.87,80,3.69,10000
2025,2,4,23,0,9.35,41.7,969.91,82,3.8,10000
2025,2,4,24,0,9.19,42.3,969.41,82,3.87,10000
2025,2,5,1,0,9.22,42.3,968.91,78,4.07,10000
2025,2,5,2,0,9.2,43.5,968.37,75,4.15,10000
2025,2,5,3,0,9.07,43.7,968.01,74,4.27,10000
2025,2,5,4,0,9.17,44.5,967.31,74,4.43,10000
2025,2,5,5,3,9.38,43.9,967.33,72,4.42,10000
2025,2,5,6,2,11.07,40.1,967.33,71,4.78,10000
2025,2,5,7,3,12.79,36,966.57,72,4.84,10000
2025,2,5,8,6,14.2,32.5,965.88,77,4.91,10000
2025,2,5,9,8,18.4,23.7,965.22,90,5.01,10000
2025,2,5,10,7,18.97,22.6,963.77,109,4.71,10000
2025,2,5,11,8,20.58,18,961.99,117,4.59,10000
2025,2,5,12,3,20.73,17.7,960.62,124,4.28,10000
2025,2,5,13,2,20.46,17.7,959.97,139,4.05,10000
2025,2,5,14,5,20.98,15.3,959.4,154,4.91,10000
2025,2,5,15,6,19.54,17.6,958.93,148,3.61,10000
2025,2,5,16,6,18.88,20,958.31,134,3.11,10000
2025,2,5,17,7,18,26.4,958.83,115,3.65,10000
2025,2,5,18,9,16.44,34.6,958.73,109,4.66,10000
2025,2,5,19,8,15.99,42.1,958.39,102,5.14,10000
2025,2,5,20,8,15.54,48.1,958.14,96,5.34,10000
2025,2,5,21,7,14.3,53,957.69,93,5.57,10000
2025,2,5,22,5,14.3,51.9,957.46,101,5.28,10000
2025,2,5,23,2,13.2,57.5,956.72,122,4.62,10000
2025,2,5,24,1,12.96,56.5,956.85,139,4.28,10000
2025,2,6,1,0,12.36,56,956.63,150,4.03,10000
2025,2,6,2,1,11.99,54.1,956.68,149,3.77,10000
2025,2,6,3,4,11.27,55.9,956.99,143,3.6,10000
2025,2,6,4,6,11.4,52.1,957.06,134,3.64,10000
2025,2,6,5,6,11.6,51.3,957.64,134,3.89,10000
2025,2,6,6,10,11.35,61.6,957.97,149,4.5,10000
2025,2,6,7,9,10.76,70.5,958.65,155,4.45,10000
2025,2,6,8,10,9.83,78,958.57,155,4.56,10000
2025,2,6,9,10,9.51,87.6,958.17,150,4.22,10000
2025,2,6,10,10,9.72,86.1,957.65,147,4.14,10000
2025,2,6,11,10,9.39,86.1,957.21,159,4.99,10000
2025,2,6,12,10,10.02,84.4,956.94,165,4.16,10000
2025,2,6,13,10,10.21,81.8,956.77,151,2.85,10000
2025,2,6,14,10,10.04,82.1,956.71,124,2.45,10000
2025,2,6,15,9,9.1,86.3,957.13,96,2.53,10000
2025,2,6,16,10,8.53,89.9,957.77,110,2.07,10000
2025,2,6,17,10,8.65,90,958.94,124,2.41,10000
2025,2,6,18,10,8.35,92.2,959.57,125,2.48,10000
2025,2,6,19,10,8.42,92.9,960.2,126,2.43,10000
2025,2,6,20,9,8.64,92.1,960.68,127,2.47,10000
2025,2,6,21,9,8.13,93.4,961.29,122,2.55,10000
2025,2,6,22,8,8.13,94,961.69,122,2.58,10000
2025,2,6,23,9,7.31,95,962.62,120,3.05,10000
2025,2,6,24,9,7.58,94.7,962.83,128,3.12,10000
2025,2,7,1,7,7.74,94.1,963.35,131,2.82,10000
2025,2,7,2,7,7.63,95.6,963.6,126,2.72,10000
2025,2,7,3,7,7.28,97.6,964.29,126,3.03,10000
2025,2,7,4,8,7.79,95.6,965.38,123,2.99,10000
2025,2,7,5,9,8.11,93.8,966.46,129,3.35,10000
2025,2,7,6,9,8.9,89,967.52,130,3.89,10000
2025,2,7,7,9,9.13,87.2,968.34,128,4.05,10000
2025,2,7,8,4,9.61,85.3,968.93,124,3.62,10000
2025,2,7,9,3,12.25,73.3,969.3,124,3.43,10000
2025,2,7,10,4,12.63,69.3,969.06,131,3.28,10000
2025,2,7,11,4,12.92,64.4,968.85,131,3.64,10000
2025,2,7,12,5,12.85,63,968.36,137,3.41,10000
2025,2,7,13,4,12.73,61.8,968.53,137,3.08,10000
2025,2,7,14,5,12.39,62.1,968.43,140,2.74,10000
2025,2,7,15,7,11.17,66.9,968.53,155,2.11,10000
2025,2,7,16,4,10.82,70.6,968.87,146,1.26,10000
2025,2,7,17,4,10.3,73.6,969.62,101,1.43,10000
2025,2,7,18,4,8.8,81.4,969.75,74,1.24,10000
2025,2,7,19,3,9.08,82.1,969.7,63,1.42,10000
2025,2,7,20,2,8.97,80.5,969.85,64,1.65,10000
2025,2,7,21,1,8.42,80.6,969.6,65,2.06,10000
2025,2,7,22,2,8.68,77,969.62,67,2.46,10000
2025,2,7,23,3,7.49,73.1,968.89,65,2.84,10000
2025,2,7,24,4,7.83,65.8,968.27,71,3.44,10000
2025,2,8,1,4,7.81,62.3,967.94,76,3.49,10000
2025,2,8,2,5,7.83,61,967.64,80,3.43,10000
2025,2,8,3,4,7.4,61.8,967.7,78,3.52,10000
2025,2,8,4,4,7.12,64.7,967.82,74,3.61,10000
2025,2,8,5,5,6.86,65.7,968.12,71,3.87,10000
2025,2,8,6,7,7.88,64.4,968.22,72,4.22,10000
2025,2,8,7,8,8.14,66.4,968.57,74,4.33,10000
2025,2,8,8,9,8.24,62.2,968.38,80,4.82,10000
2025,2,8,9,10,8.82,56.1,968.7,85,5.25,10000
2025,2,8,10,10,8.58,57.3,968.14,89,5.23,10000
2025,2,8,11,10,7.31,67.9,967.91,88,5.97,10000
2025,2,8,12,10,6.67,71.6,967.51,83,6.28,10000
2025,2,8,13,10,6.52,72.4,967.07,76,6.25,10000
2025,2,8,14,10,6.74,71.2,966.97,70,5.76,10000
2025,2,8,15,9,6.35,73.4,967,61,4.68,10000
2025,2,8,16,7,6.41,71.9,966.68,54,3.89,10000
2025,2,8,17,6,6.35,70.2,966.84,43,2.87,10000
2025,2,8,18,7,5.63,70.5,967.53,20,2.16,10000
2025,2,8,19,8,5.62,71,967.93,4,2.21,10000
2025,2,8,20,8,5.54,72.4,968.18,2,2.22,10000
2025,2,8,21,5,4.94,74.2,968.34,14,2.21,10000
2025,2,8,22,2,4.9,74.5,968.53,24,2.22,10000
2025,2,8,23,4,3.81,73.6,968.64,32,2.28,10000
2025,2,8,24,5,3.6,74.2,968.54,35,2.23,10000
2025,2,9,1,3,3.46,74.7,969.17,40,2.23,10000
2025,2,9,2,1,3.24,74.7,969.21,41,2.33,10000
2025,2,9,3,1,2.64,73.9,969.38,40,2.47,10000
2025,2,9,4,0,2.75,71.7,970.32,41,2.59,10000
2025,2,9,5,0,2.66,69.8,970.88,45,2.75,10000
2025,2,9,6,0,4.68,60.2,971.55,50,3.47,10000
2025,2,9,7,0,6.31,52.5,971.99,55,3.25,10000
2025,2,9,8,0,6.82,47.6,972.51,68,3.99,10000
2025,2,9,9,0,10.3,37.1,972.49,78,4,10000
2025,2,9,10,0,10.9,37.3,972.29,84,3.45,10000
2025,2,9,11,1,12.14,30.9,971.99,88,3.33,10000
2025,2,9,12,4,12.37,30.5,971.04,82,2.82,10000
2025,2,9,13,7,12.04,33,971.16,71,2.69,10000
2025,2,9,14,9,11.93,32.8,971.21,69,2.58,10000
2025,2,9,15,0,10.34,45.4,971.46,74,1.75,10000
2025,2,9,16,0,8.67,52.2,971.67,71,1.77,10000
2025,2,9,17,0,8.05,50.2,972.08,70,1.94,10000
2025,2,9,18,0,5.81,60,972.73,67,2.09,10000
2025,2,9,19,0,5.56,59.9,972.93,62,2.09,10000
2025,2,9,20,0,5.53,60.5,973.09,60,2.08,10000
2025,2,9,21,0,4.67,62.9,973.08,60,2.19,10000
2025,2,9,22,0,4.77,62.7,973.29,62,2.3,10000
2025,2,9,23,0,3.77,58.8,973.44,61,2.39,10000
2025,2,9,24,0,4,57.6,973.01,60,2.69,10000
2025,2,10,1,0,4.07,56.6,972.76,61,2.94,10000
2025,2,10,2,0,3.96,56.7,972.46,62,2.96,10000
2025,2,10,3,0,3.17,58.6,972.38,60,3.03,10000
2025,2,10,4,0,3.29,58.8,972.42,58,3.13,10000
2025,2,10,5,0,2.88,59.9,973.06,58,3.16,10000
2025,2,10,6,0,5.61,51.9,973.21,58,3.44,10000
2025,2,10,7,0,6.99,47.4,973.83,59,2.63,10000
2025,2,10,8,0,8.02,44.5,974.22,61,2.2,10000
2025,2,10,9,0,11.12,37.4,974.41,68,1.25,10000
2025,2,10,10,1,11.35,38.2,973.74,42,0.52,10000
2025,2,10,11,6,12.18,35.1,973.56,62,0.35,10000
2025,2,10,12,5,12.33,34.7,972.7,37,0.29,10000
2025,2,10,13,7,12.23,34.2,972.75,37,0.38,10000
2025,2,10,14,6,12.16,35,972.77,65,0.3,10000
2025,2,10,15,5,10.41,52.4,972.96,217,0.45,10000
2025,2,10,16,3,8.73,57.3,973.23,251,1.44,10000
2025,2,10,17,4,8.42,55.1,973.81,279,1.56,10000
2025,2,10,18,2,6.93,57.5,974.31,311,1.48,10000
2025,2,10,19,1,5.91,63.5,974.6,352,1.45,10000
2025,2,10,20,0,5.62,61.9,974.89,32,1.31,10000
2025,2,10,21,0,5.07,63.4,974.82,56,1.66,10000
2025,2,10,22,0,3.72,73,975.21,63,2.09,10000
2025,2,10,23,0,3.6,70.3,975.61,64,2.61,10000
2025,2,10,24,0,3.64,69.4,975.24,62,2.81,10000
2025,2,11,1,0,3.75,68,975.42,60,2.82,10000
2025,2,11,2,0,3.78,68.1,975.14,59,2.91,10000
2025,2,11,3,0,3.32,69.9,975.54,60,3.06,10000
2025,2,11,4,0,3.45,69.3,975.52,60,3.19,10000
2025,2,11,5,0,3.52,69.5,976.11,62,3.26,10000
2025,2,11,6,0,6.11,62,976.58,63,3.64,10000
2025,2,11,7,0,7.99,57.6,977.07,63,2.93,10000
2025,2,11,8,0,8.82,52.6,976.99,65,2.5,10000
2025,2,11,9,0,12.43,40.7,976.65,73,2.05,10000
2025,2,11,10,0,12.46,39.3,976.1,65,1.57,10000
2025,2,11,11,0,13.91,35.5,975.45,68,1.41,10000
2025,2,11,12,0,14.25,33.3,974.63,55,1.35,10000
2025,2,11,13,0,14.32,33.5,974.15,39,1.43,10000
2025,2,11,14,0,14.33,34.3,974.17,28,1.46,10000
2025,2,11,15,0,12.66,50.4,973.95,5,1.18,10000
2025,2,11,16,0,10.57,56.7,973.9,1,1.99,10000
2025,2,11,17,0,10.03,55.7,974.51,16,2.04,10000
2025,2,11,18,0,9.4,57.4,974.68,32,2.14,10000
2025,2,11,19,2,6.81,64,974.83,42,2.21,10000
2025,2,11,20,6,7.01,61.5,975,46,2.53,10000
2025,2,11,21,5,6.73,61.5,974.88,46,2.84,10000
2025,2,11,22,5,7.1,60,974.76,48,3.11,10000
2025,2,11,23,6,6.07,59.5,974.83,48,3.4,10000
2025,2,11,24,5,6.01,58.7,974.32,52,3.49,10000
2025,2,12,1,4,6.04,58.7,974.21,54,3.51,10000
2025,2,12,2,3,5.94,58.4,974.04,55,3.64,10000
2025,2,12,3,2,5.35,60,973.92,56,3.74,10000
2025,2,12,4,4,5.32,58.9,974.35,58,3.75,10000
2025,2,12,5,3,5.22,58.7,974.47,59,3.8,10000
2025,2,12,6,3,7.45,51.8,974.54,61,4.11,10000
2025,2,12,7,2,9.29,49.3,974.96,62,3.46,10000
2025,2,12,8,0,10.6,45.6,974.55,64,2.8,10000
2025,2,12,9,0,15.26,33.8,974.36,81,2.3,10000
2025,2,12,10,0,15.52,33.2,973.69,114,1.54,10000
2025,2,12,11,0,16.86,27,973.02,134,1.5,10000
2025,2,12,12,0,17.14,26.2,972.08,154,1.24,10000
2025,2,12,13,0,17.14,25.7,971.84,172,1.05,10000
2025,2,12,14,1,16.89,26.2,971.5,188,0.93,10000
2025,2,12,15,1,13.65,47.9,971.4,218,1.29,10000
2025,2,12,16,1,12.81,47.6,971.95,235,2.27,10000
2025,2,12,17,2,13.76,39.8,972.14,248,2.07,10000
2025,2,12,18,2,12.1,41.6,972.58,290,1.45,10000
2025,2,12,19,2,11.7,44.8,972.75,353,0.89,10000
2025,2,12,20,3,10.98,51.6,972.86,45,1.19,10000
2025,2,12,21,3,8.63,60,972.57,66,1.52,10000
2025,2,12,22,3,8.66,63.7,972.52,77,2.15,10000
2025,2,12,23,2,8.14,62.2,972.99,92,2.38,10000
2025,2,12,24,1,8.62,60.2,972.9,103,2.79,10000
2025,2,13,1,1,8.88,63.5,972.99,111,3.02,10000
2025,2,13,2,2,8.93,71.1,972.57,112,2.92,10000
2025,2,13,3,1,8.39,78.9,972.98,108,2.85,10000
2025,2,13,4,2,8.44,81.8,973.27,106,2.95,10000
2025,2,13,5,2,8.52,82.3,973.61,103,2.87,10000
2025,2,13,6,2,10.17,76.5,973.9,103,3.3,10000
2025,2,13,7,1,11.1,70.6,974.48,115,2.8,10000
2025,2,13,8,1,11.18,67.9,974.4,142,3.1,10000
2025,2,13,9,1,14.87,57.4,974.06,160,3.12,10000
2025,2,13,10,2,15.34,55,973.8,177,3.29,10000
2025,2,13,11,3,16.75,48.7,972.76,188,2.96,10000
2025,2,13,12,4,16.71,47.9,971.69,187,2.93,10000
2025,2,13,13,4,16.78,48,971.4,183,3.07,10000
2025,2,13,14,5,16.47,47.8,970.98,174,3.41,10000
2025,2,13,15,3,14.31,53,971.12,177,3.16,10000
2025,2,13,16,4,13.57,59.5,971.41,179,2.45,10000
2025,2,13,17,2,12.99,61.9,971.36,165,2.21,10000
2025,2,13,18,4,11.1,68,971.92,158,1.98,10000
2025,2,13,19,5,11.2,67.8,972.15,161,1.78,10000
2025,2,13,20,4,11.04,68.1,972.58,137,1.62,10000
2025,2,13,21,3,10.36,72,972.37,111,2.5,10000
2025,2,13,22,1,10.27,71.5,971.94,105,3.71,10000
2025,2,13,23,2,9.47,78.1,971.49,107,3.94,10000
2025,2,13,24,5,9.68,77.1,970.75,117,3.61,10000
2025,2,14,1,8,9.69,79.8,970.93,144,1.63,10000
2025,2,14,2,7,9.21,84,971.18,237,1.65,10000
2025,2,14,3,8,8.24,87.7,971.22,266,1.92,10000
2025,2,14,4,7,7.8,91.9,971.74,291,2.35,10000
2025,2,14,5,4,8.27,90.5,972.12,304,2.05,10000
2025,2,14,6,2,8.22,89.4,973.11,300,1.8,10000
2025,2,14,7,1,10.9,70.8,973.79,288,1.89,10000
2025,2,14,8,0,11.15,56.6,973.99,279,2.71,10000
2025,2,14,9,5,11.4,49.2,974.02,268,3.85,10000
2025,2,14,10,9,11.82,45.8,973.78,256,4.34,10000
2025,2,14,11,9,12.27,42.2,973.62,255,4.88,10000
2025,2,14,12,8,12.22,43.8,973.23,254,5.09,10000
2025,2,14,13,7,12.33,41.5,973.49,259,4.94,10000
2025,2,14,14,7,12.53,41.1,973.67,269,4.27,10000
2025,2,14,15,7,11.49,44.8,973.6,280,3.15,10000
2025,2,14,16,6,10.61,55.7,973.9,306,1.63,10000
2025,2,14,17,4,10.14,56.2,974.3,344,1.66,10000
2025,2,14,18,2,7.9,63.2,974.81,10,1.66,10000
2025,2,14,19,1,8.05,64,974.79,22,1.47,10000
2025,2,14,20,1,7.54,66.4,975.5,34,1.45,10000
2025,2,14,21,0,5.97,72.9,975.43,51,1.24,10000
2025,2,14,22,0,5.52,73.3,975.65,68,1.02,10000
2025,2,14,23,0,4.09,80.3,975.52,82,0.94,10000
2025,2,14,24,0,4.03,79,975.25,88,0.64,10000
2025,2,15,1,0,4.18,78.1,975.19,70,0.79,10000
2025,2,15,2,1,3.78,78.2,974.89,55,1.04,10000
2025,2,15,3,1,3.06,80.1,974.56,49,1.17,10000
2025,2,15,4,1,3,80.5,974.83,45,1.31,10000
2025,2,15,5,1,2.81,80.7,975.05,43,1.27,10000
2025,2,15,6,1,5.82,70.9,975.47,42,1.83,10000
2025,2,15,7,0,8.08,63.6,975.65,24,1.26,10000
2025,2,15,8,0,8.47,61.5,975.79,356,1.36,10000
2025,2,15,9,0,12.11,49,975.45,336,0.98,10000
2025,2,15,10,0,12.22,48.7,975.04,322,1.12,10000
2025,2,15,11,0,13.52,43.3,974.16,322,1.27,10000
2025,2,15,12,0,13.88,41.4,973.2,312,1.8,10000
2025,2,15,13,0,14.21,39.2,972.79,314,2.45,10000
2025,2,15,14,0,14.43,38.1,972.49,317,2.76,10000
2025,2,15,15,0,12.78,40.2,972.15,320,2.5,10000
2025,2,15,16,0,10.31,53.7,972.18,321,2.29,10000
2025,2,15,17,0,9.16,57.6,972.08,336,2.47,10000
2025,2,15,18,0,7.01,65.4,972.36,345,2.57,10000
2025,2,15,19,0,7.38,63.7,972.39,354,2.36,10000
2025,2,15,20,0,7.41,63,972.46,9,2.17,10000
2025,2,15,21,0,6.38,66.6,972.37,25,2.01,10000
2025,2,15,22,0,6.23,68.1,972.32,34,1.96,10000
2025,2,15,23,0,4.74,70.7,972.22,38,2.16,10000
2025,2,15,24,0,4.65,71.1,971.47,41,2.66,10000
2025,2,16,1,1,4.72,71.2,971.17,44,2.87,10000
2025,2,16,2,6,4.57,71.7,970.34,47,2.84,10000
2025,2,16,3,9,3.87,72.3,970.42,52,2.85,10000
2025,2,16,4,8,4.21,69.9,970.12,54,3.04,10000
2025,2,16,5,4,4.11,69.2,969.96,57,3.2,10000
2025,2,16,6,1,7.16,62.1,970.07,58,3.5,10000
2025,2,16,7,0,8.69,57.8,970.11,57,2.88,10000
2025,2,16,8,0,9.98,50.6,969.64,58,2.4,10000
2025,2,16,9,1,14.82,34.6,969.21,80,1.95,10000
2025,2,16,10,3,15.45,31.4,968.52,132,1.75,10000
2025,2,16,11,6,17.09,26.3,968.18,178,2.67,10000
2025,2,16,12,10,16.83,25.7,967.06,187,3.03,10000
2025,2,16,13,10,15.63,31.5,966.89,193,3.54,10000
2025,2,16,14,10,14.86,34.9,967.13,195,3.93,10000
2025,2,16,15,10,13.41,39.1,967.54,196,3.9,10000
2025,2,16,16,10,12.8,45.4,967.97,199,3.72,10000
2025,2,16,17,10,12.15,50,968.33,196,2.5,10000
2025,2,16,18,10,11.67,55.7,968.7,188,1.42,10000
2025,2,16,19,9,10.06,65,969.05,155,1.74,10000
2025,2,16,20,9,10.47,66.8,968.91,159,2.15,10000
2025,2,16,21,10,10.15,70,969.23,164,1.88,10000
2025,2,16,22,10,10.04,72.1,969.49,180,1.6,10000
2025,2,16,23,10,8.84,78.8,970.11,208,1.46,10000
2025,2,16,24,10,8.73,79.6,970.17,235,1.47,10000
2025,2,17,1,10,8.69,80.9,969.8,247,1.33,10000
2025,2,17,2,10,8.59,81.7,969.89,243,1.11,10000
2025,2,17,3,10,7.87,84.2,970.15,229,0.99,10000
2025,2,17,4,10,7.85,84.2,970.52,224,0.78,10000
2025,2,17,5,10,7.83,84.2,971.17,229,0.49,10000
2025,2,17,6,9,8.57,81.4,971.93,167,0.37,10000
2025,2,17,7,6,8.52,76.7,972.67,149,0.59,10000
2025,2,17,8,1,8.12,75.7,973,152,0.54,10000
2025,2,17,9,0,11.53,63.3,973.33,233,0.28,10000
2025,2,17,10,1,12.13,58.3,973.03,286,0.85,10000
2025,2,17,11,1,14.66,43.6,973.11,269,1.19,10000
2025,2,17,12,2,14.82,41.9,972.71,266,1.55,10000
2025,2,17,13,2,15.12,39.7,972.56,263,1.89,10000
2025,2,17,14,0,15.18,39.6,972.71,253,2.26,10000
2025,2,17,15,0,13.82,41.8,973.09,246,2.33,10000
2025,2,17,16,0,12.06,54.8,973.57,232,1.63,10000
2025,2,17,17,0,11.28,59.9,973.77,219,1.95,10000
2025,2,17,18,0,9.01,66.9,974.18,212,2.07,10000
2025,2,17,19,0,9.2,65.9,974.69,211,2,10000
2025,2,17,20,0,9.43,64.6,974.69,206,1.67,10000
2025,2,17,21,1,8.02,68.5,975.01,187,1.48,10000
2025,2,17,22,1,9,62.1,974.96,162,1.14,10000
2025,2,17,23,1,7.54,68.1,975.31,129,0.23,10000
2025,2,17,24,1,6.84,71.3,975.05,65,0.85,10000
2025,2,18,1,1,6.2,74.8,975.17,64,1.16,10000
2025,2,18,2,1,5.19,79.2,974.99,62,1.38,10000
2025,2,18,3,1,4.34,82.5,975.34,60,1.61,10000
2025,2,18,4,4,4.71,80,975.5,61,1.83,10000
2025,2,18,5,6,4.63,78.4,975.84,62,1.97,10000
2025,2,18,6,1,8.6,65.4,976.25,60,2.47,10000
2025,2,18,7,0,10.89,59.3,976.56,53,1.44,10000
2025,2,18,8,0,11.31,56,976.63,3,1.36,10000
2025,2,18,9,0,15.04,44.1,976.61,321,1.72,10000
2025,2,18,10,0,15.33,44.2,975.89,311,2.23,10000
2025,2,18,11,1,16.6,38.9,975.23,305,2.56,10000
2025,2,18,12,0,16.81,36.6,974.25,305,2.71,10000
2025,2,18,13,1,16.89,35.3,974.18,302,3.14,10000
2025,2,18,14,0,16.99,34.5,974.09,305,3.27,10000
2025,2,18,15,0,15.58,37.2,974.24,305,2.34,10000
2025,2,18,16,8,13.79,49.2,974.11,290,2.14,10000
2025,2,18,17,8,12.58,53.2,974.07,281,2.28,10000
2025,2,18,18,2,10.97,56.2,974.55,270,2.41,10000
2025,2,18,19,0,11.45,50.4,974.76,269,2.45,10000
2025,2,18,20,0,12.53,44,974.94,283,1.64,10000
2025,2,18,21,0,10.62,51,974.95,18,0.6,10000
2025,2,18,22,4,8.74,60.6,974.87,60,1.1,10000
2025,2,18,23,4,7.63,64.1,974.57,70,1.38,10000
2025,2,18,24,4,6.83,68.1,974.32,76,1.97,10000
2025,2,19,1,3,7.2,66.6,973.89,79,2.34,10000
2025,2,19,2,5,7.1,66.5,973.51,80,2.43,10000
2025,2,19,3,2,6.23,69.2,973.3,78,2.37,10000
2025,2,19,4,1,6.17,70,973.39,73,2.29,10000
2025,2,19,5,0,5.88,70.4,973.37,72,2.66,10000
2025,2,19,6,1,9.14,59,973.6,72,3.19,10000
2025,2,19,7,4,11.3,52.6,973.61,76,2.29,10000
2025,2,19,8,10,12.62,45.2,973.52,103,1.67,10000
2025,2,19,9,10,16.12,36.9,973.11,174,1.3,10000
2025,2,19,10,10,16.36,34.7,972.65,215,1.77,10000
2025,2,19,11,10,16.71,31.1,971.4,233,2,10000
2025,2,19,12,10,16.36,30.9,970.34,253,1.85,10000
2025,2,19,13,10,16.49,30,970.16,286,1.19,10000
2025,2,19,14,10,16.53,29.2,969.44,8,0.66,10000
2025,2,19,15,10,16.04,31.9,968.89,62,0.9,10000
2025,2,19,16,10,14.12,49.3,968.67,60,1.64,10000
2025,2,19,17,10,13.56,49.6,968.55,59,1.21,10000
2025,2,19,18,10,12.19,54.1,968.27,64,1.43,10000
2025,2,19,19,10,12.05,55.9,968.05,60,1.42,10000
2025,2,19,20,10,12.09,57.3,967.86,61,1.68,10000
2025,2,19,21,10,11.27,59,967.44,61,1.91,10000
2025,2,19,22,10,11.55,60.1,967.09,59,2.23,10000
2025,2,19,23,10,10.75,60.2,966.7,58,2.04,10000
2025,2,19,24,10,10.98,62.1,966.35,56,2.3,10000
2025,2,20,1,10,11.01,61.1,965.83,54,2.3,10000
2025,2,20,2,10,11.28,59.5,965.44,58,2.27,10000
2025,2,20,3,10,11.02,60.5,965.14,62,2.23,10000
2025,2,20,4,10,10.77,63.5,965.52,62,2.01,10000
2025,2,20,5,10,10.69,65.9,965.58,64,1.72,10000
2025,2,20,6,10,10.14,69.4,965.78,76,1.88,10000
2025,2,20,7,10,11.88,67.7,966.05,93,1.45,10000
2025,2,20,8,10,12.04,68.7,966.13,102,0.92,10000
2025,2,20,9,10,12.64,64.6,965.94,103,0.96,10000
2025,2,20,10,10,12.79,59.4,965.77,94,1.36,10000
2025,2,20,11,10,13.94,43.2,964.46,109,2.54,10000
2025,2,20,12,9,13.83,41.8,963.84,131,3.06,10000
2025,2,20,13,7,13.44,43.4,963.7,142,3.47,10000
2025,2,20,14,8,13.46,43.4,963.58,126,3.33,10000
2025,2,20,15,9,12.46,48.6,963.45,114,2.75,10000
2025,2,20,16,8,11.97,54.8,963.59,104,2.5,10000
2025,2,20,17,8,11.66,57.5,964.04,115,2.34,10000
2025,2,20,18,7,11.29,60.4,964.58,123,2.58,10000
2025,2,20,19,10,9.88,70.9,964.79,145,3,10000
2025,2,20,20,10,9.5,76.6,964.68,157,2.78,10000
2025,2,20,21,10,9.25,83.6,964.6,169,2.64,10000
2025,2,20,22,8,9.19,86.7,964.48,165,2.65,10000
2025,2,20,23,5,8.47,92,964.28,173,2.42,10000
2025,2,20,24,5,8.36,93.4,964.38,190,2.45,10000
2025,2,21,1,6,8.56,93.6,964.91,210,2.72,10000
2025,2,21,2,9,8.52,93.6,965.14,223,2.74,10000
2025,2,21,3,9,7.89,94.9,965.71,231,2.43,10000
2025,2,21,4,9,8.25,96.3,966.32,237,1.97,10000
2025,2,21,5,8,8.29,96.8,966.99,246,1.7,10000
2025,2,21,6,7,8.17,92.7,968.07,263,1.75,10000
2025,2,21,7,4,8.16,85.4,968.7,275,1.36,10000
2025,2,21,8,1,8.31,81.9,969.25,280,1.4,10000
2025,2,21,9,1,10.55,62.5,969.29,270,2.51,10000
2025,2,21,10,4,10.74,55.4,969.29,254,3.71,10000
2025,2,21,11,7,11.87,39.4,968.89,250,3.84,10000
2025,2,21,12,8,12.08,39,968.65,249,4.12,10000
2025,2,21,13,9,11.11,43.9,968.7,247,4.34,10000
2025,2,21,14,8,11.27,44.7,968.67,248,4.27,10000
2025,2,21,15,6,10.63,50.1,969.23,249,3.87,10000
2025,2,21,16,6,10.74,49.9,969.12,255,2.47,10000
2025,2,21,17,6,10.5,55.2,970.21,269,1.67,10000
2025,2,21,18,8,9.49,60.4,970.43,281,1.34,10000
2025,2,21,19,5,8.82,62.7,970.74,325,1.14,10000
2025,2,21,20,6,8.46,67.5,970.76,7,0.97,10000
2025,2,21,21,6,7.92,66.1,970.85,40,0.67,10000
2025,2,21,22,5,8.1,65.9,970.84,57,0.86,10000
2025,2,21,23,6,7.09,71.6,970.3,70,0.98,10000
2025,2,21,24,6,7.08,71.2,970.5,92,0.17,10000
2025,2,22,1,7,7.26,70.4,970.35,329,1.21,10000
2025,2,22,2,9,7.59,72,970.38,358,1.3,10000
2025,2,22,3,7,7.13,72.9,970.28,21,0.6,10000
2025,2,22,4,4,7.27,74.2,970.53,43,0.43,10000
2025,2,22,5,3,6.49,77.8,970.73,33,0.41,10000
2025,2,22,6,2,7.42,75.5,971.2,6,0.56,10000
2025,2,22,7,2,7.53,65.8,971.61,309,1.27,10000
2025,2,22,8,1,7.87,56.3,971.54,302,2.41,10000
2025,2,22,9,1,9.86,41.6,971.42,299,3.06,10000
2025,2,22,10,0,10.17,39.4,971.09,292,3.38,10000
2025,2,22,11,0,10.37,35.5,970.28,289,3.98,10000
2025,2,22,12,0,10.35,33.3,969.72,285,3.84,10000
2025,2,22,13,0,10.28,33.8,969.61,285,3.94,10000
2025,2,22,14,0,9.97,35.4,969.51,287,3.86,10000
2025,2,22,15,0,9.12,35.6,969.95,288,3.27,10000
2025,2,22,16,0,8.05,45.2,970.31,290,1.72,10000
2025,2,22,17,4,7.45,49,970.58,297,1.72,10000
2025,2,22,18,9,5.49,52.7,971.18,309,1.9,10000
2025,2,22,19,10,5.24,52.5,971.27,319,2.05,10000
2025,2,22,20,10,5.1,53,971.31,325,1.91,10000
2025,2,22,21,9,4.42,54.3,970.93,332,1.88,10000
2025,2,22,22,10,4.48,52.5,970.28,356,1.57,10000
2025,2,22,23,10,4.27,57.7,969.63,316,1.77,10000
2025,2,22,24,10,4.44,54,969.78,307,2.92,10000
2025,2,23,1,10,4.74,48,970.03,311,3.91,10000
2025,2,23,2,10,4.46,45.5,970.36,310,4.23,10000
2025,2,23,3,10,3.91,51.2,970.43,318,3.76,10000
2025,2,23,4,10,3.82,56.2,970.36,329,3.07,10000
2025,2,23,5,10,3.45,59.6,970.57,335,2.23,10000
2025,2,23,6,9,3.77,58.7,971.3,325,1.66,10000
2025,2,23,7,8,4.27,54.9,971.84,301,1.77,10000
2025,2,23,8,3,4.46,50.6,971.78,289,2.61,10000
2025,2,23,9,1,6.58,41.7,972.06,284,3.49,10000
2025,2,23,10,0,6.98,36.9,971.7,278,4.01,10000
2025,2,23,11,8,7.38,28.9,971.22,268,5.2,10000
2025,2,23,12,9,7.05,29.1,970.47,266,5.43,10000
2025,2,23,13,9,7,29.3,970.58,266,5.49,10000
2025,2,23,14,7,6.62,31,970.46,268,5.79,10000
2025,2,23,15,2,4.89,31.9,971.53,272,5.43,10000
2025,2,23,16,1,4.34,32,971.59,273,4.02,10000
2025,2,23,17,0,3.89,32.9,972.39,268,3.04,10000
2025,2,23,18,0,1.75,40.7,973.06,256,2.37,10000
2025,2,23,19,0,1.49,42.6,973.12,238,1.9,10000
2025,2,23,20,0,1.33,42,973.45,227,1.97,10000
2025,2,23,21,0,-0.35,46.1,973.7,221,2.04,10000
2025,2,23,22,1,-1.04,49.9,973.87,213,1.98,10000
2025,2,23,23,4,-1.73,56.3,973.61,210,2.24,10000
2025,2,23,24,7,-1.91,56.3,973.37,196,1.91,10000
2025,2,24,1,4,-1.76,53.2,973.65,186,1.51,10000
2025,2,24,2,1,-1.83,52.7,973.01,149,1.01,10000
2025,2,24,3,0,-2.36,54.7,973.3,117,0.77,10000
2025,2,24,4,0,-2.33,54.1,973.51,107,1.21,10000
2025,2,24,5,0,-2.09,53.2,973.77,105,1.69,10000
2025,2,24,6,0,0.89,46.1,974.68,118,1.9,10000
2025,2,24,7,0,1.69,43,974.74,146,1.58,10000
2025,2,24,8,2,2.12,39.6,975.03,197,1.49,10000
2025,2,24,9,5,5.31,31.1,975.01,243,2.32,10000
2025,2,24,10,9,5.36,29.7,974.8,262,3.09,10000
2025,2,24,11,9,5.72,26.7,974.91,278,3.08,10000
2025,2,24,12,10,5.61,28,974.33,289,3.3,10000
2025,2,24,13,10,5.84,26.3,974.1,299,3.28,10000
2025,2,24,14,10,5.66,26.4,973.95,306,3.38,10000
2025,2,24,15,10,4.67,29.6,974.54,310,3.3,10000
2025,2,24,16,7,4.26,33.5,974.55,310,2.35,10000
2025,2,24,17,2,3.45,38.8,975,305,1.85,10000
2025,2,24,18,0,1.24,47.2,975.72,302,2.01,10000
2025,2,24,19,0,0.65,49.8,976.23,303,2.06,10000
2025,2,24,20,0,-0.13,55,976.77,302,2.51,10000
2025,2,24,21,0,-0.66,56,976.82,300,2.36,10000
2025,2,24,22,0,-0.03,47.3,976.98,292,2.29,10000
2025,2,24,23,0,-1.56,51.6,977.21,341,1.3,10000
2025,2,24,24,0,-0.55,44.8,977.23,12,0.82,10000
2025,2,25,1,0,-0.01,43.7,977.43,68,0.17,10000
2025,2,25,2,0,0.15,41,977.14,122,0.43,10000
2025,2,25,3,0,-1.76,48.3,977.29,110,0.7,10000
2025,2,25,4,0,-2.55,54.6,977.68,109,0.94,10000
2025,2,25,5,0,-2.87,58.7,978.33,105,1.06,10000
2025,2,25,6,0,-0.51,50.2,979.16,128,1.05,10000
2025,2,25,7,0,2.09,40.8,980,195,0.9,10000
2025,2,25,8,0,3.48,37.1,980.33,233,1.66,10000
2025,2,25,9,0,4.79,29.8,980.73,248,2.57,10000
2025,2,25,10,0,6.19,23.6,980.29,254,3.12,10000
2025,2,25,11,0,7.19,20.1,979.83,259,3.54,10000
2025,2,25,12,0,7.45,19.5,978.89,260,3.73,10000
2025,2,25,13,0,7.62,18.9,978.69,262,3.49,10000
2025,2,25,14,0,7.53,19.6,977.94,261,3.09,10000
2025,2,25,15,3,6.33,20.8,977.87,255,2.92,10000
2025,2,25,16,7,5.2,31.5,977.49,253,1.77,10000
2025,2,25,17,8,4.25,36.4,978,259,2.25,10000
2025,2,25,18,9,2.99,32.4,978.03,258,2.08,10000
2025,2,25,19,9,3.43,26.9,978.35,249,1.57,10000
2025,2,25,20,9,3.71,23.8,978.27,213,1,10000
2025,2,25,21,10,0.65,39.3,978.8,166,0.86,10000
2025,2,25,22,10,0.03,45.3,978.64,129,0.87,10000
2025,2,25,23,10,-0.74,44.9,978.63,101,0.75,10000
2025,2,25,24,10,-1.32,48.3,978.46,88,1.04,10000
2025,2,26,1,9,-1.39,49.6,978.22,84,1.31,10000
2025,2,26,2,8,-1.39,49.6,977.52,86,1.73,10000
2025,2,26,3,8,-1.22,50.2,977.36,89,1.96,10000
2025,2,26,4,9,-1.15,50.1,977.31,88,1.83,10000
2025,2,26,5,9,-1.43,52.1,977.88,82,1.51,10000
2025,2,26,6,9,2.7,40.2,978.18,80,1.56,10000
2025,2,26,7,8,4.15,34.3,979.07,108,0.67,10000
2025,2,26,8,2,4.51,30.7,978.86,230,0.49,10000
2025,2,26,9,1,8.07,21.7,978.78,260,1.19,10000
2025,2,26,10,0,8.48,21.2,978.19,267,1.94,10000
2025,2,26,11,0,9.7,19.1,977.58,279,2.65,10000
2025,2,26,12,0,9.86,18.6,976.83,288,2.88,10000
2025,2,26,13,0,10.03,18.2,976.45,296,3.07,10000
2025,2,26,14,0,9.88,18.5,975.74,303,3.02,10000
2025,2,26,15,0,8.43,19.8,975.87,304,2.84,10000
2025,2,26,16,0,7.05,32.2,975.75,300,1.7,10000
2025,2,26,17,0,5.97,37.7,976.58,310,1.83,10000
2025,2,26,18,0,3.46,44.3,977.01,323,1.94,10000
2025,2,26,19,0,3.08,45.5,977.5,335,2.29,10000
2025,2,26,20,0,2.41,46.9,977.86,353,2.34,10000
2025,2,26,21,0,1.24,48.1,977.84,16,2.11,10000
2025,2,26,22,0,1.38,45.5,978.03,32,1.83,10000
2025,2,26,23,0,0.33,50,977.92,46,1.63,10000
2025,2,26,24,0,-0.36,50.8,977.96,52,1.57,10000
2025,2,27,1,0,-0.49,51.6,977.61,56,1.48,10000
2025,2,27,2,0,-0.66,52.8,977.15,59,1.37,10000
2025,2,27,3,0,-1.52,56.8,977.28,62,1.43,10000
2025,2,27,4,0,-1.37,58.5,977.34,62,1.42,10000
2025,2,27,5,0,-1.36,59.5,977.6,61,1.52,10000
2025,2,27,6,0,3.72,45.2,977.9,56,1.76,10000
2025,2,27,7,0,5.71,35.6,978.71,25,0.7,10000
2025,2,27,8,0,6.21,32.2,978.69,315,1.81,10000
2025,2,27,9,0,10,22.6,978.47,306,3,10000
2025,2,27,10,0,10.11,21.3,977.77,302,3.73,10000
2025,2,27,11,3,11.13,19.8,977.61,309,4.16,10000
2025,2,27,12,4,11.27,20.2,976.82,307,4.54,10000
2025,2,27,13,9,11.4,20.5,976.47,309,4.78,10000
2025,2,27,14,6,11.24,20.7,976.07,308,4.45,10000
2025,2,27,15,0,10.14,21.9,975.86,305,4.02,10000
2025,2,27,16,0,9.18,26.8,975.48,294,2.4,10000
2025,2,27,17,0,7.42,34.8,976.06,291,2.21,10000
2025,2,27,18,0,4.24,43.9,976.45,285,2.13,10000
2025,2,27,19,0,3.63,48.7,976.4,285,2.51,10000
2025,2,27,20,0,3.72,48.7,976.5,291,2.59,10000
2025,2,27,21,0,3.24,45.2,976.79,300,2.48,10000
2025,2,27,22,0,5.01,37.4,976.69,321,2.3,10000
2025,2,27,23,0,3.36,44.9,977.01,349,2.05,10000
2025,2,27,24,0,2.73,48.4,976.37,32,1.62,10000
2025,2,28,1,0,1.57,53.8,976.19,48,1.38,10000
2025,2,28,2,0,0.98,55,975.71,55,1.57,10000
2025,2,28,3,0,-0.56,60.2,976.09,59,1.6,10000
2025,2,28,4,0,-1,64.5,976.06,63,1.49,10000
2025,2,28,5,0,-1.1,65.2,975.96,66,1.53,10000
2025,2,28,6,0,4.06,54.2,976.26,71,1.8,10000
2025,2,28,7,0,6.43,39.9,976.34,77,0.79,10000
2025,2,28,8,0,6.9,36.5,975.97,312,0.83,10000
2025,2,28,9,0,10.97,29.2,975.44,291,2.02,10000
2025,2,28,10,0,11.5,27.1,974.88,285,2.94,10000
2025,2,28,11,0,13.07,23.9,974.24,289,3.27,10000
2025,2,28,12,0,13.3,22.6,973.11,293,3.55,10000
2025,2,28,13,0,13.48,20.9,972.71,294,3.61,10000
2025,2,28,14,0,13.55,20.4,971.88,292,3.69,10000
2025,2,28,15,0,12.3,21.1,972.24,292,3.46,10000
2025,2,28,16,0,11.04,28.3,972.09,294,1.9,10000
2025,2,28,17,0,9.41,38.6,972.41,309,2.35,10000
2025,2,28,18,0,7.39,40.1,972.82,320,2.57,10000
2025,2,28,19,0,8.65,33.5,972.78,339,1.78,10000
2025,2,28,20,2,9.06,31.8,972.69,28,0.92,10000
2025,2,28,21,6,6.58,41.3,972.12,86,0.7,10000
2025,2,28,22,3,5.28,45.6,971.83,99,1.04,10000
2025,2,28,23,0,3.44,50.1,971.82,105,1.16,10000
2025,2,28,24,0,2.9,49.3,971.66,95,1.21,10000
2025,3,1,1,0,2.44,51.6,971.36,87,1.09,10000
2025,3,1,2,0,1.77,56.1,970.89,82,0.87,10000
2025,3,1,3,0,0.71,63.6,971.22,73,0.58,10000
2025,3,1,4,0,0.06,66.9,971.87,65,0.64,10000
2025,3,1,5,0,0.2,66.3,971.89,67,1.12,10000
2025,3,1,6,1,6.1,51,972.38,64,1.91,10000
2025,3,1,7,2,9.23,35,972.82,57,1.38,10000
2025,3,1,8,1,9.56,33.6,972.69,359,0.99,10000
2025,3,1,9,3,13.13,24.6,972.93,318,1.7,10000
2025,3,1,10,8,13.83,23.1,972.34,309,2.7,10000
2025,3,1,11,9,14.91,21.8,972.16,311,3.88,10000
2025,3,1,12,10,15.1,22.3,971.32,305,4.73,10000
2025,3,1,13,10,14.85,22.8,971.12,302,4.95,10000
2025,3,1,14,10,14.45,24,970.86,300,4.76,10000
2025,3,1,15,8,13.55,24.8,971.13,296,4.27,10000
2025,3,1,16,6,12.86,23.8,971.26,291,3.35,10000
2025,3,1,17,4,11.31,29,971.8,287,3.03,10000
2025,3,1,18,4,9.02,36.1,972.35,287,2.65,10000
2025,3,1,19,3,8.58,39.4,972.73,293,2.2,10000
2025,3,1,20,4,7.83,43.8,973.05,305,2.22,10000
2025,3,1,21,4,6.38,47.3,973.17,321,2.45,10000
2025,3,1,22,1,7.28,41.7,972.99,339,2.45,10000
2025,3,1,23,1,4.41,53.5,972.89,352,2.31,10000
2025,3,1,24,1,5.12,50.5,972.88,14,1.95,10000
2025,3,2,1,1,4.53,53.5,972.86,32,1.59,10000
2025,3,2,2,1,4.02,55.3,972.41,43,1.24,10000
2025,3,2,3,1,3,59.5,973.08,53,1.14,10000
2025,3,2,4,0,2.7,62.9,973.55,57,1.42,10000
2025,3,2,5,0,2.5,63,973.9,59,1.69,10000
2025,3,2,6,0,7.26,48.2,974.88,60,2.21,10000
2025,3,2,7,0,9.35,40.6,975.31,63,1.22,10000
2025,3,2,8,0,9.88,43,975.52,24,0.94,10000
2025,3,2,9,0,13.56,31.7,975.56,316,1.17,10000
2025,3,2,10,0,13.88,28.7,975.37,294,1.96,10000
2025,3,2,11,0,15.39,20.4,974.76,305,1.78,10000
2025,3,2,12,0,15.63,19.6,974.14,295,1.79,10000
2025,3,2,13,0,15.74,18.7,973.81,283,1.89,10000
2025,3,2,14,0,15.88,16.8,973.76,275,2.33,10000
2025,3,2,15,0,14.67,15.1,973.68,275,2.34,10000
2025,3,2,16,0,12.79,23,973.88,274,2.17,10000
2025,3,2,17,0,10.81,30.9,974.18,284,2.53,10000
2025,3,2,18,0,8.4,34.2,974.62,304,2.42,10000
2025,3,2,19,0,8.58,32.1,975.13,335,2.23,10000
2025,3,2,20,0,8.55,32.5,975.33,16,1.98,10000
2025,3,2,21,0,6.45,34.8,975.49,52,1.48,10000
2025,3,2,22,0,5.47,37.7,975.34,71,1.2,10000
2025,3,2,23,0,3.52,44.6,974.91,70,1.92,10000
2025,3,2,24,0,3.33,46.2,975.13,79,2.35,10000
2025,3,3,1,0,3.77,44.8,974.66,82,2.4,10000
2025,3,3,2,0,3.74,43.3,974.78,83,2.45,10000
2025,3,3,3,0,2.97,44.5,975.05,85,2.64,10000
2025,3,3,4,9,3.12,43.6,975.59,86,2.63,10000
2025,3,3,5,10,3.36,41.5,975.85,86,2.76,10000
2025,3,3,6,10,7.84,32.8,976.23,87,3.18,10000
2025,3,3,7,10,9.57,30.9,976.45,96,2.51,10000
2025,3,3,8,10,10.52,29.8,976.13,126,2.36,10000
2025,3,3,9,10,14.92,22.7,975.83,155,2.33,10000
2025,3,3,10,10,15.25,21.3,975.46,171,2.36,10000
2025,3,3,11,10,16.76,18.8,974.74,186,2.12,10000
2025,3,3,12,10,17.13,17.4,973.92,199,1.95,10000
2025,3,3,13,10,17.48,17.4,973.39,208,1.63,10000
2025,3,3,14,10,17.42,17.2,973.07,221,1.24,10000
2025,3,3,15,10,16.28,17.3,972.71,215,0.58,10000
2025,3,3,16,10,16.08,20.8,972.49,106,0.53,10000
2025,3,3,17,10,14.11,27.4,972.53,86,1.09,10000
2025,3,3,18,10,12.16,31.6,972.81,86,1.65,10000
2025,3,3,19,10,11.54,34.1,972.84,87,2.12,10000
2025,3,3,20,10,11.5,34.1,972.85,90,2.51,10000
2025,3,3,21,10,11.2,34.6,972.52,90,2.72,10000
2025,3,3,22,10,10.64,34.1,972.49,87,2.78,10000
2025,3,3,23,10,9.61,35.4,972.34,81,2.66,10000
2025,3,3,24,10,9.47,35.7,972.41,76,2.84,10000
2025,3,4,1,10,9.16,36,971.72,73,2.97,10000
2025,3,4,2,10,9.27,35.2,971.55,72,3.08,10000
2025,3,4,3,10,8.99,37,971.66,73,3.1,10000
2025,3,4,4,10,9.28,36.2,971.92,71,3.25,10000
2025,3,4,5,10,8.93,37.4,971.97,66,3.48,10000
2025,3,4,6,10,11.29,32.3,972.26,65,3.64,10000
2025,3,4,7,10,12.75,29.5,972.51,67,2.98,10000
2025,3,4,8,10,14.09,27.6,972.36,83,3.05,10000
2025,3,4,9,10,18.09,18.3,972.05,104,3.07,10000
2025,3,4,10,10,18.75,18.1,971.48,115,3,10000
2025,3,4,11,10,19.91,14.6,971.02,127,3.33,10000
2025,3,4,12,10,20.25,13.1,969.89,135,3.29,10000
2025,3,4,13,10,20.43,11.5,969.96,141,3.38,10000
2025,3,4,14,10,20.38,9.5,969.7,145,3.32,10000
2025,3,4,15,10,19.02,6.1,969.59,147,2.82,10000
2025,3,4,16,10,17.66,10.7,969.93,152,1.96,10000
2025,3,4,17,10,16.58,13.1,970.22,141,1.86,10000
2025,3,4,18,10,14.44,18.6,970.88,120,1.72,10000
2025,3,4,19,10,14.21,19.6,971.07,93,1.79,10000
2025,3,4,20,10,14.32,19.1,971.37,84,2.29,10000
2025,3,4,21,10,13.83,22.7,971.65,81,2.82,10000
2025,3,4,22,10,13.78,24,971.55,78,3.09,10000
2025,3,4,23,10,12.36,30,972.1,89,3.19,10000
2025,3,4,24,10,12.32,28.1,972.24,104,3.49,10000
2025,3,5,1,10,13.45,23.7,972.59,134,4.61,10000
2025,3,5,2,10,13.43,27.1,972.83,146,4.82,10000
2025,3,5,3,10,12.28,37.5,973.21,136,3.6,10000
2025,3,5,4,10,11.56,45.2,973.59,108,2.57,10000
2025,3,5,5,10,11.34,47.4,973.9,87,2.68,10000
2025,3,5,6,10,12.98,47.1,974.39,80,2.95,10000
2025,3,5,7,10,13.78,46.9,974.5,84,2.54,10000
2025,3,5,8,10,14.28,44,974.11,114,1.78,10000
2025,3,5,9,10,16.44,38.5,973.67,115,0.87,10000
2025,3,5,10,10,16.62,36.4,973.09,7,0.84,10000
2025,3,5,11,10,17.89,33.8,972.81,358,1.06,10000
2025,3,5,12,10,18.29,32.1,971.85,360,1.13,10000
2025,3,5,13,10,18.75,30.5,971.58,5,1.36,10000
2025,3,5,14,10,18.95,29.1,971.27,11,0.8,10000
2025,3,5,15,10,17.61,34.7,971.69,199,0.18,10000
2025,3,5,16,10,17.78,33.1,971.79,200,1.47,10000
2025,3,5,17,10,16.71,35.5,972.35,192,2.52,10000
2025,3,5,18,10,15.26,42.7,973.16,192,2.94,10000
2025,3,5,19,10,14.71,51.5,973.38,197,2.83,10000
2025,3,5,20,10,14.08,61,973.68,203,2.59,10000
2025,3,5,21,10,13.38,66.7,973.64,202,1.94,10000
2025,3,5,22,10,13.15,69.9,973.99,191,1.7,10000
2025,3,5,23,10,12.88,62.2,974.17,136,0.62,10000
2025,3,5,24,9,12.32,66.5,974.01,20,0.78,10000
2025,3,6,1,9,12.08,68.4,973.64,18,1.46,10000
2025,3,6,2,9,12.12,68.7,973.42,23,1.88,10000
2025,3,6,3,7,11.61,70.7,973.27,28,2.07,10000
2025,3,6,4,0,11.23,72.3,973.36,38,2.36,10000
2025,3,6,5,0,10.74,71.7,973.47,42,2.73,10000
2025,3,6,6,0,12.47,61.2,973.77,32,2.69,10000
2025,3,6,7,0,14.92,49,974.02,19,2.82,10000
2025,3,6,8,0,16.72,42.9,974.15,29,2.52,10000
2025,3,6,9,0,18.22,35.2,973.91,63,1.72,10000
2025,3,6,10,0,19.99,33.4,973.49,103,1.09,10000
2025,3,6,11,1,20.93,33.3,973.01,150,0.62,10000
2025,3,6,12,0,22.14,30,972.28,172,0.3,10000
2025,3,6,13,0,22.6,28.5,971.47,3,0.49,10000
2025,3,6,14,0,22.68,28.3,970.89,17,1.11,10000
2025,3,6,15,0,22.46,24.8,971.05,53,0.97,10000
2025,3,6,16,0,21.06,30.6,971.06,113,0.84,10000
2025,3,6,17,0,17.53,38.7,971.32,140,1.11,10000
2025,3,6,18,0,16.38,41.9,972.03,86,0.88,10000
2025,3,6,19,0,16.7,42.1,972.2,52,1.39,10000
2025,3,6,20,0,15.02,47.6,972.38,66,1.72,10000
2025,3,6,21,0,13.47,53.5,972.48,73,1.98,10000
2025,3,6,22,0,12.91,56.4,972.34,70,2.34,10000
2025,3,6,23,0,12.93,60.4,971.99,68,2.75,10000
2025,3,6,24,0,13.09,59.3,972.08,65,3.18,10000
2025,3,7,1,2,13.11,57.3,971.97,64,3.4,10000
2025,3,7,2,2,13.28,53.8,971.65,64,3.57,10000
2025,3,7,3,2,12.85,52.7,971.37,65,3.65,10000
2025,3,7,4,2,12.93,49.5,971.74,69,3.48,10000
2025,3,7,5,2,13.28,48,971.8,69,3.63,10000
2025,3,7,6,7,16.52,40.5,971.76,63,3.66,10000
2025,3,7,7,9,18.17,37.5,971.65,57,2.94,10000
2025,3,7,8,8,19.95,34,971.28,56,3.23,10000
2025,3,7,9,7,22.3,27.5,970.78,67,3.9,10000
2025,3,7,10,9,22.75,26.6,969.62,77,3.84,10000
2025,3,7,11,9,23.45,26.8,969.39,105,3.15,10000
2025,3,7,12,10,23.43,27.3,968.4,117,3.36,10000
2025,3,7,13,10,23.51,28.5,967.83,110,3.41,10000
2025,3,7,14,8,23.19,29.1,966.51,98,3.48,10000
2025,3,7,15,10,20.97,38.1,966.44,117,3.32,10000
2025,3,7,16,10,19.91,48.2,966.13,139,2.34,10000
2025,3,7,17,10,19.33,52.6,965.7,148,1.65,10000
2025,3,7,18,10,17.17,64.3,965.69,150,0.77,10000
2025,3,7,19,10,17.48,64,965.14,86,0.69,10000
2025,3,7,20,10,17.8,62.6,965.38,93,1.27,10000
2025,3,7,21,10,16.64,69,965.16,89,1.96,10000
2025,3,7,22,10,16.46,71.3,965.06,75,3.2,10000
2025,3,7,23,10,15.34,76,964.51,76,4.13,10000
2025,3,7,24,10,14.72,80.6,964.47,80,4.71,10000
2025,3,8,1,10,14.46,80.5,963.84,66,4.97,10000
2025,3,8,2,10,14.15,80.8,963.04,65,5.24,10000
2025,3,8,3,10,14.53,75.6,963.54,82,5.32,10000
2025,3,8,4,10,15.21,74.8,963.54,92,5.11,10000
2025,3,8,5,10,15.1,76.7,964.37,99,5.1,10000
2025,3,8,6,10,15.16,78,964.96,102,4.69,10000
2025,3,8,7,9,15.24,79.6,965.46,102,4,10000
2025,3,8,8,8,15.86,74.8,965.69,102,3.94,10000
2025,3,8,9,9,18.02,66.8,965.58,113,3.58,10000
2025,3,8,10,8,18.27,66.4,965.25,131,2.89,10000
2025,3,8,11,5,18.83,64.3,964.71,124,1.62,10000
2025,3,8,12,5,18.97,63.8,964,137,1.8,10000
2025,3,8,13,5,19.5,60.9,963.44,125,1.6,10000
2025,3,8,14,6,19.68,59.6,962.74,81,1.58,10000
2025,3,8,15,4,18.5,62.1,962.36,66,1.86,10000
2025,3,8,16,4,17.56,69.4,962.46,68,1.94,10000
2025,3,8,17,5,17.26,71.7,962.93,109,1.86,10000
2025,3,8,18,4,14.99,78.8,963.17,138,1.84,10000
2025,3,8,19,7,14.5,82,963.71,136,1.59,10000
2025,3,8,20,8,14.14,83,963.93,103,1.18,10000
2025,3,8,21,7,13.49,85,964.1,58,0.92,10000
2025,3,8,22,5,13.19,83.9,963.79,45,1.44,10000
2025,3,8,23,4,12.69,84.6,963.82,41,1.51,10000
2025,3,8,24,5,12.4,82.9,963.71,34,2.11,10000
2025,3,9,1,6,12.38,80.6,963.3,35,2.52,10000
2025,3,9,2,7,12.37,78,963.32,39,2.44,10000
2025,3,9,3,6,11.8,77.2,963.42,43,2.12,10000
2025,3,9,4,6,11.56,75.5,963.85,48,1.26,10000
2025,3,9,5,6,11.55,75.8,964.73,70,1.34,10000
2025,3,9,6,7,12.82,71.5,965.57,65,1.46,10000
2025,3,9,7,5,14.14,68.3,965.83,45,1.06,10000
2025,3,9,8,4,15.26,62.4,966.02,19,1.3,10000
2025,3,9,9,5,17.9,54.9,966.24,45,1.36,10000
2025,3,9,10,7,18.35,55,965.89,100,1.41,10000
2025,3,9,11,9,18.38,54.2,966.16,149,2.09,10000
2025,3,9,12,9,17.44,60.8,966.06,157,1.81,10000
2025,3,9,13,9,17.05,64.7,965.92,125,2.03,10000
2025,3,9,14,10,16.58,68.1,966.06,105,1.87,10000
2025,3,9,15,8,15.53,74.6,966.07,67,0.91,10000
2025,3,9,16,6,15.94,75.3,966.11,340,0.78,10000
2025,3,9,17,6,15.88,76.5,966.84,346,1.23,10000
2025,3,9,18,4,14.42,84.9,967.27,43,1.16,10000
2025,3,9,19,3,14.35,84.1,967.58,62,1.05,10000
2025,3,9,20,3,13.97,84.6,967.98,66,1.08,10000
2025,3,9,21,3,12.88,88.8,968.24,68,1.01,10000
2025,3,9,22,5,13.23,87.5,968.35,65,1.03,10000
2025,3,9,23,7,12.52,88.6,968.42,51,1.08,10000
2025,3,9,24,9,12.72,88.4,968.56,35,1.34,10000
2025,3,10,1,8,12.93,88.2,968.39,30,1.48,10000
2025,3,10,2,6,12.62,88.5,968.28,34,1.7,10000
2025,3,10,3,2,12.09,88.8,968.52,45,1.83,10000
2025,3,10,4,3,12,87.7,969.04,55,1.91,10000
2025,3,10,5,3,12.2,86.1,969.51,62,2.11,10000
2025,3,10,6,4,13.69,82.2,970.24,66,1.89,10000
2025,3,10,7,4,14.72,78.4,970.55,79,1.06,10000
2025,3,10,8,6,14.94,75.9,971.17,126,0.72,10000
2025,3,10,9,6,16.74,70.7,971.24,193,0.71,10000
2025,3,10,10,5,16.82,71.7,971.18,226,1.01,10000
2025,3,10,11,5,18.77,55.6,971.31,197,1.26,10000
2025,3,10,12,5,18.48,56.8,970.58,218,1.64,10000
2025,3,10,13,4,18.52,56.5,970.38,223,1.78,10000
2025,3,10,14,6,17.92,61.7,970.12,226,1.57,10000
2025,3,10,15,7,16.17,70.3,970.24,224,1.1,10000
2025,3,10,16,6,15.84,71.5,970.59,160,0.96,10000
2025,3,10,17,7,15.17,78.1,971.29,186,1.29,10000
2025,3,10,18,7,13.7,86.5,971.91,184,1.39,10000
2025,3,10,19,6,13.77,86.9,972.21,171,1.36,10000
2025,3,10,20,4,13.98,86.1,972.86,154,1.25,10000
2025,3,10,21,5,13.38,88.8,972.76,135,1.07,10000
2025,3,10,22,4,13.69,87.8,973.06,107,1.02,10000
2025,3,10,23,4,13.14,88.7,973.05,80,1.35,10000
2025,3,10,24,5,13.38,88.4,972.7,60,0.9,10000
2025,3,11,1,4,13.47,87.3,972.59,38,0.94,10000
2025,3,11,2,4,13.15,88.2,972.43,32,1.37,10000
2025,3,11,3,4,12.65,89.2,972.79,40,1.34,10000
2025,3,11,4,4,12.8,88.5,973.38,42,1.44,10000
2025,3,11,5,4,12.83,87.6,973.74,47,1.66,10000
2025,3,11,6,3,14.85,81.4,974.37,49,1.89,10000
2025,3,11,7,4,15.88,74.7,974.52,38,1.36,10000
2025,3,11,8,4,16.52,72.7,975.09,11,1.15,10000
2025,3,11,9,6,18.9,62.5,974.7,338,1.14,10000
2025,3,11,10,6,19.01,62,974.53,315,1.37,10000
2025,3,11,11,6,20.19,49.1,973.91,292,2.26,10000
2025,3,11,12,5,20.16,50,973.22,289,2.82,10000
2025,3,11,13,4,19.68,51.9,973.14,289,2.91,10000
2025,3,11,14,5,19.31,53.9,972.85,293,2.99,10000
2025,3,11,15,4,18.05,59.5,972.79,292,2.29,10000
2025,3,11,16,4,17.32,63.7,973.03,278,1.58,10000
2025,3,11,17,4,16.64,67.9,973.47,294,1.89,10000
2025,3,11,18,3,14.87,77.7,974.13,309,2.01,10000
2025,3,11,19,2,14.63,78.9,974.21,327,1.82,10000
2025,3,11,20,1,15.65,73.4,974.45,358,1.53,10000
2025,3,11,21,0,14.05,78,974.35,24,1.44,10000
2025,3,11,22,0,13.91,78.2,974.35,40,1.22,10000
2025,3,11,23,0,12.29,82.5,974.44,46,1.36,10000
2025,3,11,24,0,12.19,82.6,974.24,48,1.5,10000
2025,3,12,1,0,11.86,83.9,974.22,46,1.67,10000
2025,3,12,2,0,11.67,83.5,973.83,47,1.76,10000
2025,3,12,3,0,11.11,83.5,974.14,47,1.92,10000
2025,3,12,4,0,11.03,83.4,974.69,48,2.04,10000
2025,3,12,5,0,11.44,82.3,974.72,48,2.44,10000
2025,3,12,6,0,15.35,70.8,975.06,42,2.42,10000
2025,3,12,7,0,16.44,63.4,975.15,21,1.9,10000
2025,3,12,8,0,16.74,62.4,974.98,353,2.52,10000
2025,3,12,9,0,20.55,52.6,974.76,339,3,10000
2025,3,12,10,0,21.06,51.3,974.27,331,3.1,10000
2025,3,12,11,0,22.83,41.4,973.36,326,3.3,10000
2025,3,12,12,0,23.14,40,972.55,323,3.22,10000
2025,3,12,13,0,23.49,39.1,972.23,318,3.23,10000
2025,3,12,14,0,23.57,39,972.02,314,3.32,10000
2025,3,12,15,0,22.42,40.2,971.92,303,2.57,10000
2025,3,12,16,0,21.1,47.6,972.1,289,2.41,10000
2025,3,12,17,0,19.55,55.8,972.13,295,2.63,10000
2025,3,12,18,0,16.34,64.3,972.74,309,2.5,10000
2025,3,12,19,0,16.27,65,972.81,331,2.5,10000
2025,3,12,20,0,16.6,62.4,973.27,0,2.21,10000
2025,3,12,21,0,15.66,62.7,973.25,19,1.81,10000
2025,3,12,22,0,15.29,62.7,973.53,30,1.79,10000
2025,3,12,23,0,13.27,65.4,973.87,35,1.88,10000
2025,3,12,24,0,13.32,65.7,973.64,41,2.09,10000
2025,3,13,1,0,12.99,66.3,973.13,46,2.11,10000
2025,3,13,2,0,12.8,68.1,972.87,49,2.1,10000
2025,3,13,3,0,11.99,69.2,972.89,50,2.19,10000
2025,3,13,4,0,11.45,74.3,973.38,52,2.32,10000
2025,3,13,5,0,11.9,72,973.42,54,2.68,10000
2025,3,13,6,0,15.5,61.6,973.89,51,2.82,10000
2025,3,13,7,0,18.15,56.2,974.16,38,1.91,10000
2025,3,13,8,0,20.61,48.2,973.95,18,1.9,10000
2025,3,13,9,0,22.5,39.4,973.66,10,2.12,10000
2025,3,13,10,0,23.79,33.7,973.21,1,1.74,10000
2025,3,13,11,0,24.95,29.2,972.54,320,1.77,10000
2025,3,13,12,0,25.49,27.4,971.85,314,2.04,10000
2025,3,13,13,0,26,27,971.53,311,2.26,10000
2025,3,13,14,0,25.66,28.3,971.09,306,2.49,10000
2025,3,13,15,0,24.92,30.5,970.91,292,2.28,10000
2025,3,13,16,0,21.55,45.9,971.08,290,2.63,10000
2025,3,13,17,2,17.19,58.2,971.23,302,2.67,10000
2025,3,13,18,5,16.11,61.8,971.62,320,2.63,10000
2025,3,13,19,8,16.07,61.4,971.92,341,2.61,10000
2025,3,13,20,7,16.62,57.2,971.83,7,2.19,10000
2025,3,13,21,6,15.49,57,971.69,27,1.88,10000
2025,3,13,22,2,14.17,57.9,971.9,38,1.74,10000
2025,3,13,23,0,13.69,59.1,972.15,49,1.48,10000
2025,3,13,24,0,13.18,60.3,972.19,53,1.41,10000
2025,3,14,1,0,12.78,63.4,971.76,53,1.54,10000
2025,3,14,2,0,12.22,65.4,972.06,53,1.69,10000
2025,3,14,3,0,11.41,67.6,971.84,55,2.05,10000
2025,3,14,4,0,11.18,69.2,972.2,56,2.32,10000
2025,3,14,5,0,11.62,65.3,972.31,56,2.67,10000
2025,3,14,6,0,14.88,55.4,972.97,53,2.83,10000
2025,3,14,7,0,18.32,50.3,973.24,45,1.91,10000
2025,3,14,8,0,21.33,39.7,973.21,19,1.49,10000
2025,3,14,9,0,23.3,33.7,972.99,344,1.68,10000
2025,3,14,10,0,25.05,29.3,972.46,328,1.74,10000
2025,3,14,11,0,26.08,25.7,971.88,321,1.9,10000
2025,3,14,12,0,26.79,24.1,970.89,309,1.75,10000
2025,3,14,13,0,27.14,22.7,970.6,300,1.75,10000
2025,3,14,14,0,27.2,22.9,970.07,290,2.01,10000
2025,3,14,15,0,26.04,25.8,970.24,279,2.12,10000
2025,3,14,16,4,21.27,43.5,970.06,281,2.51,10000
2025,3,14,17,8,17.86,50.6,970.11,293,2.55,10000
2025,3,14,18,9,16.56,56.6,970.5,310,2.68,10000
2025,3,14,19,10,16.29,55.3,970.63,328,2.67,10000
2025,3,14,20,10,16.57,52.2,970.73,347,2.51,10000
2025,3,14,21,10,16.8,51.2,970.95,7,2.21,10000
2025,3,14,22,10,16.26,50.7,971.03,25,1.83,10000
2025,3,14,23,10,15.47,53.3,971.2,45,1.55,10000
2025,3,14,24,10,14.43,55.8,970.88,55,1.72,10000
2025,3,15,1,10,14.06,58,970.79,59,1.97,10000
2025,3,15,2,10,12.74,62.1,970.49,59,2.24,10000
2025,3,15,3,10,12.18,62,970.44,60,2.34,10000
2025,3,15,4,10,12.16,62.8,970.9,59,2.4,10000
2025,3,15,5,10,13.04,62,971.03,56,2.71,10000
2025,3,15,6,10,15.03,55.2,971.79,52,2.91,10000
2025,3,15,7,10,18.11,51.6,972.01,44,2.24,10000
2025,3,15,8,10,21.26,41.5,972.21,26,1.74,10000
2025,3,15,9,10,23.43,33.3,972.13,2,1.65,10000
2025,3,15,10,9,25.33,29.2,971.61,342,1.53,10000
2025,3,15,11,7,28.2,21.5,970.91,342,1.27,10000
2025,3,15,12,2,28.51,21.1,970.31,328,0.98,10000
2025,3,15,13,0,28.63,20.6,970.08,306,1.04,10000
2025,3,15,14,0,28.73,20.5,970.11,293,1.6,10000
2025,3,15,15,0,27.35,22.6,970.31,281,1.7,10000
2025,3,15,16,0,24.79,34.2,970.29,279,2.3,10000
2025,3,15,17,0,21.79,43.2,970.59,292,2.51,10000
2025,3,15,18,0,20.09,44.5,971.27,319,2.69,10000
2025,3,15,19,0,20.82,39.4,971.61,349,2.52,10000
2025,3,15,20,0,20.4,39.8,971.94,15,2.19,10000
2025,3,15,21,0,18.29,43.9,972.13,39,1.66,10000
2025,3,15,22,0,17.96,42.3,971.93,55,1.66,10000
2025,3,15,23,0,15.62,50.8,972.14,59,1.79,10000
2025,3,15,24,0,15.12,54.4,971.62,57,2.14,10000
2025,3,16,1,0,15.52,53,971.19,56,2.61,10000
2025,3,16,2,0,15.11,52.2,971.2,58,2.97,10000
2025,3,16,3,0,14.37,52.1,971.16,58,3.21,10000
2025,3,16,4,0,14.55,50.2,971.49,56,3.41,10000
2025,3,16,5,0,15.75,43.7,971.73,56,3.81,10000
2025,3,16,6,0,19.92,35.2,972.16,54,3.87,10000
2025,3,16,7,0,21.61,34.6,972.53,50,3.05,10000
2025,3,16,8,0,23.11,32,972.3,48,2.7,10000
2025,3,16,9,0,27.92,22.2,972.32,54,2.39,10000
2025,3,16,10,0,28.47,20.5,971.83,77,1.51,10000
2025,3,16,11,0,30.13,15,971.01,81,0.33,10000
2025,3,16,12,0,30.23,14.7,970.28,252,0.37,10000
2025,3,16,13,0,30.45,15,969.68,256,0.74,10000
2025,3,16,14,0,30.51,14.1,969.47,247,1.04,10000
2025,3,16,15,0,28.68,19.1,969.35,233,1.41,10000
2025,3,16,16,0,25.49,32.8,969.58,221,2.17,10000
2025,3,16,17,0,23.1,37.2,969.5,206,2.22,10000
2025,3,16,18,0,19.63,47.3,970.38,188,2.12,10000
2025,3,16,19,0,19.37,51.3,970.43,169,1.98,10000
2025,3,16,20,0,19.52,53.6,970.85,153,1.89,10000
2025,3,16,21,0,17.5,59.2,971.01,132,1.98,10000
2025,3,16,22,0,17.32,61.2,971.18,120,2.52,10000
2025,3,16,23,0,16.68,60.9,971.28,120,2.84,10000
2025,3,16,24,0,16.44,63.1,971.06,114,2.78,10000
2025,3,17,1,0,16.7,66.4,970.61,108,2.79,10000
2025,3,17,2,0,16.7,67.1,970.34,103,2.81,10000
2025,3,17,3,1,15.28,72.3,970.41,97,2.73,10000
2025,3,17,4,1,15.07,72.1,970.31,91,2.73,10000
2025,3,17,5,1,15.59,68.2,970.55,88,2.94,10000
2025,3,17,6,1,20.19,52.7,970.73,96,2.89,10000
2025,3,17,7,2,20.93,49.5,970.77,125,2.35,10000
2025,3,17,8,3,21.57,46.7,970.42,162,2.57,10000
2025,3,17,9,2,26.15,34.6,970.29,182,2.51,10000
2025,3,17,10,1,26.76,30.5,969.74,203,2.45,10000
2025,3,17,11,5,29.02,21.3,968.72,235,1.89,10000
2025,3,17,12,5,29.24,19.1,967.82,244,2.51,10000
2025,3,17,13,8,29.42,18.2,967.28,245,2.95,10000
2025,3,17,14,8,29.26,18.7,967.24,239,3.16,10000
2025,3,17,15,9,27.46,19.6,967.04,229,3.01,10000
2025,3,17,16,8,26.74,22.5,967.01,217,2.35,10000
2025,3,17,17,9,24.69,29.9,967.14,208,2.47,10000
2025,3,17,18,9,20.84,42.8,967.79,200,2.51,10000
2025,3,17,19,10,20.24,47.9,968.13,190,2.49,10000
2025,3,17,20,10,19.97,49.2,968.19,174,2.17,10000
2025,3,17,21,9,17.99,54.4,968.23,157,1.75,10000
2025,3,17,22,8,18,53.2,968.33,138,1.56,10000
2025,3,17,23,8,17.47,55.1,968.76,130,1.83,10000
2025,3,17,24,9,16.42,57.5,968.49,119,2.16,10000
2025,3,18,1,10,17.08,54.4,967.92,109,2.38,10000
2025,3,18,2,10,17.03,53.3,967.8,105,2.69,10000
2025,3,18,3,9,16.32,54.9,967.53,103,2.79,10000
2025,3,18,4,10,16.39,54.1,967.82,102,2.8,10000
2025,3,18,5,10,16.73,52.5,967.71,104,3.23,10000
2025,3,18,6,10,20.65,43.6,967.95,110,3.35,10000
2025,3,18,7,9,22.03,39.4,968.31,128,3.05,10000
2025,3,18,8,6,23.19,34.1,968.12,152,3.8,10000
2025,3,18,9,2,27.32,22.8,968.11,168,4.57,10000
2025,3,18,10,0,28.19,19.1,967.49,181,5.31,10000
2025,3,18,11,4,27.93,18.9,966.44,188,5.38,10000
2025,3,18,12,8,27.92,18.7,965.78,189,5.59,10000
2025,3,18,13,10,27.76,19.2,965.88,196,5.95,10000
2025,3,18,14,10,27.3,20.1,965.28,185,5.39,10000
2025,3,18,15,10,25.84,21.6,965.6,177,4.83,10000
2025,3,18,16,10,25.95,20.5,965.44,176,4.11,10000
2025,3,18,17,10,25.64,22,965.79,165,3.45,10000
2025,3,18,18,9,23.13,28.8,966.27,138,3.21,10000
2025,3,18,19,10,23.01,29.5,965.97,122,3.56,10000
2025,3,18,20,8,22.74,31.2,966.01,116,3.96,10000
2025,3,18,21,9,21.62,34.3,965.68,112,4.27,10000
2025,3,18,22,10,21.86,33.4,965.49,110,4.55,10000
2025,3,18,23,2,20.46,35.9,965.16,118,4.49,10000
2025,3,18,24,2,20.07,36,964.88,134,4.44,10000
2025,3,19,1,5,20,36.7,964.73,141,4.51,10000
2025,3,19,2,5,19.96,37.3,964.18,135,4.78,10000
2025,3,19,3,4,19.9,36.9,964.28,129,5.21,10000
2025,3,19,4,4,20.32,35.3,964.32,134,5.34,10000
2025,3,19,5,8,21.15,32.2,964.53,140,5.63,10000
2025,3,19,6,9,22.75,28.8,965.1,144,5.7,10000
2025,3,19,7,10,23.41,29,964.85,150,7.33,10000
2025,3,19,8,10,23.81,30.6,964.55,156,9.03,10000
2025,3,19,9,10,26.41,27.5,964.15,163,9.55,10000
2025,3,19,10,9,26.32,28.6,963.69,173,9.52,10000
2025,3,19,11,8,27.47,27.5,962.43,179,8.95,10000
2025,3,19,12,7,27.77,27.5,961.81,184,8.56,10000
2025,3,19,13,5,27.65,27.5,961.53,187,8.34,10000
2025,3,19,14,5,27.69,25.9,961.11,194,8.04,10000
2025,3,19,15,2,26.63,24.1,961.16,201,6.9,10000
2025,3,19,16,0,26.53,20.8,961.27,212,4.8,10000
2025,3,19,17,0,25.76,21.6,961.35,223,3.38,10000
2025,3,19,18,1,22.47,27.4,962.05,226,2.74,10000
2025,3,19,19,0,21.51,28.9,962.16,209,1.67,10000
2025,3,19,20,0,20.63,30.6,962.98,172,1.51,10000
2025,3,19,21,0,19.67,32.7,963.13,140,1.3,10000
2025,3,19,22,0,18.11,36.7,963.13,116,1.4,10000
2025,3,19,23,0,18.46,33.9,961.7,124,1.9,10000
2025,3,19,24,0,18.47,35.2,961.39,100,2.09,10000
2025,3,20,1,1,18.44,34.5,960.82,96,2.35,10000
2025,3,20,2,3,18.29,34.3,961.15,118,2.97,10000
2025,3,20,3,6,18.78,31.4,961.26,147,4.7,10000
2025,3,20,4,8,19.76,31.4,962.12,168,5.98,10000
2025,3,20,5,9,20.35,31.9,962.82,176,5.19,10000
2025,3,20,6,9,20.08,37.5,964.03,190,4.29,10000
2025,3,20,7,10,19.03,41.4,964.83,201,3.25,10000
2025,3,20,8,9,18.48,43.7,965.29,188,3.07,10000
2025,3,20,9,9,20.01,40.5,966,177,4.03,10000
2025,3,20,10,8,19.65,41.5,965.36,174,4.76,10000
2025,3,20,11,6,20.28,38.9,964.81,177,4.36,10000
2025,3,20,12,2,21.07,35.7,964.15,182,4.18,10000
2025,3,20,13,1,21.66,32.6,963.42,196,4.71,10000
2025,3,20,14,0,21.63,29.8,963.34,205,4.99,10000
2025,3,20,15,0,20.66,28.2,963.41,212,4.94,10000
2025,3,20,16,0,20.42,25.2,964.03,216,4.25,10000
2025,3,20,17,0,20.08,21.4,964.51,211,3.35,10000
2025,3,20,18,0,17.28,26.8,965.62,196,2.85,10000
2025,3,20,19,0,16.47,29.1,966.5,185,2.75,10000
2025,3,20,20,0,15.95,30.7,967.05,175,2.5,10000
2025,3,20,21,0,14.7,34.3,967.14,155,2.13,10000
2025,3,20,22,0,14.45,36,967.34,124,2.17,10000
2025,3,20,23,0,13.6,37.2,966.34,109,2.41,10000
2025,3,20,24,1,13.68,37.4,966.48,106,2.87,10000
2025,3,21,1,2,13.8,37.1,965.96,109,3.24,10000
2025,3,21,2,2,13.82,37.1,966.09,111,3.33,10000
2025,3,21,3,3,13.33,40.3,966.38,119,2.43,10000
2025,3,21,4,4,13.19,43.1,966.7,149,1.47,10000
2025,3,21,5,5,13.38,44.9,967.72,193,1.36,10000
2025,3,21,6,5,14.42,48.8,968.65,225,1.06,10000
2025,3,21,7,6,14.61,53.7,969.12,258,0.86,10000
2025,3,21,8,7,14.86,55.6,969.46,226,1.19,10000
2025,3,21,9,7,16.55,50.9,969.51,211,1.65,10000
2025,3,21,10,7,16.36,51.6,969.11,211,1.74,10000
2025,3,21,11,5,16.79,48.9,967.86,197,2.05,10000
2025,3,21,12,5,17.43,46.2,967.36,195,2.42,10000
2025,3,21,13,6,17.59,44.6,967.02,191,3.1,10000
2025,3,21,14,6,17.68,44.2,967.06,189,3.42,10000
2025,3,21,15,4,16.76,43.5,967.04,191,3.49,10000
2025,3,21,16,2,16.59,41.2,967.21,197,3.08,10000
2025,3,21,17,1,16.42,38.6,967.73,209,2.73,10000
2025,3,21,18,1,13.96,40.2,968.77,232,2.66,10000
2025,3,21,19,1,13.6,38.2,969.1,256,2.31,10000
2025,3,21,20,0,12.83,38,969.51,289,1.88,10000
2025,3,21,21,1,12.16,38,969.33,315,1.85,10000
2025,3,21,22,3,12.11,35.2,969.73,334,1.79,10000
2025,3,21,23,2,9.61,47.6,969.23,341,2.07,10000
2025,3,21,24,1,9.92,46,969.06,339,1.66,10000
2025,3,22,1,0,9.27,47.7,969.12,311,1.52,10000
2025,3,22,2,0,8.87,48.1,968.82,309,1.6,10000
2025,3,22,3,0,7.64,50.9,969.16,321,2.16,10000
2025,3,22,4,0,7.51,52.9,969.17,336,2.32,10000
2025,3,22,5,0,8.48,51.6,969.85,349,1.8,10000
2025,3,22,6,0,13.52,36.9,970.54,325,2,10000
2025,3,22,7,0,14.53,31,971.14,304,3.29,10000
2025,3,22,8,0,14.49,35.9,971.43,287,3.65,10000
2025,3,22,9,0,16.82,27.1,971.35,274,3.51,10000
2025,3,22,10,0,17.45,25.2,971.36,261,3.41,10000
2025,3,22,11,2,17.43,24.6,971.09,253,2.85,10000
2025,3,22,12,0,17.58,24.2,971.01,255,3.34,10000
2025,3,22,13,0,17.6,23.8,970.54,259,3.65,10000
2025,3,22,14,0,17.55,23.2,970.68,264,3.79,10000
2025,3,22,15,0,16.36,25.2,970.56,270,3.95,10000
2025,3,22,16,0,15.82,24.2,970.62,274,3.59,10000
2025,3,22,17,0,15.06,24.5,971.25,274,3,10000
2025,3,22,18,0,12.27,31.8,972.31,275,2.74,10000
2025,3,22,19,0,11.8,32.9,972.46,272,2.37,10000
2025,3,22,20,0,11.06,35.3,973.03,268,2.13,10000
2025,3,22,21,0,9.39,39.2,972.95,264,2.13,10000
2025,3,22,22,0,9.4,37.3,973.4,266,2.55,10000
2025,3,22,23,0,8.89,37.5,973.33,292,2.27,10000
2025,3,22,24,0,9.74,32.5,973.53,327,1.77,10000
2025,3,23,1,0,9.85,31.6,973.36,7,1.46,10000
2025,3,23,2,0,9.05,35.2,973.59,24,1.31,10000
2025,3,23,3,0,6.7,45.7,973.83,46,1.1,10000
2025,3,23,4,0,6.58,44.9,974.3,66,0.89,10000
2025,3,23,5,0,7.02,45.2,974.59,77,0.95,10000
2025,3,23,6,0,12.54,35.2,975.5,42,0.25,10000
2025,3,23,7,0,13.69,35.2,975.61,282,1.8,10000
2025,3,23,8,0,14.01,35.5,975.84,286,3.06,10000
2025,3,23,9,0,16.71,28.3,975.92,280,3.36,10000
2025,3,23,10,0,16.97,28.4,975.48,276,3.57,10000
2025,3,23,11,0,17.88,25.7,975.32,287,3.99,10000
2025,3,23,12,0,18.14,25.6,975,289,4.1,10000
2025,3,23,13,0,18.18,25.1,974.41,290,4.16,10000
2025,3,23,14,0,18.21,24,974.48,288,4.19,10000
2025,3,23,15,0,17.46,24.5,974.35,287,4.05,10000
2025,3,23,16,0,17.18,22.2,974.24,277,3.05,10000
2025,3,23,17,0,15.83,26.9,974.5,263,2.55,10000
2025,3,23,18,0,12.94,36.3,975.04,259,2.44,10000
2025,3,23,19,0,13.47,32.4,975.39,259,2.27,10000
2025,3,23,20,0,14.22,28.2,975.39,264,2.44,10000
2025,3,23,21,0,11.94,36.2,975.67,269,2.52,10000
2025,3,23,22,0,10.76,39.8,975.6,274,2.11,10000
2025,3,23,23,0,10.55,32.8,975.81,301,1.29,10000
2025,3,23,24,0,10.3,35.2,975.71,349,1.15,10000
2025,3,24,1,0,9.33,38.8,975.46,27,1.43,10000
2025,3,24,2,0,8.18,42.7,975.28,44,1.31,10000
2025,3,24,3,0,6.28,48.9,975.73,41,1.13,10000
2025,3,24,4,0,6.61,48.9,976.49,40,1.11,10000
2025,3,24,5,0,7.04,48.7,976.61,43,1.7,10000
2025,3,24,6,0,12.41,37.2,977.02,39,1.21,10000
2025,3,24,7,0,13.85,32.7,977.21,352,1.09,10000
2025,3,24,8,0,14.16,31.8,977.37,311,1.47,10000
2025,3,24,9,0,17.5,24.2,977.44,297,1.63,10000
2025,3,24,10,0,17.96,23.6,976.52,300,1.43,10000
2025,3,24,11,0,19.58,19.7,976.01,308,1.14,10000
2025,3,24,12,0,19.88,18.8,975.67,299,1.52,10000
2025,3,24,13,0,20.25,18.3,975.22,299,2.17,10000
2025,3,24,14,0,20.39,17.8,975.17,304,2.37,10000
2025,3,24,15,0,19.72,19,974.81,304,2.41,10000
2025,3,24,16,0,19.76,15.7,974.94,288,2.09,10000
2025,3,24,17,0,18.08,18.3,974.81,276,2.5,10000
2025,3,24,18,0,14.96,24.5,975.52,281,2.8,10000
2025,3,24,19,0,14.75,23.9,975.98,297,2.55,10000
2025,3,24,20,0,14.16,25.1,975.99,324,2.41,10000
2025,3,24,21,0,12.87,27.4,975.9,357,2.22,10000
2025,3,24,22,0,12.25,28.1,975.8,21,2.07,10000
2025,3,24,23,0,11.27,30.3,975.86,49,2.09,10000
2025,3,24,24,0,11.23,30.6,975.4,51,2.07,10000
2025,3,25,1,0,10.68,32.2,975.39,56,1.95,10000
2025,3,25,2,0,9.99,34.1,974.87,60,1.89,10000
2025,3,25,3,0,8.88,38.9,975.07,64,1.97,10000
2025,3,25,4,0,9.04,39.6,975.39,66,2.25,10000
2025,3,25,5,0,9.95,38.8,975.22,68,2.92,10000
2025,3,25,6,0,15.94,26.4,975.29,69,2.23,10000
2025,3,25,7,0,17.82,23.3,975.62,61,1.23,10000
2025,3,25,8,0,18.03,24.1,975.8,29,0.76,10000
2025,3,25,9,0,21.29,19.1,975.28,358,0.5,10000
2025,3,25,10,0,21.98,17.9,974.51,322,0.47,10000
2025,3,25,11,0,23.62,14.2,973.65,313,1.41,10000
2025,3,25,12,0,24,13.1,973.37,309,2.01,10000
2025,3,25,13,1,24.19,12.5,972.45,307,2.06,10000
2025,3,25,14,1,24.32,11.8,971.93,303,1.88,10000
2025,3,25,15,0,23.24,11.9,971.71,291,1.75,10000
2025,3,25,16,2,23.33,6.9,971.86,280,1.76,10000
2025,3,25,17,7,21.24,11.1,971.92,274,2.06,10000
2025,3,25,18,7,20.28,11,972.26,272,2.18,10000
2025,3,25,19,2,17.38,15.9,972.5,284,2.68,10000
2025,3,25,20,0,16.97,14.8,972.89,304,2.66,10000
2025,3,25,21,0,16.24,15.8,972.26,339,2.77,10000
2025,3,25,22,2,15.71,16.5,971.6,23,1.94,10000
2025,3,25,23,0,13.6,23.1,971.4,46,1.89,10000
2025,3,25,24,5,12.72,25.8,971.58,49,2.01,10000
2025,3,26,1,6,12.21,26.3,971,60,1.92,10000
2025,3,26,2,6,11.67,28.3,970.5,65,1.87,10000
2025,3,26,3,1,11.6,29.8,970.72,62,2.1,10000
2025,3,26,4,0,11.04,31.9,970.55,66,2.52,10000
2025,3,26,5,0,12.89,30.6,970.35,72,3.4,10000
2025,3,26,6,0,16.11,25.4,970.25,75,2.22,10000
2025,3,26,7,0,19.51,20.7,971.23,34,0.25,10000
2025,3,26,8,0,21.83,17.6,971.24,275,1.08,10000
2025,3,26,9,0,23.21,15.8,971.12,293,1.37,10000
2025,3,26,10,0,24.35,14.3,970.48,293,1.26,10000
2025,3,26,11,5,24.85,13.5,969.93,302,1.89,10000
2025,3,26,12,7,25.52,12.3,969.02,298,1.8,10000
2025,3,26,13,8,25.47,13.8,968.15,297,1.68,10000
2025,3,26,14,8,25.39,13,967.83,286,1.89,10000
2025,3,26,15,5,24.84,11.7,967.59,275,2.09,10000
2025,3,26,16,5,23.66,13.5,967.72,267,2.03,10000
2025,3,26,17,6,20.54,20.1,967.62,259,2.24,10000
2025,3,26,18,7,19.08,22.7,968.2,261,2.15,10000
2025,3,26,19,9,18.81,23.5,968.39,263,2.44,10000
2025,3,26,20,7,20.63,20.9,968.64,270,2.4,10000
2025,3,26,21,2,20.19,21.2,968.63,317,1.05,10000
2025,3,26,22,0,17.46,25.8,968.83,68,0.6,10000
2025,3,26,23,0,15.38,31.1,968.83,74,0.92,10000
2025,3,26,24,0,14.31,32.8,968.57,75,1.24,10000
2025,3,27,1,0,13.73,32.8,968.44,75,1.29,10000
2025,3,27,2,0,13.03,35.2,968.25,75,1.51,10000
2025,3,27,3,3,12.16,37.6,968.36,74,1.68,10000
2025,3,27,4,4,12.22,38.1,968.75,71,1.82,10000
2025,3,27,5,3,13.09,38.3,968.93,75,2.71,10000
2025,3,27,6,2,19.1,27.7,969.02,86,2.37,10000
2025,3,27,7,4,20.57,29.7,969.27,116,1.63,10000
2025,3,27,8,9,21.22,30,969.2,165,0.96,10000
2025,3,27,9,9,24.92,22.4,969.19,218,1.31,10000
2025,3,27,10,9,25.49,20.5,968.62,234,1.72,10000
2025,3,27,11,8,27.12,17.4,968.42,264,2.01,10000
2025,3,27,12,8,27.42,17.8,968.06,262,2.65,10000
2025,3,27,13,8,27.39,17.9,967.39,258,2.84,10000
2025,3,27,14,6,27.33,18.1,966.97,252,2.91,10000
2025,3,27,15,4,26.02,19.9,966.69,248,2.9,10000
2025,3,27,16,5,25.27,18.7,967.15,238,2.27,10000
2025,3,27,17,7,23.46,22.5,967.12,216,2.26,10000
2025,3,27,18,9,21.46,28,967.96,196,2.37,10000
2025,3,27,19,10,19.82,33,968.04,186,2.67,10000
2025,3,27,20,10,19.76,33.9,968.48,179,2.58,10000
2025,3,27,21,10,18.6,38.3,968.64,169,2.15,10000
2025,3,27,22,9,18.25,40.7,968.85,151,1.8,10000
2025,3,27,23,10,16.96,44.5,969.11,143,1.64,10000
2025,3,27,24,10,15.91,47.5,969.17,123,1.47,10000
2025,3,28,1,9,15.17,49.2,968.75,100,1.81,10000
2025,3,28,2,9,15.2,49.4,968.68,93,2.14,10000
2025,3,28,3,8,15.09,49.3,968.73,90,2.45,10000
2025,3,28,4,6,15.89,46.9,969.11,88,2.47,10000
2025,3,28,5,3,16.68,45.3,969.6,88,2.89,10000
2025,3,28,6,3,21.58,34.4,969.77,99,2.17,10000
2025,3,28,7,2,22.39,34.1,970.21,140,1.85,10000
2025,3,28,8,0,22.94,32.9,970,182,1.85,10000
2025,3,28,9,0,26.6,24.3,969.75,209,2.02,10000
2025,3,28,10,0,27.09,22.9,969.27,228,2.28,10000
2025,3,28,11,0,28.4,22.8,968.55,244,2.41,10000
2025,3,28,12,0,28.6,21.8,967.87,251,2.49,10000
2025,3,28,13,1,28.44,22.2,967.31,254,2.51,10000
2025,3,28,14,6,28.47,21.7,966.94,258,2.44,10000
2025,3,28,15,8,27.55,21.6,966.68,252,2.13,10000
2025,3,28,16,2,27.49,17.9,966.62,231,1.93,10000
2025,3,28,17,1,25.99,21.4,966.3,211,2.08,10000
2025,3,28,18,0,22.66,29.1,967.06,200,2.48,10000
2025,3,28,19,0,22.2,29.8,967.34,193,2.62,10000
2025,3,28,20,0,21.9,29.7,967.64,177,2.24,10000
2025,3,28,21,0,20.14,32.9,967.53,150,1.86,10000
2025,3,28,22,0,19.63,34.2,967.61,124,2.02,10000
2025,3,28,23,0,17.49,40.2,967.63,110,2.15,10000
2025,3,28,24,2,17.57,39.8,967.68,95,2.36,10000
2025,3,29,1,3,17.57,39.3,967.52,89,2.63,10000
2025,3,29,2,3,17.38,40,967.3,86,2.86,10000
2025,3,29,3,4,16.34,42.9,967.44,86,2.99,10000
2025,3,29,4,5,16.68,43.3,967.81,85,2.97,10000
2025,3,29,5,7,17.37,43.4,967.85,85,3.34,10000
2025,3,29,6,5,22.35,34.8,968.63,93,2.68,10000
2025,3,29,7,3,23.62,33.1,968.76,122,2.55,10000
2025,3,29,8,2,24.35,32.4,968.79,155,3.11,10000
2025,3,29,9,5,27.92,23.5,968.66,169,3.45,10000
2025,3,29,10,9,28.16,22.5,968.06,180,3.84,10000
2025,3,29,11,8,28.87,20.8,967.52,182,3.54,10000
2025,3,29,12,6,28.89,21.1,966.82,191,3.5,10000
2025,3,29,13,5,29.38,21,966.07,189,3.16,10000
2025,3,29,14,3,29.34,20.4,965.64,187,3.24,10000
2025,3,29,15,3,27.84,21.5,965.46,185,3.4,10000
2025,3,29,16,1,27.61,20.2,965.19,182,2.62,10000
2025,3,29,17,1,26.19,23.8,965.14,170,2.23,10000
2025,3,29,18,0,23.18,29.9,965.69,153,2.09,10000
2025,3,29,19,0,22.87,30.8,966.03,133,2.03,10000
2025,3,29,20,0,22.41,31.3,966.17,114,2.25,10000
2025,3,29,21,0,20.66,34.8,966.25,105,2.67,10000
2025,3,29,22,1,20.7,34.5,966.39,102,3.12,10000
2025,3,29,23,1,19.11,38.3,966.55,98,3.08,10000
2025,3,29,24,1,19.2,37.9,966.12,103,3.3,10000
2025,3,30,1,1,19.2,37,965.55,104,3.47,10000
2025,3,30,2,9,19.19,36.4,965.44,101,3.51,10000
2025,3,30,3,10,18.58,36.5,965.36,98,3.5,10000
2025,3,30,4,10,18.39,36.4,965.94,97,3.4,10000
2025,3,30,5,10,19.24,36.4,966.17,100,3.82,10000
2025,3,30,6,10,22.55,31,966.66,110,3.73,10000
2025,3,30,7,10,24.45,28.2,966.55,128,4.6,10000
2025,3,30,8,10,25.37,26.4,966.25,137,6.02,10000
2025,3,30,9,10,27.76,21.9,965.82,144,6.72,10000
2025,3,30,10,10,27.99,21.4,965.25,151,7.52,10000
2025,3,30,11,10,28.86,20.2,964.05,147,7.25,10000
2025,3,30,12,9,28.24,21.9,963.32,147,7.63,10000
2025,3,30,13,5,28.01,20.6,962.52,149,7.57,10000
2025,3,30,14,6,28.51,18.9,961.85,155,7.44,10000
2025,3,30,15,8,27.41,19.3,962.12,162,7.04,10000
2025,3,30,16,10,27.25,16.9,962.52,171,6.22,10000
2025,3,30,17,10,26.56,18.5,963.53,172,6.31,10000
2025,3,30,18,10,24.6,25.1,963.84,154,5.63,10000
2025,3,30,19,9,24.42,25.1,964.61,150,4.77,10000
2025,3,30,20,10,24.74,23.8,965.04,164,5.23,10000
2025,3,30,21,10,23.68,30.5,965.74,166,6.07,10000
2025,3,30,22,10,24.01,24.4,965.89,168,5.17,10000
2025,3,30,23,8,20.82,37.7,965.25,163,7,10000
2025,3,30,24,6,20.62,39,964.96,163,5.63,10000
2025,3,31,1,7,20.26,42.3,965.33,170,5.27,10000
2025,3,31,2,8,20.17,42.9,965.84,157,4.36,10000
2025,3,31,3,8,18.94,47.3,965.77,150,4.56,10000
2025,3,31,4,7,18.46,50.3,966.51,157,4.56,10000
2025,3,31,5,9,18.19,53.3,967.21,158,4.59,10000
2025,3,31,6,7,19.17,53.7,967.98,161,5.44,10000
2025,3,31,7,7,20.13,53,968.78,169,5.3,10000
2025,3,31,8,6,20.67,51.3,969.29,175,5.29,10000
2025,3,31,9,8,23.85,40.9,969.17,182,5.04,10000
2025,3,31,10,7,23.64,41.5,969.31,198,4.66,10000
2025,3,31,11,6,23.77,45.8,968.84,198,3.73,10000
2025,3,31,12,2,25.07,42.1,968.17,197,2.89,10000
2025,3,31,13,1,25.97,39.2,967.69,203,2.66,10000
2025,3,31,14,1,26.13,36.9,967.17,219,2.73,10000
2025,3,31,15,1,25.43,36.1,967.61,236,2.7,10000
2025,3,31,16,1,25,31.9,967.44,264,2.27,10000
2025,3,31,17,4,24.34,33,967.67,290,2.56,10000
2025,3,31,18,8,23.63,33.6,968.49,316,2.81,10000
2025,3,31,19,9,20.04,41.3,968.7,336,2.7,10000
2025,3,31,20,9,19.18,44.4,969.06,349,2.52,10000
2025,3,31,21,8,19.19,45.7,969.23,352,2.38,10000
2025,3,31,22,9,18.92,47.7,969.63,356,2.21,10000
2025,3,31,23,7,17.95,55.4,969.04,355,2.16,10000
2025,3,31,24,1,17.04,58.9,968.95,358,2.02,10000
2025,4,1,1,0,16.8500003814697,55.5,977.070007324219,356,2.25,10000
2025,4,1,2,0,16.3899993896484,59.4000015258789,976.77001953125,5,2.27999997138977,10000
2025,4,1,3,0,16.0900001525879,63.7000007629395,976.580017089844,16,2.41000008583069,10000
2025,4,1,4,0,15.960000038147,67.6999969482422,976.690002441406,28,2.64000010490418,10000
2025,4,1,5,0,16.6499996185303,67.0999984741211,976.719970703125,37,3.07999992370606,10000
2025,4,1,6,0,21.4799995422363,54,976.880004882813,40,2.38000011444092,10000
2025,4,1,7,0,23.4500007629395,49.5,976.960021972656,39,1.77999997138977,10000
2025,4,1,8,0,24.4099998474121,45.0999984741211,977.369995117188,83,0.600000023841858,10000
2025,4,1,9,0,28.6399993896484,31.5,977.039978027344,195,1.12999999523163,10000
2025,4,1,10,0,29.3999996185303,26.5,976.359985351563,215,2.19000005722046,10000
2025,4,1,11,1,31.1200008392334,20.2999992370606,975.760009765625,212,2.99000000953674,10000
2025,4,1,12,0,31.420000076294,19.5,974.840026855469,210,2.8199999332428,10000
2025,4,1,13,0,31.5900001525879,19,974.469970703125,218,2.92000007629395,10000
2025,4,1,14,0,31.7299995422363,19.2000007629395,974.429992675781,232,2.94000005722046,10000
2025,4,1,15,2,30.1000003814697,20.7000007629395,974.549987792969,247,3.14000010490418,10000
2025,4,1,16,7,30.0499992370606,16.7999992370606,974.700012207031,264,2.84999990463257,10000
2025,4,1,17,9,28.2299995422363,22.1000003814697,974.47998046875,282,1.77999997138977,10000
2025,4,1,18,9,24.8299999237061,30.5,974.700012207031,304,1.83000004291534,10000
2025,4,1,19,10,24.5400009155273,32.7999992370606,974.679992675781,347,1.25999999046326,10000
2025,4,1,20,10,24.6499996185303,30.7000007629395,974.710021972656,40,0.910000026226044,10000
2025,4,1,21,9,23.2299995422363,34.4000015258789,974.590026855469,65,1.05999994277954,10000
2025,4,1,22,9,22.920000076294,34.5,974.299987792969,75,2.27999997138977,10000
2025,4,1,23,8,22.3099994659424,38.7000007629395,974.039978027344,83,2.16000008583069,10000
2025,4,1,24,9,22.4500007629395,39.0999984741211,974.27001953125,97,2.38000011444092,10000
2025,4,2,1,7,22.9500007629395,37.9000015258789,973.280029296875,102,2.96000003814697,10000
2025,4,2,2,9,22.7000007629395,38.7999992370606,972.669982910156,106,3.26999998092651,10000
2025,4,2,3,9,22.8500003814697,38.5,972.419982910156,98,3.11999988555908,10000
2025,4,2,4,9,22.6599998474121,39.4000015258789,972.489990234375,82,3.44000005722046,10000
2025,4,2,5,8,23.2399997711182,36.7000007629395,972.840026855469,83,3.85999989509583,10000
2025,4,2,6,9,24.5699996948242,36.5,973.22998046875,94,3.11999988555908,10000
2025,4,2,7,10,25.4799995422363,35.0999984741211,973.719970703125,121,2.55999994277954,10000
2025,4,2,8,9,25.6800003051758,34.9000015258789,973.609985351563,139,3.38000011444092,10000
2025,4,2,9,6,27.4699993133545,30.3999996185303,972.419982910156,128,4.86999988555908,10000
2025,4,2,10,6,27.7900009155273,30.8999996185303,970.969970703125,119,6.19999980926514,10000
2025,4,2,11,5,30.9599990844727,28.7999992370606,970.140014648438,132,5.80999994277954,10000
2025,4,2,12,5,30.9400005340576,30,969.080017089844,155,6.98000001907349,10000
2025,4,2,13,2,30.6200008392334,31.1000003814697,968.010009765625,176,8.34000015258789,10000
2025,4,2,14,6,31.9300003051758,27.6000003814697,967.969970703125,198,7.38000011444092,10000
2025,4,2,15,0,31.3099994659424,27,967.559997558594,206,6.17000007629395,10000
2025,4,2,16,0,31.2000007629395,24.2999992370606,967.799987792969,224,6.09999990463257,10000
2025,4,2,17,0,30.6299991607666,26.8999996185303,968.530029296875,234,5.84000015258789,10000
2025,4,2,18,0,27.2800006866455,32.2000007629395,969.789978027344,253,6.19999980926514,10000
2025,4,2,19,1,26.6299991607666,34.2000007629395,971.429992675781,278,7.46000003814697,10000
2025,4,2,20,0,25.1000003814697,35.7000007629395,972.97998046875,284,6.3899998664856,10000
2025,4,2,21,0,22.2299995422363,39.5,973.900024414063,287,5.36999988555908,10000
2025,4,2,22,0,21.6200008392334,39.0999984741211,974.690002441406,294,4.73999977111816,10000
2025,4,2,23,0,18.9500007629395,45.7999992370606,974.950012207031,297,4.11999988555908,10000
2025,4,2,24,0,18.5699996948242,48.7000007629395,975.340026855469,299,3.73000001907349,10000
2025,4,3,1,0,18.1000003814697,51.9000015258789,975.179992675781,308,3.13000011444092,10000
2025,4,3,2,0,18.0400009155273,53.9000015258789,975.299987792969,327,2.92000007629395,10000
2025,4,3,3,0,17.8899993896484,54.2000007629395,975.25,350,2.75999999046326,10000
2025,4,3,4,0,17.0900001525879,56.5999984741211,975.700012207031,15,2.07999992370606,10000
2025,4,3,5,0,17.8700008392334,54.2000007629395,976.22998046875,43,1.86000001430512,10000
2025,4,3,6,0,19.9400005340576,48.9000015258789,976.679992675781,41,0.879999995231628,10000
2025,4,3,7,0,22.1100006103516,37.7000007629395,977.109985351563,309,0.649999976158142,10000
2025,4,3,8,0,23.8400001525879,31.1000003814697,977.059997558594,293,1.85000002384186,10000
2025,4,3,9,0,24.9400005340576,26.7000007629395,976.460021972656,293,2.73000001907349,10000
2025,4,3,10,4,26.2700004577637,24.2999992370606,975.950012207031,289,3.34999990463257,10000
2025,4,3,11,2,26.9400005340576,22.2999992370606,975.049987792969,300,4.11999988555908,10000
2025,4,3,12,0,26.9099998474121,20.8999996185303,974.789978027344,290,4.30000019073486,10000
2025,4,3,13,4,26.8799991607666,21.1000003814697,974.349975585938,289,4.28000020980835,10000
2025,4,3,14,8,26.7800006866455,20.8999996185303,974.02001953125,290,3.92000007629395,10000
2025,4,3,15,9,25.3999996185303,21.2999992370606,973.820007324219,292,3.94000005722046,10000
2025,4,3,16,7,25.3500003814697,18.1000003814697,974.070007324219,301,4.09999990463257,10000
2025,4,3,17,2,24.6599998474121,21,974.429992675781,309,3.60999989509583,10000
2025,4,3,18,0,21.3500003814697,30.1000003814697,975.5,316,2.76999998092651,10000
2025,4,3,19,0,20.4300003051758,33.4000015258789,976.010009765625,326,2.26999998092651,10000
2025,4,3,20,0,19.8700008392334,35.0999984741211,976.289978027344,344,2.32999992370606,10000
2025,4,3,21,0,18.420000076294,37.5,976.280029296875,360,2.39000010490418,10000
2025,4,3,22,0,18.6100006103516,35.5,975.960021972656,13,2.48000001907349,10000
2025,4,3,23,0,17.2700004577637,38.7000007629395,975.700012207031,18,3.05999994277954,10000
2025,4,3,24,0,17.170000076294,39.4000015258789,975.090026855469,25,3.23000001907349,10000
2025,4,4,1,0,16.7900009155273,39.4000015258789,974.799987792969,32,3.17000007629395,10000
2025,4,4,2,0,16.420000076294,39.2999992370606,974.630004882813,37,3.08999991416931,10000
2025,4,4,3,0,15.5699996948242,41.2000007629395,974.530029296875,42,2.98000001907349,10000
2025,4,4,4,0,15.5900001525879,39.0999984741211,974.929992675781,49,2.95000004768372,10000
2025,4,4,5,0,16.1599998474121,37.9000015258789,975.179992675781,51,3.29999995231628,10000
2025,4,4,6,0,21.2299995422363,30.1000003814697,975.289978027344,46,2.5,10000
2025,4,4,7,0,23.1499996185303,25.8999996185303,975.340026855469,30,2.72000002861023,10000
2025,4,4,8,0,23.7199993133545,23.8999996185303,975.450012207031,14,2.50999999046326,10000
2025,4,4,9,0,26.6800003051758,18.8999996185303,975.210021972656,358,2.16000008583069,10000
2025,4,4,10,0,27.3199996948242,18.2999992370606,974.609985351563,336,2.16000008583069,10000
2025,4,4,11,1,29.2199993133545,14.5,973.400024414063,315,2.44000005722046,10000
2025,4,4,12,2,29.2099990844727,14.6999998092651,972.760009765625,308,2.25,10000
2025,4,4,13,1,29.170000076294,14.8000001907349,971.859985351563,307,2.10999989509583,10000
2025,4,4,14,0,29.3799991607666,14,971.549987792969,310,2.22000002861023,10000
2025,4,4,15,0,28.3500003814697,15.1000003814697,971.02001953125,312,2.22000002861023,10000
2025,4,4,16,0,28.0300006866455,11.3000001907349,970.989990234375,318,2.29999995231628,10000
2025,4,4,17,0,26.8199996948242,12.6999998092651,971.039978027344,334,2.25999999046326,10000
2025,4,4,18,0,24.1200008392334,18.2999992370606,971.539978027344,41,1.75999999046326,10000
2025,4,4,19,2,23.6200008392334,19.1000003814697,972.72998046875,112,3,10000
2025,4,4,20,3,23.6900005340576,27.5,972.72998046875,118,4.46000003814697,10000
2025,4,4,21,3,22.7299995422363,49.5,972.280029296875,103,3.4300000667572,10000
2025,4,4,22,8,22.5799999237061,60.5,971.440002441406,90,2.80999994277954,10000
2025,4,4,23,10,18.75,81.0999984741211,971.530029296875,101,2.82999992370606,10000
2025,4,4,24,9,18.6599998474121,85.3000030517578,971.659973144531,77,3.22000002861023,10000
2025,4,5,1,9,18.5200004577637,84.3000030517578,971.5,34,3.03999996185303,10000
2025,4,5,2,9,18.3299999237061,82.8000030517578,971.590026855469,51,3.4300000667572,10000
2025,4,5,3,9,18.7999992370606,80.3000030517578,971.179992675781,64,3.90000009536743,10000
2025,4,5,4,6,18.8600006103516,83.3000030517578,970.900024414063,65,4.26000022888184,10000
2025,4,5,5,6,18.3799991607666,86,971.059997558594,58,4.42999982833862,10000
2025,4,5,6,5,18.5400009155273,85.3000030517578,970.380004882813,53,4.78000020980835,10000
2025,4,5,7,4,18.4400005340576,83,970.590026855469,65,4.59000015258789,10000
2025,4,5,8,5,19.670000076294,77.5,970.169982910156,106,3.0699999332428,10000
2025,4,5,9,4,21.1000003814697,72.8000030517578,970.210021972656,190,2.8199999332428,10000
2025,4,5,10,4,22.3299999237061,69.8000030517578,969.419982910156,228,1.63999998569489,10000
2025,4,5,11,8,25.4099998474121,58.7999992370606,968.109985351563,206,2.35999989509583,10000
2025,4,5,12,4,25.0799999237061,60.5,967.919982910156,141,1.41999995708466,10000
2025,4,5,13,7,24.3700008392334,64.3000030517578,967.859985351563,208,3,10000
2025,4,5,14,2,24.6900005340576,64.6999969482422,967.219970703125,251,2.64000010490418,10000
2025,4,5,15,1,23.4899997711182,64.5999984741211,967.280029296875,297,1.45000004768372,10000
2025,4,5,16,3,22.5100002288818,70.9000015258789,967.820007324219,42,1.66999995708466,10000
2025,4,5,17,3,21.9899997711182,74.5,968.5,69,2.44000005722046,10000
2025,4,5,18,1,20.0499992370606,76.1999969482422,969.929992675781,100,1.37999999523163,10000
2025,4,5,19,0,19.9500007629395,72.9000015258789,971.309997558594,148,0.97000002861023,10000
2025,4,5,20,0,19.920000076294,70.9000015258789,972.409973144531,179,0.75,10000
2025,4,5,21,0,18.5,71.5999984741211,973.5,178,0.649999976158142,10000
2025,4,5,22,0,17.7700004577637,71.1999969482422,974.22998046875,183,1.33000004291534,10000
2025,4,5,23,0,15.6400003433228,73.9000015258789,974.890014648438,216,1.62000000476837,10000
2025,4,5,24,0,15.5,70.8000030517578,975.169982910156,220,1.67999994754791,10000
2025,4,6,1,0,16.2299995422363,61.5,975.340026855469,269,0.730000019073486,10000
2025,4,6,2,0,15.1099996566773,67.5999984741211,975.530029296875,38,1.11000001430512,10000
2025,4,6,3,0,14.0699996948242,70.0999984741211,975.960021972656,64,1.99000000953674,10000
2025,4,6,4,0,14.3999996185303,66.6999969482422,976.299987792969,67,2.85999989509583,10000
2025,4,6,5,0,15.3800001144409,63.9000015258789,976.830017089844,70,3.44000005722046,10000
2025,4,6,6,0,20.6499996185303,50.7999992370606,977.419982910156,79,2.76999998092651,10000
2025,4,6,7,0,22.25,41.0999984741211,977.97998046875,96,2.38000011444092,10000
2025,4,6,8,0,22.3199996948242,37.0999984741211,978.340026855469,122,1.37000000476837,10000
2025,4,6,9,0,25.2299995422363,29.8999996185303,978.530029296875,156,0.600000023841858,10000
2025,4,6,10,0,25.670000076294,29.6000003814697,978.030029296875,210,0.529999971389771,10000
2025,4,6,11,0,26.7800006866455,26.1000003814697,977.070007324219,256,0.209999993443489,10000
2025,4,6,12,0,26.8899993896484,25.1000003814697,976.460021972656,268,0.409999996423721,10000
2025,4,6,13,0,27,24.7999992370606,975.919982910156,255,0.709999978542328,10000
2025,4,6,14,0,27.1499996185303,24.3999996185303,976,246,0.949999988079071,10000
2025,4,6,15,0,26.1599998474121,27,975.929992675781,253,0.899999976158142,10000
2025,4,6,16,0,25.3700008392334,41.9000015258789,976.090026855469,270,0.949999988079071,10000
2025,4,6,17,0,23.3400001525879,44.9000015258789,976.460021972656,323,1.4099999666214,10000
2025,4,6,18,0,20.3899993896484,49.5999984741211,977.109985351563,32,1.39999997615814,10000
2025,4,6,19,0,20.6499996185303,46.5999984741211,978.070007324219,65,1.37999999523163,10000
2025,4,6,20,0,19.5799999237061,51.0999984741211,977.950012207031,74,1.75999999046326,10000
2025,4,6,21,0,18.5,52.0999984741211,978.169982910156,74,2.32999992370606,10000
2025,4,6,22,0,18.7600002288818,51.4000015258789,978.02001953125,70,2.66000008583069,10000
2025,4,6,23,0,16.8500003814697,57.4000015258789,977.289978027344,64,2.60999989509583,10000
2025,4,6,24,0,16.5799999237061,58.2999992370606,977.5,67,2.86999988555908,10000
2025,4,7,1,0,16.6200008392334,56.5,977.609985351563,73,3.0699999332428,10000
2025,4,7,2,0,16.920000076294,52.9000015258789,977.309997558594,79,3.27999997138977,10000
2025,4,7,3,0,16.8999996185303,50.7999992370606,977.289978027344,82,3.36999988555908,10000
2025,4,7,4,0,17.4400005340576,48.5999984741211,977.559997558594,83,3.48000001907349,10000
2025,4,7,5,0,17.6000003814697,50.2000007629395,977.830017089844,87,3.75,10000
2025,4,7,6,0,21.9799995422363,46.2999992370606,977.840026855469,92,3.47000002861023,10000
2025,4,7,7,0,23.3400001525879,43.7000007629395,978.039978027344,105,3.16000008583069,10000
2025,4,7,8,0,24.0900001525879,41.5,978,126,3.44000005722046,10000
2025,4,7,9,0,27.8799991607666,32.2000007629395,977.739990234375,142,3.27999997138977,10000
2025,4,7,10,0,28.0200004577637,32.0999984741211,977.330017089844,156,3.30999994277954,10000
2025,4,7,11,0,29.3500003814697,29,976.559997558594,166,3.09999990463257,10000
2025,4,7,12,0,29.5699996948242,27.7999992370606,975.97998046875,171,3.40000009536743,10000
2025,4,7,13,0,29.5599994659424,26.6000003814697,975.369995117188,177,3.64000010490418,10000
2025,4,7,14,0,29.3400001525879,26.7000007629395,975.280029296875,184,3.95000004768372,10000
2025,4,7,15,0,27.8199996948242,31.3999996185303,975.619995117188,179,3.15000009536743,10000
2025,4,7,16,0,26.7299995422363,35.0999984741211,975.659973144531,148,2.28999996185303,10000
2025,4,7,17,0,25.5400009155273,39.5,975.909973144531,121,2.75,10000
2025,4,7,18,0,22.7099990844727,47,976.679992675781,115,3.25,10000
2025,4,7,19,0,23.0699996948242,47.4000015258789,977.549987792969,125,3.9300000667572,10000
2025,4,7,20,0,23.0699996948242,48,978.200012207031,133,4.34000015258789,10000
2025,4,7,21,0,21.2900009155273,54.2000007629395,977.97998046875,127,4.40999984741211,10000
2025,4,7,22,0,21.1599998474121,53.7999992370606,977.679992675781,120,4.53000020980835,10000
2025,4,7,23,2,19.7900009155273,59.2999992370606,977.330017089844,126,4.51000022888184,10000
2025,4,7,24,0,20.1800003051758,56,976.849975585938,128,4.48000001907349,10000
2025,4,8,1,0,20.25,54.5,976.679992675781,129,4.30999994277954,10000
2025,4,8,2,0,20.1599998474121,54.2000007629395,976.929992675781,129,3.92000007629395,10000
2025,4,8,3,3,19.9099998474121,56.5999984741211,977.570007324219,128,3.76999998092651,10000
2025,4,8,4,9,20.1499996185303,54.9000015258789,978.070007324219,127,4.05999994277954,10000
2025,4,8,5,10,20.6900005340576,55.4000015258789,978.440002441406,130,4.71000003814697,10000
2025,4,8,6,10,23.8700008392334,50.0999984741211,978.72998046875,139,4.71999979019165,10000
2025,4,8,7,10,24.5900001525879,50,978.940002441406,151,5.21999979019165,10000
2025,4,8,8,10,24.6399993896484,51.2999992370606,979.070007324219,162,5.73000001907349,10000
2025,4,8,9,10,26.8500003814697,46.7999992370606,979.02001953125,174,5.76000022888184,10000
2025,4,8,10,10,26.9500007629395,46.9000015258789,978.510009765625,185,5.32999992370606,10000
2025,4,8,11,8,29.6499996185303,43,977.390014648438,197,4.3899998664856,10000
2025,4,8,12,1,30.4500007629395,38.2000007629395,977.010009765625,202,3.5699999332428,10000
2025,4,8,13,0,30.920000076294,34,976.390014648438,200,2.61999988555908,10000
2025,4,8,14,0,30.8799991607666,32.2000007629395,975.969970703125,207,1.78999996185303,10000
2025,4,8,15,2,29.4300003051758,37.2999992370606,975.909973144531,249,1,10000
2025,4,8,16,0,29.1900005340576,42.2999992370606,975.72998046875,17,1.5900000333786,10000
2025,4,8,17,2,27.4699993133545,46.7000007629395,976.210021972656,60,2.91000008583069,10000
2025,4,8,18,3,24.0499992370606,56.2999992370606,976.580017089844,66,3.79999995231628,10000
2025,4,8,19,8,23.4699993133545,56.5999984741211,977.289978027344,68,3.6800000667572,10000
2025,4,8,20,9,23.1399993896484,58.9000015258789,977.890014648438,67,3.21000003814697,10000
2025,4,8,21,10,21.0699996948242,64.5999984741211,978.010009765625,54,2.79999995231628,10000
2025,4,8,22,9,21.5900001525879,61.9000015258789,978.200012207031,47,3.66000008583069,10000
2025,4,8,23,8,22.4099998474121,58.7999992370606,977.27001953125,47,5.59000015258789,10000
2025,4,8,24,6,22.5200004577637,55.0999984741211,977.309997558594,54,5.90999984741211,10000
2025,4,9,1,8,22.920000076294,51.7000007629395,976.469970703125,63,6.30999994277954,10000
2025,4,9,2,7,23.3899993896484,46.9000015258789,976.330017089844,68,6.09999990463257,10000
2025,4,9,3,8,22.6900005340576,46.9000015258789,975.820007324219,73,5.96999979019165,10000
2025,4,9,4,7,22.5699996948242,47.9000015258789,975.47998046875,80,5.82000017166138,10000
2025,4,9,5,8,22.4699993133545,49.2000007629395,975.25,86,5.82999992370606,10000
2025,4,9,6,6,25.5699996948242,45.2999992370606,974.609985351563,94,5.61999988555908,10000
2025,4,9,7,6,27,42.2999992370606,974.469970703125,111,5.6100001335144,10000
2025,4,9,8,8,27.7000007629395,39.7999992370606,974.309997558594,140,5.76999998092651,10000
2025,4,9,9,7,28.5,36.4000015258789,974.030029296875,163,6.55000019073486,10000
2025,4,9,10,2,32.2400016784668,28.7999992370606,973.25,168,7.48999977111816,10000
2025,4,9,11,8,32.3400001525879,26,970.330017089844,166,8.47999954223633,10000
2025,4,9,12,9,33.5499992370606,25.5,969.840026855469,174,8.46000003814697,10000
2025,4,9,13,4,34.3699989318848,25.2999992370606,967.969970703125,175,7.55000019073486,10000
2025,4,9,14,8,35.1599998474121,22.2000007629395,967.299987792969,188,7.80999994277954,10000
2025,4,9,15,5,34.3499984741211,22.2000007629395,968.02001953125,191,4.13000011444092,10000
2025,4,9,16,0,30.920000076294,30.2000007629395,966.130004882813,123,6.1100001335144,10000
2025,4,9,17,5,30.2900009155273,29.5,966.130004882813,124,5.59000015258789,10000
2025,4,9,18,4,29.6399993896484,29.2999992370606,966.409973144531,118,5.30000019073486,10000
2025,4,9,19,5,27.0100002288818,35.4000015258789,967.640014648438,125,4.80000019073486,10000
2025,4,9,20,4,25.7700004577637,37.7000007629395,968.109985351563,134,3.74000000953674,10000
2025,4,9,21,4,24.1100006103516,49.0999984741211,968.380004882813,126,2.65000009536743,10000
2025,4,9,22,6,23.6100006103516,47.5999984741211,968.700012207031,95,1.87999999523163,10000
2025,4,9,23,8,23.6800003051758,43.0999984741211,968.450012207031,72,1.97000002861023,10000
2025,4,9,24,5,22.9799995422363,45.0999984741211,968.049987792969,54,2.63000011444092,10000
2025,4,10,1,6,22.8400001525879,45.5999984741211,967.75,57,3.35999989509583,10000
2025,4,10,2,6,22.6499996185303,49.2000007629395,967.330017089844,65,3.76999998092651,10000
2025,4,10,3,7,21.5200004577637,51.4000015258789,966.869995117188,73,4.03000020980835,10000
2025,4,10,4,4,21.0499992370606,53.7000007629395,967.409973144531,81,2.19000005722046,10000
2025,4,10,5,6,21.2000007629395,51.5999984741211,968.27001953125,272,0.479999989271164,10000
2025,4,10,6,5,21.9899997711182,50.2000007629395,968.460021972656,288,3.19000005722046,10000
2025,4,10,7,7,22.7999992370606,51.7999992370606,968.710021972656,302,5.07000017166138,10000
2025,4,10,8,6,22.6499996185303,51.9000015258789,968.539978027344,314,4.90999984741211,10000
2025,4,10,9,9,23.3500003814697,44.9000015258789,968.320007324219,304,5.96999979019165,10000
2025,4,10,10,10,22.8099994659424,42,968.369995117188,304,7.78999996185303,10000
2025,4,10,11,10,22.420000076294,38.2999992370606,967.580017089844,311,7.44000005722046,10000
2025,4,10,12,10,21.2999992370606,42.0999984741211,967.880004882813,310,6.67000007629395,10000
2025,4,10,13,8,20.6299991607666,43,967.549987792969,310,5.53999996185303,10000
2025,4,10,14,9,20.8899993896484,41.7000007629395,967.739990234375,309,4.57000017166138,10000
2025,4,10,15,9,20.9599990844727,37.2999992370606,968.140014648438,301,2.79999995231628,10000
2025,4,10,16,4,21.3899993896484,37.4000015258789,967.570007324219,305,0.439999997615814,10000
2025,4,10,17,1,21.0300006866455,37.7999992370606,967.679992675781,218,0.870000004768372,10000
2025,4,10,18,0,18.5499992370606,43.2999992370606,968.830017089844,236,2.00999999046326,10000
2025,4,10,19,0,18.7600002288818,30.5,969.75,257,2.47000002861023,10000
2025,4,10,20,0,18.4899997711182,21.3999996185303,970.25,273,3.8199999332428,10000
2025,4,10,21,0,16.6299991607666,19.6000003814697,970.989990234375,279,3.86999988555908,10000
2025,4,10,22,0,16.2800006866455,21.7000007629395,971.330017089844,282,3.14000010490418,10000
2025,4,10,23,0,13.9700002670288,27,971.309997558594,284,3.02999997138977,10000
2025,4,10,24,0,13.0600004196167,32.7999992370606,971.580017089844,298,2.60999989509583,10000
2025,4,11,1,0,13.25,32.7000007629395,971.340026855469,320,2.36999988555908,10000
2025,4,11,2,0,13.2700004577637,32.7000007629395,971.609985351563,344,2.30999994277954,10000
2025,4,11,3,0,11.3299999237061,44.4000015258789,971.799987792969,359,1.66999995708466,10000
2025,4,11,4,0,11.6000003814697,47.5,972.289978027344,360,1.16999995708466,10000
2025,4,11,5,0,12.8800001144409,43.0999984741211,972.830017089844,321,1.39999997615814,10000
2025,4,11,6,0,17.0699996948242,31,973.109985351563,310,2.29999995231628,10000
2025,4,11,7,0,17.8400001525879,31.2999992370606,973.280029296875,313,2.57999992370606,10000
2025,4,11,8,0,18.3899993896484,31.7000007629395,973.109985351563,297,2.41000008583069,10000
2025,4,11,9,0,21.2600002288818,24,972.659973144531,280,2.6800000667572,10000
2025,4,11,10,0,21.5300006866455,25.1000003814697,972.179992675781,270,2.98000001907349,10000
2025,4,11,11,0,22.5599994659424,22,971.299987792969,263,2.83999991416931,10000
2025,4,11,12,0,22.7000007629395,21.7000007629395,970.780029296875,258,3.10999989509583,10000
2025,4,11,13,0,22.9500007629395,20.5,970.119995117188,259,3.21000003814697,10000
2025,4,11,14,0,22.9599990844727,19.7000007629395,969.400024414063,260,3.20000004768372,10000
2025,4,11,15,3,21.9799995422363,20.3999996185303,969.099975585938,264,3.10999989509583,10000
2025,4,11,16,8,21.6100006103516,18.7000007629395,968.940002441406,268,2.80999994277954,10000
2025,4,11,17,9,20.0200004577637,27.6000003814697,968.75,275,1.8400000333786,10000
2025,4,11,18,10,16.7299995422363,39.5,969.169982910156,280,1.75,10000
2025,4,11,19,10,16.5900001525879,36.4000015258789,969.710021972656,284,1.87000000476837,10000
2025,4,11,20,9,16.4500007629395,34.7999992370606,969.760009765625,284,2,10000
2025,4,11,21,10,14.960000038147,37.4000015258789,969.989990234375,289,2.01999998092651,10000
2025,4,11,22,8,14.2600002288818,40.7000007629395,970.030029296875,308,2.25999999046326,10000
2025,4,11,23,5,13.8800001144409,38.7000007629395,969.239990234375,8,1.70000004768372,10000
2025,4,11,24,0,14.0600004196167,36.2999992370606,968.880004882813,65,1.47000002861023,10000
2025,4,12,1,1,13.6800003051758,37.2000007629395,968.580017089844,79,2.38000011444092,10000
2025,4,12,2,1,13.670000076294,37.2000007629395,968.47998046875,88,2.39000010490418,10000
2025,4,12,3,1,13.4799995422363,37.2999992370606,968.559997558594,98,2.38000011444092,10000
2025,4,12,4,1,13.9499998092651,35.0999984741211,968.869995117188,106,2.51999998092651,10000
2025,4,12,5,3,14.8599996566773,34,969.400024414063,130,3.11999988555908,10000
2025,4,12,6,2,18.1200008392334,27,970.140014648438,166,3.35999989509583,10000
2025,4,12,7,0,19.6499996185303,26,970.619995117188,197,5.07999992370606,10000
2025,4,12,8,0,19.6100006103516,28.1000003814697,970.820007324219,206,5.05000019073486,10000
2025,4,12,9,0,21.7999992370606,26.2000007629395,971.049987792969,217,5.23000001907349,10000
2025,4,12,10,0,22.3199996948242,26.8999996185303,971.140014648438,227,5.19000005722046,10000
2025,4,12,11,0,22.5699996948242,22.2999992370606,970.609985351563,244,4.86999988555908,10000
2025,4,12,12,1,22.7700004577637,20.2000007629395,970.570007324219,254,5.01000022888184,10000
2025,4,12,13,0,22.9500007629395,20.2999992370606,970.650024414063,262,5.11999988555908,10000
2025,4,12,14,0,23.0499992370606,19.2000007629395,970.760009765625,267,5.01000022888184,10000
2025,4,12,15,0,22.7199993133545,18.6000003814697,971.039978027344,269,4.82000017166138,10000
2025,4,12,16,1,21.3600006103516,17.7999992370606,971.380004882813,267,4.05999994277954,10000
2025,4,12,17,2,20.0100002288818,21,971.619995117188,261,2.75,10000
2025,4,12,18,1,18.7600002288818,26.7000007629395,972.450012207031,274,2.72000002861023,10000
2025,4,12,19,0,17.6299991607666,32.2999992370606,973.369995117188,296,3.30999994277954,10000
2025,4,12,20,0,16.2800006866455,38.2000007629395,973.859985351563,316,3.02999997138977,10000
2025,4,12,21,0,15.8000001907349,38.2000007629395,973.960021972656,356,2.34999990463257,10000
2025,4,12,22,1,14.4099998474121,40.5,973.890014648438,28,2.51999998092651,10000
2025,4,12,23,1,13.4399995803833,41.2000007629395,973.97998046875,24,1.78999996185303,10000
2025,4,12,24,0,13.1499996185303,44.7999992370606,973.469970703125,34,1.87000000476837,10000
2025,4,13,1,0,12.8599996566773,46.7000007629395,973.539978027344,42,1.39999997615814,10000
2025,4,13,2,0,12.9399995803833,46.2000007629395,973.630004882813,49,1.3400000333786,10000
2025,4,13,3,1,12.9899997711182,48.9000015258789,973.710021972656,61,1.58000004291534,10000
2025,4,13,4,1,12.4899997711182,49.5999984741211,974.280029296875,65,1.86000001430512,10000
2025,4,13,5,1,14.6300001144409,44.7999992370606,974.820007324219,64,2.23000001907349,10000
2025,4,13,6,1,18.1200008392334,37.5,975.190002441406,74,1.70000004768372,10000
2025,4,13,7,1,20.5400009155273,31.6000003814697,975.630004882813,112,1.4099999666214,10000
2025,4,13,8,0,22.3500003814697,27.3999996185303,975.619995117188,157,1.64999997615814,10000
2025,4,13,9,4,23.8099994659424,21.7000007629395,975.5,187,2.51999998092651,10000
2025,4,13,10,8,24.7099990844727,19.8999996185303,975.150024414063,199,3.66000008583069,10000
2025,4,13,11,6,24.7600002288818,18.3999996185303,974.780029296875,184,4.05000019073486,10000
2025,4,13,12,7,25.2800006866455,17.3999996185303,974.109985351563,186,4.82999992370606,10000
2025,4,13,13,8,25.6599998474121,17.1000003814697,973.960021972656,189,5.17999982833862,10000
2025,4,13,14,9,25.9500007629395,15.5,973.320007324219,193,5.48999977111816,10000
2025,4,13,15,9,25.8799991607666,14.3999996185303,973.47998046875,197,5.26000022888184,10000
2025,4,13,16,6,25.4300003051758,9.69999980926514,973.320007324219,205,4.26999998092651,10000
2025,4,13,17,4,22.8400001525879,16,973.690002441406,214,2.95000004768372,10000
2025,4,13,18,5,21.3600006103516,19.6000003814697,974.539978027344,217,2.42000007629395,10000
2025,4,13,19,7,19.7900009155273,25.1000003814697,975.130004882813,201,2.25999999046326,10000
2025,4,13,20,2,19.0799999237061,30,975.359985351563,149,1.6599999666214,10000
2025,4,13,21,1,17.6299991607666,30.2999992370606,975.109985351563,110,1.13999998569489,10000
2025,4,13,22,3,17.4899997711182,29,975.299987792969,49,0.920000016689301,10000
2025,4,13,23,2,15.4799995422363,38.5999984741211,975.190002441406,8,1.1599999666214,10000
2025,4,13,24,3,15.3599996566773,39.2999992370606,974.760009765625,0,2.44000005722046,10000
2025,4,14,1,1,15.3699998855591,39.9000015258789,974.849975585938,355,3.61999988555908,10000
2025,4,14,2,2,15.210000038147,40.7999992370606,974.510009765625,356,4.23999977111816,10000
2025,4,14,3,8,15.3000001907349,40.4000015258789,974.570007324219,358,4.07000017166138,10000
2025,4,14,4,9,14.7399997711182,42.2999992370606,974.619995117188,6,4.09000015258789,10000
2025,4,14,5,9,15.6199998855591,43.4000015258789,974.340026855469,13,4.26999998092651,10000
2025,4,14,6,9,17.6900005340576,38.4000015258789,974.359985351563,16,3.5,10000
2025,4,14,7,9,20.2900009155273,35,974.559997558594,10,2.85999989509583,10000
2025,4,14,8,7,21.8099994659424,30.3999996185303,974.609985351563,7,2.35999989509583,10000
2025,4,14,9,7,22.1299991607666,29.7999992370606,974.320007324219,351,1.4099999666214,10000
2025,4,14,10,8,22.1100006103516,30.7000007629395,973.419982910156,352,2.52999997138977,10000
2025,4,14,11,6,21.0900001525879,37.9000015258789,972.429992675781,351,3.61999988555908,10000
2025,4,14,12,6,21.8999996185303,36.2999992370606,971.239990234375,15,4.28999996185303,10000
2025,4,14,13,7,21.8700008392334,37.5,969.919982910156,27,5.32000017166138,10000
2025,4,14,14,8,22.0900001525879,37,967.950012207031,22,5.65000009536743,10000
2025,4,14,15,8,21.6100006103516,38.5,967.25,8,5.40999984741211,10000
2025,4,14,16,8,21.4400005340576,37,967.330017089844,337,4.78000020980835,10000
2025,4,14,17,7,20.4300003051758,41.7000007629395,967.320007324219,312,5.63000011444092,10000
2025,4,14,18,7,19.1000003814697,46.9000015258789,968.190002441406,311,5.28999996185303,10000
2025,4,14,19,7,17.7900009155273,51.0999984741211,968.510009765625,317,3.95000004768372,10000
2025,4,14,20,9,17.1499996185303,56.2000007629395,969.150024414063,290,3.39000010490418,10000
2025,4,14,21,9,16.5100002288818,59.2999992370606,969.859985351563,276,4.8600001335144,10000
2025,4,14,22,5,16.0799999237061,60.2000007629395,970.780029296875,276,4.98999977111816,10000
2025,4,14,23,7,13.7799997329712,68.1999969482422,971.22998046875,264,3.89000010490418,10000
2025,4,14,24,8,13.0100002288818,71.1999969482422,971.809997558594,248,2.07999992370606,10000
2025,4,15,1,5,13.0799999237061,70.6999969482422,972.489990234375,192,1.46000003814697,10000
2025,4,15,2,4,12.8699998855591,73.5,972.799987792969,168,1.97000002861023,10000
2025,4,15,3,6,12.460000038147,76.6999969482422,973.140014648438,186,2.53999996185303,10000
2025,4,15,4,9,11.9099998474121,78.8000030517578,973.72998046875,202,2.66000008583069,10000
2025,4,15,5,9,12.0799999237061,80.4000015258789,974.469970703125,227,3.29999995231628,10000
2025,4,15,6,10,12.4799995422363,76.0999984741211,974.909973144531,244,3.19000005722046,10000
2025,4,15,7,10,13.3299999237061,72,975.22998046875,257,3.23000001907349,10000
2025,4,15,8,10,13.6499996185303,67.8000030517578,975.159973144531,265,3.07999992370606,10000
2025,4,15,9,10,13.8800001144409,66,975.200012207031,260,4.34000015258789,10000
2025,4,15,10,9,10.5699996948242,77.1999969482422,975.760009765625,260,4.59000015258789,10000
2025,4,15,11,5,11.1599998474121,70.0999984741211,976.609985351563,267,3.04999995231628,10000
2025,4,15,12,4,12.6099996566773,58.2999992370606,976.390014648438,260,3.33999991416931,10000
2025,4,15,13,3,13.9799995422363,49.9000015258789,976.340026855469,265,3.28999996185303,10000
2025,4,15,14,4,13.9499998092651,43.5999984741211,976.710021972656,265,3.30999994277954,10000
2025,4,15,15,6,14.1400003433228,40.5,977.109985351563,259,2.52999997138977,10000
2025,4,15,16,7,13.7200002670288,41.5999984741211,977.260009765625,238,1.21000003814697,10000
2025,4,15,17,6,11.920000076294,52.9000015258789,977.640014648438,220,0.670000016689301,10000
2025,4,15,18,5,10.5,65.6999969482422,978.510009765625,348,0.740000009536743,10000
2025,4,15,19,4,10.039999961853,67.5999984741211,979.280029296875,16,1.38999998569489,10000
2025,4,15,20,4,10.1400003433228,70.5,979.580017089844,22,1.76999998092651,10000
2025,4,15,21,3,9.47000026702881,74.1999969482422,979.700012207031,20,1.88999998569489,10000
2025,4,15,22,1,8.76000022888184,77.1999969482422,979.830017089844,31,2.20000004768372,10000
2025,4,15,23,0,8.14999961853027,75.9000015258789,979.369995117188,34,2.25,10000
2025,4,15,24,0,7.65000009536743,78.4000015258789,979.219970703125,48,1.98000001907349,10000
2025,4,16,1,0,7.36999988555908,80.8000030517578,979.010009765625,46,1.46000003814697,10000
2025,4,16,2,0,6.82000017166138,84.9000015258789,979.359985351563,35,1.39999997615814,10000
2025,4,16,3,0,6.75,85.8000030517578,979.679992675781,32,1.37999999523163,10000
2025,4,16,4,0,6.69999980926514,85.9000015258789,980.02001953125,31,1.61000001430512,10000
2025,4,16,5,0,9.01000022888184,80.3000030517578,980.489990234375,14,1.63999998569489,10000
2025,4,16,6,0,11.4700002670288,65.0999984741211,980.820007324219,348,2.17000007629395,10000
2025,4,16,7,0,13.0600004196167,56.5999984741211,981.409973144531,344,2.4300000667572,10000
2025,4,16,8,1,14.0799999237061,51,981.489990234375,342,2.16000008583069,10000
2025,4,16,9,1,15.170000076294,45.9000015258789,981.609985351563,326,1.86000001430512,10000
2025,4,16,10,1,15.7700004577637,46.0999984741211,981.450012207031,304,2.03999996185303,10000
2025,4,16,11,10,17.2999992370606,41.7000007629395,981.820007324219,292,2.23000001907349,10000
2025,4,16,12,10,17.2900009155273,40.7999992370606,981.510009765625,295,2.64000010490418,10000
2025,4,16,13,9,17.8099994659424,39.5,981.150024414063,302,2.74000000953674,10000
2025,4,16,14,9,17.8600006103516,39.7999992370606,980.440002441406,306,2.58999991416931,10000
2025,4,16,15,10,17.5499992370606,41,980.429992675781,308,2.57999992370606,10000
2025,4,16,16,9,16.9899997711182,44.7000007629395,980.419982910156,307,2.86999988555908,10000
2025,4,16,17,8,16.1100006103516,51.7999992370606,980.659973144531,309,2.53999996185303,10000
2025,4,16,18,7,15.0100002288818,58.9000015258789,980.809997558594,317,2.52999997138977,10000
2025,4,16,19,7,14.3800001144409,61.7000007629395,981.140014648438,329,2.59999990463257,10000
2025,4,16,20,3,13.3500003814697,65.5999984741211,981.109985351563,342,2.30999994277954,10000
2025,4,16,21,2,12.6000003814697,67.0999984741211,980.780029296875,1,2.05999994277954,10000
2025,4,16,22,0,12.0200004577637,68.4000015258789,980.739990234375,19,2.09999990463257,10000
2025,4,16,23,0,10.9300003051758,70.4000015258789,980.400024414063,35,2.3199999332428,10000
2025,4,16,24,0,10.3500003814697,70.8000030517578,980.010009765625,34,2.1800000667572,10000
2025,4,17,1,0,10.0299997329712,72.4000015258789,979.609985351563,36,2.04999995231628,10000
2025,4,17,2,0,9.89000034332275,72.8000030517578,979.619995117188,36,2,10000
2025,4,17,3,0,9.6899995803833,73.3000030517578,979.880004882813,26,2.09999990463257,10000
2025,4,17,4,0,9.61999988555908,72.5999984741211,980.25,20,2.54999995231628,10000
2025,4,17,5,0,11.2600002288818,66,980.97998046875,11,2.8199999332428,10000
2025,4,17,6,0,14.1400003433228,56.4000015258789,981.150024414063,357,2.89000010490418,10000
2025,4,17,7,0,16.670000076294,45.7000007629395,981.25,351,3.63000011444092,10000
2025,4,17,8,0,18.5599994659424,40.0999984741211,981,347,3.77999997138977,10000
2025,4,17,9,0,20.0699996948242,37.7999992370606,980.590026855469,351,3.83999991416931,10000
2025,4,17,10,0,21.3700008392334,36.5,980.150024414063,359,3.66000008583069,10000
2025,4,17,11,1,22.7000007629395,33.9000015258789,979.690002441406,13,3.52999997138977,10000
2025,4,17,12,3,23.3400001525879,30.8999996185303,979.159973144531,10,3.23000001907349,10000
2025,4,17,13,2,23.7999992370606,29.6000003814697,978.450012207031,7,3.1800000667572,10000
2025,4,17,14,0,23.7099990844727,29.2999992370606,978.030029296875,2,3.25,10000
2025,4,17,15,0,23.1200008392334,31.7000007629395,977.390014648438,353,3.5,10000
2025,4,17,16,0,22.4699993133545,31.7999992370606,977.640014648438,334,3.29999995231628,10000
2025,4,17,17,0,20.7900009155273,40.2000007629395,977.760009765625,340,3.39000010490418,10000
2025,4,17,18,0,19.3099994659424,44.5,978.099975585938,358,3.47000002861023,10000
2025,4,17,19,0,18.7000007629395,44.7999992370606,978.659973144531,15,3.5699999332428,10000
2025,4,17,20,0,17.7600002288818,45,978.489990234375,25,3.5,10000
2025,4,17,21,0,17.5,43.0999984741211,978.650024414063,31,3.52999997138977,10000
2025,4,17,22,0,16.8999996185303,44.5999984741211,978.780029296875,35,3.69000005722046,10000
2025,4,17,23,0,16.1399993896484,37.5999984741211,978.109985351563,38,3.94000005722046,10000
2025,4,17,24,0,15.6899995803833,38.5,978.099975585938,42,4.13000011444092,10000
2025,4,18,1,0,15.2600002288818,39.7999992370606,977.72998046875,43,4.1399998664856,10000
2025,4,18,2,0,14.5900001525879,42.4000015258789,977.650024414063,41,4.15999984741211,10000
2025,4,18,3,0,13.3900003433228,45.0999984741211,977.710021972656,40,4.15000009536743,10000
2025,4,18,4,0,13.5500001907349,44.9000015258789,977.799987792969,41,4.26999998092651,10000
2025,4,18,5,0,15.9399995803833,38.9000015258789,978.179992675781,41,4.61999988555908,10000
2025,4,18,6,0,18.8700008392334,31.8999996185303,978.210021972656,44,4.69999980926514,10000
2025,4,18,7,0,20.7900009155273,25.3999996185303,978.119995117188,54,5.92000007629395,10000
2025,4,18,8,0,22.1399993896484,21.1000003814697,977.97998046875,59,6.11999988555908,10000
2025,4,18,9,0,23.1800003051758,19.1000003814697,977.659973144531,61,5.48999977111816,10000
2025,4,18,10,0,24.1900005340576,18.6000003814697,977.25,59,4.6399998664856,10000
2025,4,18,11,0,24.7700004577637,18.2999992370606,976.690002441406,46,3.54999995231628,10000
2025,4,18,12,0,25.4099998474121,17,976.239990234375,34,3.65000009536743,10000
2025,4,18,13,0,25.8600006103516,17,975.599975585938,27,3.8199999332428,10000
2025,4,18,14,0,26.1399993896484,17.2999992370606,975.070007324219,23,3.86999988555908,10000
2025,4,18,15,0,25.7099990844727,17.3999996185303,974.97998046875,18,3.79999995231628,10000
2025,4,18,16,0,24.6900005340576,17,975.02001953125,359,2.91000008583069,10000
2025,4,18,17,0,21.2199993133545,30.1000003814697,974.929992675781,347,2.75999999046326,10000
2025,4,18,18,0,20.2299995422363,31.7999992370606,975.539978027344,351,2.78999996185303,10000
2025,4,18,19,0,19.1800003051758,34.9000015258789,975.460021972656,358,2.83999991416931,10000
2025,4,18,20,0,18.3099994659424,36,975.349975585938,8,2.9300000667572,10000
2025,4,18,21,0,16.9099998474121,38.5,975.52001953125,17,3.11999988555908,10000
2025,4,18,22,0,16.1399993896484,38.5,975.679992675781,23,3.30999994277954,10000
2025,4,18,23,0,15.3500003814697,40.5,975.52001953125,27,3.5,10000
2025,4,18,24,0,14.8900003433228,40.5,975.510009765625,33,3.50999999046326,10000
2025,4,19,1,0,14.5500001907349,41,975.119995117188,36,3.51999998092651,10000
2025,4,19,2,0,14.2399997711182,41.9000015258789,975.150024414063,37,3.60999989509583,10000
2025,4,19,3,0,13.6999998092651,44.0999984741211,975.109985351563,37,3.58999991416931,10000
2025,4,19,4,0,13.5900001525879,43.2999992370606,975.75,36,3.70000004768372,10000
2025,4,19,5,0,16.6299991607666,34.9000015258789,976.090026855469,32,3.83999991416931,10000
2025,4,19,6,0,19.6399993896484,28.7999992370606,976.400024414063,27,3.46000003814697,10000
2025,4,19,7,0,22.670000076294,24.8999996185303,976.700012207031,30,3.90000009536743,10000
2025,4,19,8,0,24.6900005340576,21.5,976.619995117188,37,3.89000010490418,10000
2025,4,19,9,0,25.9400005340576,19.2999992370606,976.390014648438,30,3.49000000953674,10000
2025,4,19,10,0,26.9699993133545,17.6000003814697,976.179992675781,24,3.21000003814697,10000
2025,4,19,11,0,27.7199993133545,16.3999996185303,975.929992675781,10,3.49000000953674,10000
2025,4,19,12,0,28.2700004577637,15.6000003814697,975.280029296875,13,3.42000007629395,10000
2025,4,19,13,0,28.5400009155273,14.8000001907349,974.539978027344,15,3.21000003814697,10000
2025,4,19,14,0,28.75,14.6999998092651,974.22998046875,14,2.88000011444092,10000
2025,4,19,15,0,28.3500003814697,15.1999998092651,974.010009765625,13,2.54999995231628,10000
2025,4,19,16,0,26.8700008392334,13.6000003814697,973.630004882813,5,1.60000002384186,10000
2025,4,19,17,0,22.420000076294,33.5,973.659973144531,5,2.01999998092651,10000
2025,4,19,18,0,19.8999996185303,38.9000015258789,973.97998046875,10,1.86000001430512,10000
2025,4,19,19,0,19.3999996185303,39.2999992370606,974.580017089844,12,1.97000002861023,10000
2025,4,19,20,0,19.0200004577637,39.7000007629395,974.75,18,2.20000004768372,10000
2025,4,19,21,0,18.5499992370606,38.7000007629395,974.760009765625,33,2.3199999332428,10000
2025,4,19,22,0,17.8999996185303,39.2000007629395,974.650024414063,47,2.48000001907349,10000
2025,4,19,23,0,16.1800003051758,45.2000007629395,974.460021972656,55,2.66000008583069,10000
2025,4,19,24,0,15.8500003814697,46.4000015258789,973.900024414063,60,2.88000011444092,10000
2025,4,20,1,0,15.8699998855591,45.9000015258789,973.909973144531,60,3,10000
2025,4,20,2,0,15.4399995803833,47.7000007629395,973.609985351563,59,3.08999991416931,10000
2025,4,20,3,0,14.7299995422363,49.5,973.739990234375,58,3.13000011444092,10000
2025,4,20,4,0,14.6899995803833,49,974.169982910156,60,3.29999995231628,10000
2025,4,20,5,0,17.2900009155273,43,974.640014648438,63,3.3199999332428,10000
2025,4,20,6,0,20.8299999237061,37,974.900024414063,63,2.30999994277954,10000
2025,4,20,7,0,24.9099998474121,28.1000003814697,975.390014648438,68,1.62000000476837,10000
2025,4,20,8,2,27.0200004577637,23.5,975.299987792969,18,0.540000021457672,10000
2025,4,20,9,8,28.4699993133545,21.1000003814697,975.22998046875,338,1.4099999666214,10000
2025,4,20,10,8,29.5900001525879,18.5,974.739990234375,332,1.75999999046326,10000
2025,4,20,11,9,30.4699993133545,16.7999992370606,974.349975585938,342,2.82999992370606,10000
2025,4,20,12,7,31.1900005340576,15.6000003814697,973.72998046875,340,2.71000003814697,10000
2025,4,20,13,2,31.6800003051758,15.1999998092651,973.190002441406,336,2.24000000953674,10000
2025,4,20,14,2,31.7800006866455,14.3000001907349,972.679992675781,329,1.86000001430512,10000
2025,4,20,15,3,31.670000076294,12.6000003814697,972.609985351563,328,1.50999999046326,10000
2025,4,20,16,1,27.5400009155273,26.1000003814697,972.539978027344,335,0.939999997615814,10000
2025,4,20,17,6,27.8799991607666,18.7999992370606,972.530029296875,56,0.75,10000
2025,4,20,18,8,25.8500003814697,27.5,972.700012207031,86,1.38999998569489,10000
2025,4,20,19,8,24.1900005340576,28.7999992370606,972.849975585938,83,2.47000002861023,10000
2025,4,20,20,8,23.5499992370606,31.1000003814697,972.570007324219,87,3.17000007629395,10000
2025,4,20,21,6,21.7399997711182,35.0999984741211,972.369995117188,89,3.50999999046326,10000
2025,4,20,22,4,21.6499996185303,34.9000015258789,972.299987792969,90,3.42000007629395,10000
2025,4,20,23,8,20.3899993896484,38.7000007629395,971.969970703125,93,3.26999998092651,10000
2025,4,20,24,8,20.4400005340576,37.2999992370606,972.150024414063,93,3.24000000953674,10000
2025,4,21,1,8,20.8600006103516,35.7000007629395,972.210021972656,92,3.44000005722046,10000
2025,4,21,2,6,20.6900005340576,35.2000007629395,972.289978027344,93,3.53999996185303,10000
2025,4,21,3,4,19.6000003814697,37.5999984741211,972.719970703125,96,3.45000004768372,10000
2025,4,21,4,3,19.7299995422363,37.5,973.260009765625,96,3.32999992370606,10000
2025,4,21,5,4,20.3400001525879,37.0999984741211,973.890014648438,100,3.63000011444092,10000
2025,4,21,6,1,26.0699996948242,28.8999996185303,974.140014648438,116,3.13000011444092,10000
2025,4,21,7,0,27.5699996948242,27.5,974.320007324219,150,3.59999990463257,10000
2025,4,21,8,0,28.2099990844727,25.7999992370606,974.539978027344,181,4.23000001907349,10000
2025,4,21,9,3,31.3899993896484,19.5,974.359985351563,193,4.28999996185303,10000
2025,4,21,10,3,31.4799995422363,17.7999992370606,974.119995117188,201,4.07000017166138,10000
2025,4,21,11,6,32.3300018310547,16.7000007629395,973.940002441406,211,3.34999990463257,10000
2025,4,21,12,6,32.3800010681152,15.6999998092651,973.659973144531,222,3.47000002861023,10000
2025,4,21,13,6,32.5999984741211,15.3000001907349,973.210021972656,222,2.97000002861023,10000
2025,4,21,14,8,32.7999992370606,15,972.669982910156,225,2.25,10000
2025,4,21,15,10,31.4300003051758,14.8999996185303,972.719970703125,235,1.52999997138977,10000
2025,4,21,16,10,30.3899993896484,14.8000001907349,972.700012207031,5,0.170000001788139,10000
2025,4,21,17,10,29.7000007629395,20.2999992370606,972.909973144531,57,2.40000009536743,10000
2025,4,21,18,9,28.9400005340576,19.5,973.380004882813,66,3.54999995231628,10000
2025,4,21,19,10,27.2999992370606,25.1000003814697,973.97998046875,72,4.19999980926514,10000
2025,4,21,20,10,27.1499996185303,23.3999996185303,973.859985351563,76,3.9300000667572,10000
2025,4,21,21,10,23.7000007629395,32.2999992370606,974.200012207031,78,3.53999996185303,10000
2025,4,21,22,8,23.7299995422363,31.8999996185303,974.090026855469,82,3.25,10000
2025,4,21,23,6,23.9899997711182,32.2000007629395,974.309997558594,86,3.05999994277954,10000
2025,4,21,24,3,23.9699993133545,29.7999992370606,974.390014648438,105,2.8199999332428,10000
2025,4,22,1,3,23.5699996948242,28.5,974.330017089844,115,2.8199999332428,10000
2025,4,22,2,5,23.6100006103516,28.2000007629395,974.549987792969,109,2.86999988555908,10000
2025,4,22,3,4,23.3999996185303,27.3999996185303,974.799987792969,98,3.09999990463257,10000
2025,4,22,4,2,23.5300006866455,26,975.359985351563,88,3.49000000953674,10000
2025,4,22,5,1,24.0200004577637,26.7999992370606,975.77001953125,88,3.89000010490418,10000
2025,4,22,6,1,25.4400005340576,25.8999996185303,976.210021972656,100,3.16000008583069,10000
2025,4,22,7,1,32.5699996948242,18.5,976.5,130,3.30999994277954,10000
2025,4,22,8,1,32.9199981689453,18.8999996185303,976.400024414063,163,3.64000010490418,10000
2025,4,22,9,1,33.3800010681152,17.8999996185303,976.190002441406,178,3.73000001907349,10000
2025,4,22,10,3,33.5999984741211,16.6000003814697,975.940002441406,186,3.54999995231628,10000
2025,4,22,11,4,34.9099998474121,13.6000003814697,975.150024414063,183,3.89000010490418,10000
2025,4,22,12,1,34.9500007629395,13.3999996185303,974.25,187,3.95000004768372,10000
2025,4,22,13,0,35.1699981689453,12.6999998092651,973.630004882813,187,3.96000003814697,10000
2025,4,22,14,0,35.3499984741211,11.8000001907349,972.919982910156,189,3.84999990463257,10000
2025,4,22,15,0,34.7400016784668,10.8999996185303,972.760009765625,193,3.80999994277954,10000
2025,4,22,16,0,33.9099998474121,9.89999961853027,972.940002441406,197,3.29999995231628,10000
2025,4,22,17,0,31.9500007629395,14.6000003814697,973.02001953125,191,2.48000001907349,10000
2025,4,22,18,0,28.6599998474121,19.6000003814697,973.700012207031,186,2.53999996185303,10000
2025,4,22,19,0,27.7099990844727,20.6000003814697,974.599975585938,186,2.32999992370606,10000
2025,4,22,20,0,27.0699996948242,21.3999996185303,975.039978027344,176,2.08999991416931,10000
2025,4,22,21,0,25.8299999237061,24.5,975.039978027344,155,2.1800000667572,10000
2025,4,22,22,1,25.4099998474121,25.7000007629395,975.02001953125,123,2.47000002861023,10000
2025,4,22,23,0,24.0499992370606,31.1000003814697,974.280029296875,118,3.30999994277954,10000
2025,4,22,24,2,24.1299991607666,31.2999992370606,973.989990234375,112,3.72000002861023,10000
2025,4,23,1,4,24.2700004577637,32.9000015258789,973.5,109,4.01999998092651,10000
2025,4,23,2,3,24.1200008392334,34.5,973.409973144531,109,4.25,10000
2025,4,23,3,3,24.0900001525879,34.7999992370606,973.419982910156,110,4.1399998664856,10000
2025,4,23,4,1,24.7600002288818,34.0999984741211,973.909973144531,111,4.55999994277954,10000
2025,4,23,5,0,25.5,33,973.890014648438,123,5.19000005722046,10000
2025,4,23,6,0,29.3899993896484,28.2000007629395,973.919982910156,139,5.96000003814697,10000
2025,4,23,7,0,30.2000007629395,28.1000003814697,973.830017089844,158,7.21999979019165,10000
2025,4,23,8,0,31.0599994659424,26.7999992370606,973.679992675781,173,7.94999980926514,10000
2025,4,23,9,0,34.6300010681152,20,973.219970703125,182,8.27000045776367,10000
2025,4,23,10,1,34.810001373291,18.3999996185303,972.869995117188,191,7.90999984741211,10000
2025,4,23,11,4,36.2999992370606,12.5,972.349975585938,207,6.11999988555908,10000
2025,4,23,12,9,36.4099998474121,11.3999996185303,971.989990234375,232,5.55999994277954,10000
2025,4,23,13,9,36.2099990844727,11.1000003814697,971.460021972656,248,5.1100001335144,10000
2025,4,23,14,9,35.9199981689453,11.8000001907349,971.099975585938,256,5.5,10000
2025,4,23,15,8,34.4900016784668,13.6000003814697,971.179992675781,263,5.94999980926514,10000
2025,4,23,16,6,34.3600006103516,12.5,971.239990234375,264,4.38000011444092,10000
2025,4,23,17,10,33.75,14.3999996185303,971.5,248,2.41000008583069,10000
2025,4,23,18,10,30.0599994659424,21.3999996185303,971.969970703125,202,2.17000007629395,10000
2025,4,23,19,10,29.8500003814697,20.8999996185303,972.190002441406,158,2.02999997138977,10000
2025,4,23,20,10,29.8500003814697,20.2000007629395,972.239990234375,165,3.02999997138977,10000
2025,4,23,21,10,29.2099990844727,21.1000003814697,972.440002441406,192,4.57000017166138,10000
2025,4,23,22,10,28.9099998474121,21,972.330017089844,188,4.94000005722046,10000
2025,4,23,23,10,29.4500007629395,21,971.97998046875,194,4.23000001907349,10000
2025,4,23,24,10,29.1800003051758,22.1000003814697,971.760009765625,192,2.83999991416931,10000
2025,4,24,1,10,28.7199993133545,24.6000003814697,972.099975585938,164,2.27999997138977,10000
2025,4,24,2,10,28.4500007629395,25.8999996185303,971.369995117188,102,2.96000003814697,10000
2025,4,24,3,10,27.2299995422363,29.8999996185303,971.460021972656,113,3.94000005722046,10000
2025,4,24,4,10,27.1399993896484,29.7999992370606,972.119995117188,128,4.11999988555908,10000
2025,4,24,5,10,26.8799991607666,30.6000003814697,972.840026855469,132,4.57000017166138,10000
2025,4,24,6,10,28.4300003051758,27.3999996185303,972.840026855469,125,5.75,10000
2025,4,24,7,10,28.3199996948242,27.3999996185303,972.369995117188,124,6.03999996185303,10000
2025,4,24,8,10,30.2399997711182,24,972.010009765625,174,6.57000017166138,10000
2025,4,24,9,10,32.560001373291,19.6000003814697,972.030029296875,211,7.8600001335144,10000
2025,4,24,10,10,32.1699981689453,19.6000003814697,972.22998046875,234,7.07000017166138,10000
2025,4,24,11,10,34.4000015258789,15.6000003814697,972.570007324219,260,5.94000005722046,10000
2025,4,24,12,10,34.8199996948242,14.8000001907349,972.299987792969,271,6.6399998664856,10000
2025,4,24,13,10,35.0999984741211,14.8999996185303,972.010009765625,282,7.15000009536743,10000
2025,4,24,14,10,34.6699981689453,15,971.969970703125,312,7.28999996185303,10000
2025,4,24,15,10,32.75,16.6000003814697,972.070007324219,338,7.84999990463257,10000
2025,4,24,16,10,32.2299995422363,16.7000007629395,972.090026855469,352,5.96000003814697,10000
2025,4,24,17,9,31.0400009155273,21.1000003814697,972.039978027344,2,3.85999989509583,10000
2025,4,24,18,6,30.3899993896484,21.1000003814697,972.219970703125,14,3.29999995231628,10000
2025,4,24,19,1,26.920000076294,24.3999996185303,972.409973144531,36,3.3199999332428,10000
2025,4,24,20,2,26.4599990844727,24.5,971.669982910156,60,3.69000005722046,10000
2025,4,24,21,8,25.8799991607666,26.5,971.22998046875,72,3.99000000953674,10000
2025,4,24,22,9,25.8899993896484,26,970.75,78,4.07999992370606,10000
2025,4,24,23,9,24.7700004577637,29.7999992370606,970.710021972656,83,3.5,10000
2025,4,24,24,9,24.6000003814697,29.7000007629395,970.260009765625,83,3.57999992370606,10000
2025,4,25,1,9,24.8400001525879,28.7999992370606,969.510009765625,75,3.76999998092651,10000
2025,4,25,2,7,24.8199996948242,28.7000007629395,969.22998046875,61,3.92000007629395,10000
2025,4,25,3,10,24.3899993896484,30,968.840026855469,42,4.30000019073486,10000
2025,4,25,4,8,24.6399993896484,30.5,968.780029296875,35,4.17000007629395,10000
2025,4,25,5,10,24.6399993896484,32.2999992370606,969.140014648438,19,3.60999989509583,10000
2025,4,25,6,10,25.6499996185303,33.5999984741211,969.109985351563,24,3.63000011444092,10000
2025,4,25,7,10,26.3700008392334,32,968.760009765625,68,3.92000007629395,10000
2025,4,25,8,7,28.0799999237061,28.2000007629395,968.400024414063,125,5.94999980926514,10000
2025,4,25,9,7,31.5100002288818,23,968.039978027344,158,8.56999969482422,10000
2025,4,25,10,9,33.8499984741211,18.7999992370606,967.609985351563,171,8.43000030517578,10000
2025,4,25,11,10,34.8899993896484,19.7000007629395,966.989990234375,178,7,10000
2025,4,25,12,10,35.1100006103516,18.7999992370606,966.75,195,6.38000011444092,10000
2025,4,25,13,10,35.3699989318848,17.6000003814697,966.330017089844,202,6.96000003814697,10000
2025,4,25,14,10,34.5699996948242,18.2999992370606,966.789978027344,207,8.09000015258789,10000
2025,4,25,15,10,34.1599998474121,17.6000003814697,966.320007324219,199,7.01000022888184,10000
2025,4,25,16,10,33.3600006103516,16.8999996185303,966.570007324219,205,5.53999996185303,10000
2025,4,25,17,10,31.8899993896484,18.8999996185303,966.929992675781,218,3.98000001907349,10000
2025,4,25,18,10,30.1499996185303,24.2999992370606,967.820007324219,239,3.26999998092651,10000
2025,4,25,19,10,28.5200004577637,27.2999992370606,968.780029296875,267,3.42000007629395,10000
2025,4,25,20,10,28.2299995422363,27.3999996185303,969.369995117188,298,3.86999988555908,10000
2025,4,25,21,10,27.2299995422363,28.2999992370606,970.030029296875,318,3.90000009536743,10000
2025,4,25,22,10,26.4799995422363,28.5,970.400024414063,330,3.57999992370606,10000
2025,4,25,23,10,24.5599994659424,34.5,970.109985351563,342,3.71000003814697,10000
2025,4,25,24,10,24.6200008392334,32.7999992370606,969.700012207031,354,3.83999991416931,10000
2025,4,26,1,10,24.2800006866455,33.5,969.75,5,3.32999992370606,10000
2025,4,26,2,10,23.6599998474121,35.5,969.349975585938,21,2.75,10000
2025,4,26,3,10,23.2999992370606,37.2999992370606,969.659973144531,27,2.36999988555908,10000
2025,4,26,4,10,24.6200008392334,38.4000015258789,970.349975585938,40,2.17000007629395,10000
2025,4,26,5,10,25.2299995422363,38.0999984741211,970.719970703125,68,2.63000011444092,10000
2025,4,26,6,10,25.6399993896484,37.0999984741211,971.070007324219,108,2.67000007629395,10000
2025,4,26,7,10,26.7900009155273,38.5,971.549987792969,151,4.80000019073486,10000
2025,4,26,8,10,27.0400009155273,40.0999984741211,971.590026855469,165,6.59999990463257,10000
2025,4,26,9,9,28.7600002288818,38.7000007629395,971.599975585938,164,6.8600001335144,10000
2025,4,26,10,9,29.1000003814697,38.5,970.840026855469,149,5.90999984741211,10000
2025,4,26,11,10,30.3500003814697,30.8999996185303,970.330017089844,132,6.40999984741211,10000
2025,4,26,12,10,28.8400001525879,35.4000015258789,970.179992675781,142,6.21000003814697,10000
2025,4,26,13,10,28.6599998474121,34.2999992370606,970.599975585938,196,5.53999996185303,10000
2025,4,26,14,9,29.3799991607666,32.9000015258789,969.27001953125,116,3.0699999332428,10000
2025,4,26,15,9,28.8600006103516,36.7999992370606,968.309997558594,93,4.63000011444092,10000
2025,4,26,16,10,28.9500007629395,35.5,968.440002441406,90,5.17999982833862,10000
2025,4,26,17,10,27.3700008392334,45.5,969.599975585938,5,0.879999995231628,10000
2025,4,26,18,10,23.2600002288818,63,970.239990234375,2,2.61999988555908,10000
2025,4,26,19,9,22.3199996948242,69.6999969482422,969.590026855469,54,3.8199999332428,10000
2025,4,26,20,9,22.3799991607666,68.6999969482422,968.840026855469,52,3.98000001907349,10000
2025,4,26,21,5,22.6599998474121,61.7000007629395,968.840026855469,41,3.42000007629395,10000
2025,4,26,22,4,22.0799999237061,60.4000015258789,968.590026855469,44,3.07999992370606,10000
2025,4,26,23,4,21.3400001525879,53,968.369995117188,24,2.64000010490418,10000
2025,4,26,24,1,21.25,56.2999992370606,968.200012207031,39,3.02999997138977,10000
2025,4,27,1,2,20.7299995422363,61.0999984741211,967.97998046875,58,2.41000008583069,10000
2025,4,27,2,3,20.8199996948242,63.7000007629395,968.919982910156,15,0.97000002861023,10000
2025,4,27,3,4,19.5900001525879,67.5,968.940002441406,7,1.19000005722046,10000
2025,4,27,4,1,19.7199993133545,67.3000030517578,969.530029296875,19,1.70000004768372,10000
2025,4,27,5,0,21.1200008392334,57.7999992370606,970,7,1.49000000953674,10000
2025,4,27,6,0,24.9099998474121,47,970.400024414063,330,1.66999995708466,10000
2025,4,27,7,0,26.0499992370606,41.7999992370606,970.919982910156,302,2.47000002861023,10000
2025,4,27,8,0,26.5799999237061,38.0999984741211,971.109985351563,288,3.42000007629395,10000
2025,4,27,9,1,29.9599990844727,28.7000007629395,971.5,280,4.09000015258789,10000
2025,4,27,10,6,30,28,971.640014648438,276,4.42000007629395,10000
2025,4,27,11,4,30.6399993896484,23.2000007629395,972.059997558594,282,4.6399998664856,10000
2025,4,27,12,9,30.670000076294,20.3999996185303,971.739990234375,280,4.44000005722046,10000
2025,4,27,13,10,30.7600002288818,17.5,971.429992675781,278,4.15000009536743,10000
2025,4,27,14,10,30.4400005340576,16.7999992370606,971.659973144531,280,3.75999999046326,10000
2025,4,27,15,10,28.7600002288818,17.8999996185303,971.5,281,3.34999990463257,10000
2025,4,27,16,9,28.3600006103516,17.2000007629395,971.989990234375,279,2.65000009536743,10000
2025,4,27,17,4,27.0400009155273,23.2000007629395,972.190002441406,277,1.92999994754791,10000
2025,4,27,18,6,23.170000076294,32.7999992370606,972.710021972656,286,1.87000000476837,10000
2025,4,27,19,10,22.170000076294,37.2999992370606,973.219970703125,308,2.02999997138977,10000
2025,4,27,20,10,22.5699996948242,35.4000015258789,973,349,1.89999997615814,10000
2025,4,27,21,10,20.5799999237061,40,972.909973144531,23,1.49000000953674,10000
2025,4,27,22,10,20.9500007629395,35.0999984741211,972.369995117188,49,1.75999999046326,10000
2025,4,27,23,7,19.5300006866455,34.2000007629395,971.900024414063,43,1.78999996185303,10000
2025,4,27,24,8,18.6299991607666,37.2000007629395,971.700012207031,26,1.54999995231628,10000
2025,4,28,1,9,17.9599990844727,40.0999984741211,971.640014648438,8,1.37999999523163,10000
2025,4,28,2,10,18.2299995422363,38.2999992370606,971.530029296875,8,1.62999999523163,10000
2025,4,28,3,10,17.9899997711182,38.2000007629395,971.330017089844,15,1.92999994754791,10000
2025,4,28,4,10,18.25,38.2000007629395,971.530029296875,21,1.96000003814697,10000
2025,4,28,5,10,18.9699993133545,37.5,971.760009765625,18,2,10000
2025,4,28,6,10,23.3999996185303,33.2000007629395,971.840026855469,7,1.73000001907349,10000
2025,4,28,7,10,24.670000076294,31.3999996185303,971.780029296875,355,1.76999998092651,10000
2025,4,28,8,10,26.25,30.7000007629395,971.739990234375,337,1.58000004291534,10000
2025,4,28,9,10,29.2299995422363,22,971.530029296875,319,1.62000000476837,10000
2025,4,28,10,10,30.3799991607666,19.1000003814697,971.219970703125,302,1.86000001430512,10000
2025,4,28,11,10,31.8199996948242,16.5,971.080017089844,287,2.6800000667572,10000
2025,4,28,12,10,31.9699993133545,15.8999996185303,970.619995117188,287,2.63000011444092,10000
2025,4,28,13,10,32.2299995422363,15.3999996185303,970.190002441406,287,2.51999998092651,10000
2025,4,28,14,10,32.1300010681152,14.8000001907349,969.780029296875,286,2,10000
2025,4,28,15,10,31.0400009155273,15.3000001907349,969.559997558594,268,1.62000000476837,10000
2025,4,28,16,10,30.8600006103516,12.1999998092651,969.960021972656,244,2.05999994277954,10000
2025,4,28,17,9,29.7299995422363,15.3000001907349,969.919982910156,246,2.64000010490418,10000
2025,4,28,18,9,25.9099998474121,21,970.640014648438,256,2.33999991416931,10000
2025,4,28,19,10,25.6100006103516,22.2000007629395,970.960021972656,272,2.11999988555908,10000
2025,4,28,20,10,25.2700004577637,24.2000007629395,971.169982910156,314,1.58000004291534,10000
2025,4,28,21,7,24.5900001525879,25.2000007629395,971.330017089844,8,0.870000004768372,10000
2025,4,28,22,7,22.4599990844727,26.7000007629395,971.130004882813,28,1.36000001430512,10000
2025,4,28,23,6,20.8199996948242,31.3999996185303,971.52001953125,47,1.49000000953674,10000
2025,4,28,24,7,20.1800003051758,32.0999984741211,971.429992675781,57,1.51999998092651,10000
2025,4,29,1,8,20.0200004577637,34,971.239990234375,70,1.94000005722046,10000
2025,4,29,2,4,18.9099998474121,35.7999992370606,971.039978027344,78,2.40000009536743,10000
2025,4,29,3,1,18.1399993896484,38.7000007629395,970.780029296875,78,2.58999991416931,10000
2025,4,29,4,2,20.8600006103516,30.5,970.760009765625,70,2.69000005722046,10000
2025,4,29,5,0,24.2399997711182,28,970.830017089844,60,2.74000000953674,10000
2025,4,29,6,0,27.8199996948242,24.1000003814697,971.070007324219,60,1.8400000333786,10000
2025,4,29,7,0,29.2600002288818,22.1000003814697,971.030029296875,69,1.05999994277954,10000
2025,4,29,8,0,29.6399993896484,21.7999992370606,970.77001953125,277,0.119999997317791,10000
2025,4,29,9,0,32.560001373291,16.7000007629395,970.359985351563,244,1.08000004291534,10000
2025,4,29,10,0,32.5299987792969,18.7000007629395,969.859985351563,238,2.14000010490418,10000
2025,4,29,11,2,34.25,16.7999992370606,969.359985351563,233,2.49000000953674,10000
2025,4,29,12,0,34.8600006103516,14.6000003814697,968.619995117188,236,3.08999991416931,10000
2025,4,29,13,0,35.0800018310547,12.6999998092651,968.010009765625,243,3.47000002861023,10000
2025,4,29,14,0,35.0299987792969,11.5,967.780029296875,252,3.96000003814697,10000
2025,4,29,15,0,34.189998626709,11.8999996185303,967.780029296875,264,3.77999997138977,10000
2025,4,29,16,0,33.6300010681152,8.60000038146973,967.780029296875,282,2.45000004768372,10000
2025,4,29,17,0,31.3099994659424,12.3000001907349,968.080017089844,344,1.30999994277954,10000
2025,4,29,18,0,27.75,18.7999992370606,969.010009765625,23,1.78999996185303,10000
2025,4,29,19,0,26.6000003814697,27.8999996185303,970.02001953125,64,2.95000004768372,10000
2025,4,29,20,0,26.1100006103516,33.5,970.530029296875,80,3.53999996185303,10000
2025,4,29,21,0,24.4500007629395,43.5999984741211,970.640014648438,94,3.53999996185303,10000
2025,4,29,22,0,24.1000003814697,47.2000007629395,970.799987792969,100,3.00999999046326,10000
2025,4,29,23,0,24.3099994659424,42.7999992370606,969.809997558594,126,3.26999998092651,10000
2025,4,29,24,0,24.2299995422363,42,969.809997558594,118,3.05999994277954,10000
2025,4,30,1,0,24.3799991607666,40.7000007629395,970.140014648438,102,2.84999990463257,10000
2025,4,30,2,0,24.420000076294,40.5,970.400024414063,95,3.13000011444092,10000
2025,4,30,3,0,23.5,42.7000007629395,970.650024414063,95,3.25999999046326,10000
2025,4,30,4,2,23.3899993896484,42,970.989990234375,98,3.5,10000
2025,4,30,5,1,24.8799991607666,38,971.599975585938,106,3.63000011444092,10000
2025,4,30,6,0,29.3199996948242,32.2000007629395,971.710021972656,126,3.84999990463257,10000
2025,4,30,7,0,29.9500007629395,32.7000007629395,972.02001953125,143,3.80999994277954,10000
2025,4,30,8,1,31,29.1000003814697,971.900024414063,167,3.65000009536743,10000
2025,4,30,9,1,35,19.5,971.799987792969,189,4,10000
2025,4,30,10,1,35.4599990844727,17.7999992370606,971.419982910156,202,4.67000007629395,10000
2025,4,30,11,2,37.1399993896484,11.8999996185303,970.760009765625,201,5.32000017166138,10000
2025,4,30,12,1,37.2700004577637,11.8999996185303,970.179992675781,206,5.75,10000
2025,4,30,13,2,37.2599983215332,11,969.909973144531,209,5.94999980926514,10000
2025,4,30,14,3,37.4700012207031,11.1000003814697,969.619995117188,217,5.86999988555908,10000
2025,4,30,15,4,36.1699981689453,11,969.619995117188,227,5.59000015258789,10000
2025,4,30,16,2,35.6199989318848,8.10000038146973,969.929992675781,232,4.61999988555908,10000
2025,4,30,17,0,34.4199981689453,12.8000001907349,970.030029296875,241,3.33999991416931,10000
2025,4,30,18,0,30.0799999237061,19.1000003814697,970.760009765625,260,2.42000007629395,10000
2025,4,30,19,0,28.2800006866455,22.3999996185303,971.260009765625,294,2.20000004768372,10000
2025,4,30,20,0,28.7700004577637,22,971.630004882813,343,2.45000004768372,10000
2025,4,30,21,0,26.8199996948242,23.8999996185303,971.52001953125,29,1.63999998569489,10000
2025,4,30,22,0,25.7399997711182,24.8999996185303,971.669982910156,57,2.15000009536743,10000
2025,4,30,23,0,23.8700008392334,28.3999996185303,971.849975585938,71,2.61999988555908,10000
2025,4,30,24,0,23.9500007629395,28.6000003814697,971.719970703125,76,3.02999997138977,10000
2025,5,1,1,0,24.0699996948242,27.5,971.590026855469,77,3.1800000667572,10000
2025,5,1,2,0,23.8299999237061,27.6000003814697,971.669982910156,80,3.20000004768372,10000
2025,5,1,3,0,23.0599994659424,28,971.630004882813,81,3.24000000953674,10000
2025,5,1,4,0,23.1800003051758,28.1000003814697,972,83,3.5,10000
2025,5,1,5,0,24.5300006866455,28.2000007629395,972.539978027344,90,3.59999990463257,10000
2025,5,1,6,0,30.6800003051758,20.7000007629395,972.609985351563,107,2.96000003814697,10000
2025,5,1,7,0,31.8899993896484,21.5,973.02001953125,138,3.45000004768372,10000
2025,5,1,8,0,32.6399993896484,21.6000003814697,972.890014648438,161,4.15999984741211,10000
2025,5,1,9,0,37.1500015258789,15.6999998092651,972.590026855469,174,4.13000011444092,10000
2025,5,1,10,2,37.4900016784668,13.6999998092651,972.380004882813,177,3.89000010490418,10000
2025,5,1,11,7,38.2799987792969,10.6999998092651,971.200012207031,186,3.30999994277954,10000
2025,5,1,12,8,38.4300003051758,10.3999996185303,969.940002441406,159,3.32999992370606,10000
2025,5,1,13,9,38.6399993896484,9.89999961853027,968.849975585938,155,3.70000004768372,10000
2025,5,1,14,10,38.560001373291,10,968.489990234375,166,3.9300000667572,10000
2025,5,1,15,10,36.6399993896484,12.3000001907349,968.840026855469,219,4.65999984741211,10000
2025,5,1,16,9,36.1199989318848,10.8999996185303,969.030029296875,252,4.26999998092651,10000
2025,5,1,17,10,33.6199989318848,17,969.419982910156,269,2.45000004768372,10000
2025,5,1,18,10,31.2900009155273,22.2000007629395,970.090026855469,327,1.53999996185303,10000
2025,5,1,19,10,29.9300003051758,26.2999992370606,970.929992675781,11,1.37000000476837,10000
2025,5,1,20,10,29.8999996185303,28.2000007629395,971.22998046875,6,2.24000000953674,10000
2025,5,1,21,9,29.1900005340576,27.2000007629395,971.340026855469,359,3.60999989509583,10000
2025,5,1,22,7,28.0200004577637,26.7999992370606,971.119995117188,13,4.48999977111816,10000
2025,5,1,23,7,27.4599990844727,37.7000007629395,971.929992675781,12,5.55999994277954,10000
2025,5,1,24,7,26.8899993896484,35,971.219970703125,39,4.69000005722046,10000
2025,5,2,1,5,26.5200004577637,34.7999992370606,970.799987792969,53,3.96000003814697,10000
2025,5,2,2,7,26.7099990844727,33.2999992370606,970.840026855469,38,3.01999998092651,10000
2025,5,2,3,5,26.3899993896484,33.2999992370606,970.789978027344,37,4.3899998664856,10000
2025,5,2,4,1,28.0499992370606,31,970.47998046875,53,5.6399998664856,10000
2025,5,2,5,2,28.1299991607666,34.4000015258789,970.530029296875,56,5.98000001907349,10000
2025,5,2,6,3,30.1599998474121,31.8999996185303,970.820007324219,54,6.07999992370606,10000
2025,5,2,7,3,32.1500015258789,28.3999996185303,970.530029296875,61,6.65999984741211,10000
2025,5,2,8,2,33.7299995422363,24.3999996185303,970.22998046875,89,5.63000011444092,10000
2025,5,2,9,1,34.1399993896484,24.7999992370606,969.799987792969,141,5.73999977111816,10000
2025,5,2,10,1,35.9300003051758,20.2000007629395,968.869995117188,176,8.1899995803833,10000
2025,5,2,11,9,37.939998626709,18.3999996185303,967.590026855469,190,9.82999992370606,10000
2025,5,2,12,6,38.5699996948242,16.8999996185303,967.630004882813,190,8.5,10000
2025,5,2,13,2,37.5999984741211,13.8000001907349,966.460021972656,181,7.96000003814697,10000
2025,5,2,14,6,37.9599990844727,13.1999998092651,966.190002441406,189,8.25,10000
2025,5,2,15,5,36.8300018310547,11.6999998092651,966.510009765625,211,6.51000022888184,10000
2025,5,2,16,3,36.5,9.5,966.799987792969,226,4.21999979019165,10000
2025,5,2,17,7,34.689998626709,13.6999998092651,967.349975585938,226,2.85999989509583,10000
2025,5,2,18,4,31.9899997711182,17.1000003814697,968.099975585938,229,3,10000
2025,5,2,19,4,29.7700004577637,23.7999992370606,968.929992675781,258,2.65000009536743,10000
2025,5,2,20,3,28.7399997711182,26.7000007629395,969.200012207031,292,4.1100001335144,10000
2025,5,2,21,0,25.6000003814697,34.5,969.830017089844,311,5.57999992370606,10000
2025,5,2,22,0,25.3500003814697,36.2999992370606,970.099975585938,330,5.34000015258789,10000
2025,5,2,23,2,25.3099994659424,37.7000007629395,969.799987792969,338,4.76999998092651,10000
2025,5,2,24,5,25.1900005340576,38.4000015258789,969.640014648438,348,4.94000005722046,10000
2025,5,3,1,5,25.3400001525879,39.5999984741211,969.700012207031,4,4.44999980926514,10000
2025,5,3,2,7,25.3500003814697,41.2000007629395,969.700012207031,14,3.54999995231628,10000
2025,5,3,3,8,25.1100006103516,41.5999984741211,970.119995117188,22,3.42000007629395,10000
2025,5,3,4,7,24.7700004577637,44.2999992370606,969.700012207031,14,3.9300000667572,10000
2025,5,3,5,7,24.9899997711182,42.7999992370606,969.719970703125,16,4.26999998092651,10000
2025,5,3,6,6,26.2000007629395,42.9000015258789,969.580017089844,26,3.97000002861023,10000
2025,5,3,7,4,27.5900001525879,39.9000015258789,969.640014648438,53,4.17999982833862,10000
2025,5,3,8,4,28.5300006866455,36.9000015258789,968.880004882813,76,3.50999999046326,10000
2025,5,3,9,4,32.560001373291,24.8999996185303,968.47998046875,125,3.13000011444092,10000
2025,5,3,10,2,33.75,22.6000003814697,967.950012207031,160,3.97000002861023,10000
2025,5,3,11,2,34.7900009155273,23.8999996185303,967.450012207031,242,2.28999996185303,10000
2025,5,3,12,3,35.1500015258789,22.7000007629395,966.969970703125,273,1.80999994277954,10000
2025,5,3,13,3,35.5099983215332,20.3999996185303,966.5,278,1.85000002384186,10000
2025,5,3,14,4,35.8400001525879,20.2000007629395,966.239990234375,278,1.82000005245209,10000
2025,5,3,15,4,35.0800018310547,19.1000003814697,965.659973144531,287,2.15000009536743,10000
2025,5,3,16,3,34.8899993896484,16.8999996185303,965.760009765625,299,2.59999990463257,10000
2025,5,3,17,2,33.6800003051758,20.2999992370606,966.049987792969,306,2.34999990463257,10000
2025,5,3,18,3,29.6200008392334,26.2000007629395,966.710021972656,323,2.38000011444092,10000
2025,5,3,19,2,28.6599998474121,30.1000003814697,967.280029296875,331,1.91999995708466,10000
2025,5,3,20,2,27.9300003051758,34.9000015258789,967.580017089844,323,2.02999997138977,10000
2025,5,3,21,2,25.0200004577637,45.5,968.070007324219,302,2.30999994277954,10000
2025,5,3,22,2,24.2099990844727,50.0999984741211,968.429992675781,296,2.90000009536743,10000
2025,5,3,23,1,23.7999992370606,30.2000007629395,968.590026855469,313,3.34999990463257,10000
2025,5,3,24,4,23.2900009155273,30,968.340026855469,325,3.71000003814697,10000
2025,5,4,1,10,23.2199993133545,29.5,968.299987792969,331,3.65000009536743,10000
2025,5,4,2,10,22.8400001525879,29.6000003814697,968.900024414063,349,3.02999997138977,10000
2025,5,4,3,9,21.8400001525879,32.5999984741211,969.349975585938,35,2.46000003814697,10000
2025,5,4,4,5,21.8600006103516,34.9000015258789,969.929992675781,73,3.60999989509583,10000
2025,5,4,5,1,21.7800006866455,40.2999992370606,969.580017089844,69,4.17999982833862,10000
2025,5,4,6,1,26.3600006103516,41.4000015258789,969.02001953125,54,4.34000015258789,10000
2025,5,4,7,4,27.4899997711182,41.7000007629395,968.690002441406,55,4.96999979019165,10000
2025,5,4,8,6,28.5699996948242,30.2000007629395,968.570007324219,70,4.69999980926514,10000
2025,5,4,9,5,30.8700008392334,29.2000007629395,968.010009765625,72,3.61999988555908,10000
2025,5,4,10,8,31.4400005340576,29.6000003814697,967.630004882813,105,2.04999995231628,10000
2025,5,4,11,9,31.2399997711182,36.2000007629395,966.239990234375,135,3.71000003814697,10000
2025,5,4,12,6,30.7600002288818,38.0999984741211,966.340026855469,33,2.51999998092651,10000
2025,5,4,13,7,31.7399997711182,33.2999992370606,966.049987792969,11,4.03999996185303,10000
2025,5,4,14,6,32.3699989318848,32.4000015258789,965.510009765625,5,6.78000020980835,10000
2025,5,4,15,4,30.0900001525879,38.7000007629395,964.22998046875,19,7.19000005722046,10000
2025,5,4,16,6,27.2399997711182,50.9000015258789,964.960021972656,55,6.34000015258789,10000
2025,5,4,17,0,26.2299995422363,58.2999992370606,963.849975585938,58,6.69000005722046,10000
2025,5,4,18,0,24.5799999237061,57.7999992370606,963.090026855469,48,6.01000022888184,10000
2025,5,4,19,0,25.2600002288818,52.4000015258789,962.950012207031,46,5.19999980926514,10000
2025,5,4,20,0,25.5200004577637,50.0999984741211,962.960021972656,52,4.07000017166138,10000
2025,5,4,21,0,22.7099990844727,57.0999984741211,963.010009765625,65,3.01999998092651,10000
2025,5,4,22,0,22.2700004577637,59.7000007629395,963.299987792969,88,2.48000001907349,10000
2025,5,4,23,0,22.920000076294,53.5,962.969970703125,126,3.5699999332428,10000
2025,5,4,24,0,22.5900001525879,50.0999984741211,963.549987792969,142,4.28000020980835,10000
2025,5,5,1,0,22.7800006866455,46.2999992370606,963.900024414063,140,4.46999979019165,10000
2025,5,5,2,0,23.3700008392334,44.4000015258789,963.989990234375,134,4.55999994277954,10000
2025,5,5,3,2,21.3600006103516,50.5,964.900024414063,138,5.90000009536743,10000
2025,5,5,4,1,21.0300006866455,46.7999992370606,965.880004882813,149,6.1100001335144,10000
2025,5,5,5,0,21.8700008392334,38.4000015258789,966.25,161,5.73999977111816,10000
2025,5,5,6,0,24.3500003814697,28.5,967.049987792969,165,5.48999977111816,10000
2025,5,5,7,0,24.9500007629395,32.2999992370606,967.340026855469,174,5.44000005722046,10000
2025,5,5,8,0,25.7000007629395,37.2999992370606,967.690002441406,187,5.32999992370606,10000
2025,5,5,9,1,26.1000003814697,42.2000007629395,968.070007324219,199,5.63000011444092,10000
2025,5,5,10,3,28.6599998474121,40.9000015258789,968.22998046875,207,6.44000005722046,10000
2025,5,5,11,0,28.9899997711182,30.2999992370606,968.390014648438,221,5.28999996185303,10000
2025,5,5,12,4,28.8899993896484,28,968.130004882813,227,5.78999996185303,10000
2025,5,5,13,2,29.1499996185303,25.2999992370606,968.059997558594,237,5.98999977111816,10000
2025,5,5,14,2,29.0100002288818,22.3999996185303,968.869995117188,246,6.23000001907349,10000
2025,5,5,15,3,27.9400005340576,24,969.289978027344,250,6.76000022888184,10000
2025,5,5,16,2,26.3500003814697,28.1000003814697,970.469970703125,251,6.36999988555908,10000
2025,5,5,17,2,24.2000007629395,35.5999984741211,971.039978027344,249,5.15000009536743,10000
2025,5,5,18,0,22.0900001525879,45.4000015258789,972.109985351563,252,3.72000002861023,10000
2025,5,5,19,0,18.920000076294,52.9000015258789,972.650024414063,257,2.50999999046326,10000
2025,5,5,20,0,18.0599994659424,60.9000015258789,973.320007324219,262,2,10000
2025,5,5,21,0,18.0499992370606,62.5,973.780029296875,265,1.95000004768372,10000
2025,5,5,22,0,18.7600002288818,56.7000007629395,974.049987792969,267,1.8400000333786,10000
2025,5,5,23,0,16.1900005340576,65.9000015258789,974.200012207031,277,2.07999992370606,10000
2025,5,5,24,1,16.8400001525879,57.9000015258789,974.469970703125,286,1.78999996185303,10000
2025,5,6,1,2,16.9599990844727,56.5,974.419982910156,302,1.51999998092651,10000
2025,5,6,2,5,16.7800006866455,56.0999984741211,974.710021972656,290,1.35000002384186,10000
2025,5,6,3,7,16.6900005340576,68.4000015258789,974.950012207031,295,1.83000004291534,10000
2025,5,6,4,9,16.5599994659424,77.5999984741211,975.75,21,0.920000016689301,10000
2025,5,6,5,8,17.2299995422363,69.6999969482422,976.02001953125,60,0.790000021457672,10000
2025,5,6,6,7,21.0599994659424,56.9000015258789,976.809997558594,100,0.610000014305115,10000
2025,5,6,7,4,21.6200008392334,54.2999992370606,977.210021972656,202,1.23000001907349,10000
2025,5,6,8,2,22.1399993896484,52.2999992370606,977.049987792969,217,2.10999989509583,10000
2025,5,6,9,1,22.4500007629395,49,977.140014648438,229,2.80999994277954,10000
2025,5,6,10,3,24.1900005340576,42.7000007629395,976.739990234375,249,3.45000004768372,10000
2025,5,6,11,1,26.3299999237061,40.0999984741211,976.099975585938,243,3.01999998092651,10000
2025,5,6,12,2,26.670000076294,37.5,975.630004882813,255,3.24000000953674,10000
2025,5,6,13,1,26.8199996948242,35.7000007629395,975.059997558594,259,3.3199999332428,10000
2025,5,6,14,1,27.1200008392334,34,975.070007324219,259,3.49000000953674,10000
2025,5,6,15,1,26.6900005340576,34.5,974.780029296875,263,3.54999995231628,10000
2025,5,6,16,2,26.1299991607666,35,975.059997558594,271,3.01999998092651,10000
2025,5,6,17,1,24.9099998474121,51.7999992370606,975.369995117188,286,1.82000005245209,10000
2025,5,6,18,3,22.4500007629395,52.2000007629395,975.940002441406,334,1.63999998569489,10000
2025,5,6,19,4,21.75,53.5999984741211,976.630004882813,27,1.5900000333786,10000
2025,5,6,20,3,21.3999996185303,53.5,976.640014648438,49,2.5699999332428,10000
2025,5,6,21,0,20.1299991607666,57.7000007629395,976.919982910156,60,2.99000000953674,10000
2025,5,6,22,0,19.6100006103516,60.0999984741211,976.47998046875,67,3.03999996185303,10000
2025,5,6,23,1,17.8400001525879,62.9000015258789,976.419982910156,70,3.28999996185303,10000
2025,5,6,24,0,17.75,63.7000007629395,976.119995117188,69,2.86999988555908,10000
2025,5,7,1,0,17.5799999237061,64.5999984741211,975.909973144531,67,2.52999997138977,10000
2025,5,7,2,0,17.2900009155273,65.1999969482422,975.960021972656,61,2.49000000953674,10000
2025,5,7,3,0,16.8199996948242,67.5999984741211,976.119995117188,55,2.60999989509583,10000
2025,5,7,4,0,17.5100002288818,65.8000030517578,976.840026855469,54,3.00999999046326,10000
2025,5,7,5,0,19.420000076294,60.2999992370606,977.02001953125,58,2.53999996185303,10000
2025,5,7,6,0,24.6800003051758,44.4000015258789,977.460021972656,54,1.75,10000
2025,5,7,7,0,25.25,40.7000007629395,977.489990234375,9,1.23000001907349,10000
2025,5,7,8,0,25.6100006103516,39.5,977.47998046875,317,1.99000000953674,10000
2025,5,7,9,0,28.6800003051758,31.2999992370606,977.119995117188,309,3.08999991416931,10000
2025,5,7,10,0,29.1399993896484,29.3999996185303,976.799987792969,308,3.83999991416931,10000
2025,5,7,11,0,30,26.1000003814697,976.349975585938,316,3.71000003814697,10000
2025,5,7,12,0,30.5400009155273,23.7000007629395,975.52001953125,313,3.83999991416931,10000
2025,5,7,13,0,31.1900005340576,21,974.429992675781,311,3.91000008583069,10000
2025,5,7,14,0,31.75,19.2000007629395,974.260009765625,309,3.8199999332428,10000
2025,5,7,15,0,31.7600002288818,18.2999992370606,973.780029296875,311,3.66000008583069,10000
2025,5,7,16,0,31.0100002288818,16.5,973.650024414063,314,2.55999994277954,10000
2025,5,7,17,0,26.5200004577637,38.5,973.539978027344,321,2.1800000667572,10000
2025,5,7,18,0,24.3999996185303,44.9000015258789,973.820007324219,349,2.14000010490418,10000
2025,5,7,19,0,23.0699996948242,47.0999984741211,974.419982910156,23,1.75999999046326,10000
2025,5,7,20,0,22.3099994659424,45.7999992370606,974.309997558594,44,1.20000004768372,10000
2025,5,7,21,0,22.0499992370606,44.5999984741211,974.380004882813,55,0.97000002861023,10000
2025,5,7,22,0,21.3099994659424,44.0999984741211,974.380004882813,57,1,10000
2025,5,7,23,0,19.2800006866455,54.7000007629395,973.869995117188,63,0.949999988079071,10000
2025,5,7,24,0,18.3299999237061,59.4000015258789,973.280029296875,63,1.25,10000
2025,5,8,1,0,17.7399997711182,62.4000015258789,973.190002441406,60,1.47000002861023,10000
2025,5,8,2,0,17.1399993896484,63.5,973.130004882813,55,1.73000001907349,10000
2025,5,8,3,0,16.7900009155273,63.0999984741211,973.210021972656,57,2.19000005722046,10000
2025,5,8,4,0,19.6200008392334,47.2999992370606,973.72998046875,59,2.73000001907349,10000
2025,5,8,5,0,23.920000076294,41.2000007629395,973.900024414063,59,2.73000001907349,10000
2025,5,8,6,0,26.3899993896484,36.2000007629395,974.099975585938,58,2,10000
2025,5,8,7,2,27.7999992370606,29.1000003814697,974.080017089844,41,1.75999999046326,10000
2025,5,8,8,2,28.6299991607666,26.7999992370606,973.909973144531,355,2.02999997138977,10000
2025,5,8,9,2,32.0699996948242,21.2000007629395,973.909973144531,327,2.86999988555908,10000
2025,5,8,10,1,32.4799995422363,20,973.280029296875,316,3.40000009536743,10000
2025,5,8,11,0,33.9099998474121,16.8999996185303,972.710021972656,320,3.85999989509583,10000
2025,5,8,12,0,34.1500015258789,16.2000007629395,972.200012207031,317,4.09000015258789,10000
2025,5,8,13,0,34.4900016784668,15.8000001907349,971.330017089844,311,4.09999990463257,10000
2025,5,8,14,0,34.6500015258789,15,971.109985351563,309,4.09000015258789,10000
2025,5,8,15,0,34.1300010681152,15.3000001907349,970.840026855469,308,3.85999989509583,10000
2025,5,8,16,0,33.0699996948242,13.8999996185303,970.719970703125,303,2.5,10000
2025,5,8,17,0,30.7399997711182,26.7999992370606,970.710021972656,291,2.49000000953674,10000
2025,5,8,18,1,29.75,22.7000007629395,971.340026855469,283,2.24000000953674,10000
2025,5,8,19,2,30.0300006866455,20.1000003814697,971.900024414063,265,1.88999998569489,10000
2025,5,8,20,2,28.1200008392334,27,971.989990234375,239,0.870000004768372,10000
2025,5,8,21,3,25.3099994659424,31.2000007629395,971.909973144531,244,0.730000019073486,10000
2025,5,8,22,2,24.7800006866455,30.8999996185303,971.900024414063,267,0.670000016689301,10000
2025,5,8,23,0,22.420000076294,38.2999992370606,971.599975585938,321,0.230000004172325,10000
2025,5,8,24,0,21.6399993896484,38.7999992370606,971.659973144531,27,1.04999995231628,10000
2025,5,9,1,0,20.7199993133545,44.2000007629395,971.679992675781,55,1.73000001907349,10000
2025,5,9,2,1,20.9300003051758,43.5,971.590026855469,62,2.3199999332428,10000
2025,5,9,3,3,20.1200008392334,46,972.080017089844,64,2.63000011444092,10000
2025,5,9,4,3,20.8199996948242,45,972.400024414063,63,3.00999999046326,10000
2025,5,9,5,1,22.8099994659424,40.2999992370606,972.950012207031,62,2.66000008583069,10000
2025,5,9,6,0,28.9899997711182,32.4000015258789,973.25,59,1.61000001430512,10000
2025,5,9,7,0,30.3400001525879,28.2999992370606,973.630004882813,18,1.22000002861023,10000
2025,5,9,8,0,31.2399997711182,24.7999992370606,973.510009765625,334,1.97000002861023,10000
2025,5,9,9,0,34.9099998474121,17.8999996185303,973.52001953125,316,3.28999996185303,10000
2025,5,9,10,0,35.4000015258789,16.8999996185303,973.239990234375,310,4.05999994277954,10000
2025,5,9,11,0,36.310001373291,14.6000003814697,973.109985351563,304,4.53999996185303,10000
2025,5,9,12,0,36.7000007629395,13.5,972.27001953125,298,4.92000007629395,10000
2025,5,9,13,0,36.9000015258789,13.3999996185303,971.919982910156,293,5.05999994277954,10000
2025,5,9,14,1,36.7900009155273,13.3999996185303,971.789978027344,291,5.05999994277954,10000
2025,5,9,15,0,35.75,13.3000001907349,971.280029296875,290,4.8899998664856,10000
2025,5,9,16,4,35.5699996948242,9.10000038146973,971.539978027344,286,4,10000
2025,5,9,17,9,33.1300010681152,17,971.840026855469,282,2.77999997138977,10000
2025,5,9,18,7,28.670000076294,27.2000007629395,972.130004882813,281,2.49000000953674,10000
2025,5,9,19,6,30.6499996185303,18,972.669982910156,282,2.69000005722046,10000
2025,5,9,20,4,28.2299995422363,26.6000003814697,972.809997558594,287,2.94000005722046,10000
2025,5,9,21,7,26.2700004577637,27.7999992370606,973.02001953125,309,2.10999989509583,10000
2025,5,9,22,5,24.8799991607666,31.7999992370606,972.97998046875,350,1.5,10000
2025,5,9,23,1,24.2000007629395,28.1000003814697,972.950012207031,26,1.48000001907349,10000
2025,5,9,24,0,24,28.8999996185303,972.869995117188,53,1.35000002384186,10000
2025,5,10,1,0,22.7600002288818,32.5,972.590026855469,65,1.47000002861023,10000
2025,5,10,2,0,21.6200008392334,35.5999984741211,972.47998046875,66,1.75,10000
2025,5,10,3,0,19.9400005340576,42.5,972.419982910156,69,1.97000002861023,10000
2025,5,10,4,0,21.1399993896484,38.5999984741211,972.640014648438,75,2.33999991416931,10000
2025,5,10,5,0,23.4099998474121,34.2999992370606,973.109985351563,79,2.19000005722046,10000
2025,5,10,6,0,26.25,31.7999992370606,973.260009765625,100,1.08000004291534,10000
2025,5,10,7,0,31.5699996948242,24.2000007629395,973.630004882813,193,0.899999976158142,10000
2025,5,10,8,0,33.6599998474121,21.6000003814697,973.419982910156,231,2.04999995231628,10000
2025,5,10,9,0,35.2000007629395,18.8999996185303,973.039978027344,250,2.6800000667572,10000
2025,5,10,10,0,36.1199989318848,16.6000003814697,972.650024414063,263,2.85999989509583,10000
2025,5,10,11,0,36.7900009155273,13.8999996185303,972.02001953125,277,2.84999990463257,10000
2025,5,10,12,0,37.7799987792969,11.8000001907349,971.109985351563,278,2.92000007629395,10000
2025,5,10,13,0,37.689998626709,12.6000003814697,970.880004882813,279,3.15000009536743,10000
2025,5,10,14,0,37.9099998474121,12.5,970.159973144531,281,3.45000004768372,10000
2025,5,10,15,0,37.0499992370606,12.6000003814697,969.989990234375,283,3.58999991416931,10000
2025,5,10,16,0,36.7599983215332,5.90000009536743,969.830017089844,286,3.23000001907349,10000
2025,5,10,17,0,32.5299987792969,15.1000003814697,970.130004882813,288,2.34999990463257,10000
2025,5,10,18,4,30.6599998474121,17.5,970.380004882813,286,2.03999996185303,10000
2025,5,10,19,8,30.8799991607666,18.7000007629395,971.190002441406,278,0.5,10000
2025,5,10,20,8,28.3799991607666,21.1000003814697,971.239990234375,279,0.449999988079071,10000
2025,5,10,21,1,27.2800006866455,23,971.530029296875,343,0.209999993443489,10000
2025,5,10,22,0,25.5599994659424,27,971.450012207031,25,0.5,10000
2025,5,10,23,5,24.5400009155273,27.2000007629395,971.460021972656,47,1.41999995708466,10000
2025,5,10,24,9,22.9699993133545,29.8999996185303,971.119995117188,60,1.74000000953674,10000
2025,5,11,1,10,22.7199993133545,30.6000003814697,971.130004882813,66,2.22000002861023,10000
2025,5,11,2,10,22.2000007629395,32.2000007629395,971,69,2.77999997138977,10000
2025,5,11,3,10,22.3400001525879,33.2000007629395,971.309997558594,71,3.03999996185303,10000
2025,5,11,4,9,23.7900009155273,24.2999992370606,971.219970703125,74,3.27999997138977,10000
2025,5,11,5,9,28.6299991607666,22.7999992370606,971.72998046875,82,3.25999999046326,10000
2025,5,11,6,7,31.5499992370606,23.5,971.820007324219,98,2.53999996185303,10000
2025,5,11,7,6,33.0900001525879,22.1000003814697,971.950012207031,128,2.23000001907349,10000
2025,5,11,8,2,33.9700012207031,20.8999996185303,971.429992675781,181,1.5900000333786,10000
2025,5,11,9,1,37.5299987792969,16,971.419982910156,232,2.15000009536743,10000
2025,5,11,10,4,37.8800010681152,14.6000003814697,971.010009765625,251,3.30999994277954,10000
2025,5,11,11,9,38.3199996948242,12.6000003814697,970.210021972656,258,3.66000008583069,10000
2025,5,11,12,8,38.5999984741211,11.8000001907349,969.570007324219,265,3.58999991416931,10000
2025,5,11,13,3,38.75,11.5,968.909973144531,266,3.76999998092651,10000
2025,5,11,14,1,38.7900009155273,10.8999996185303,968.510009765625,265,4.23999977111816,10000
2025,5,11,15,6,37.4599990844727,11.1999998092651,968.22998046875,267,4.44999980926514,10000
2025,5,11,16,8,36.9300003051758,9.39999961853027,968.070007324219,268,4.07999992370606,10000
2025,5,11,17,8,35.2700004577637,12.6000003814697,968.47998046875,277,2.97000002861023,10000
2025,5,11,18,8,32.1300010681152,16.2999992370606,968.679992675781,314,2.29999995231628,10000
2025,5,11,19,8,31.8199996948242,16.1000003814697,968.859985351563,28,2.29999995231628,10000
2025,5,11,20,5,31.7700004577637,15.6000003814697,968.440002441406,50,3.29999995231628,10000
2025,5,11,21,2,29.6100006103516,18.7000007629395,968.460021972656,50,3.35999989509583,10000
2025,5,11,22,0,29.0200004577637,21,968.070007324219,50,3.5699999332428,10000
2025,5,11,23,7,27.1399993896484,24.2000007629395,967.700012207031,63,3.73000001907349,10000
2025,5,11,24,7,27.0699996948242,24,967.059997558594,61,3.45000004768372,10000
2025,5,12,1,9,27.3700008392334,23.2999992370606,966.869995117188,52,4.21999979019165,10000
2025,5,12,2,9,27.8600006103516,22,966.219970703125,54,4.65000009536743,10000
2025,5,12,3,10,27.6900005340576,21.5,966.429992675781,53,3.77999997138977,10000
2025,5,12,4,7,27.9699993133545,21.3999996185303,966.280029296875,40,3.75999999046326,10000
2025,5,12,5,6,28.6200008392334,22.2000007629395,966.109985351563,26,3.86999988555908,10000
2025,5,12,6,8,32.0800018310547,21.8999996185303,966.630004882813,12,3.40000009536743,10000
2025,5,12,7,10,33,21.7999992370606,966.320007324219,22,3.48000001907349,10000
2025,5,12,8,10,33.6100006103516,21.3999996185303,965.609985351563,54,3.44000005722046,10000
2025,5,12,9,10,36.189998626709,17.8999996185303,964.469970703125,64,3.35999989509583,10000
2025,5,12,10,10,36.9199981689453,17.7999992370606,963.469970703125,97,3.24000000953674,10000
2025,5,12,11,9,40.4099998474121,10.6000003814697,961.950012207031,163,5.84999990463257,10000
2025,5,12,12,8,41.189998626709,9.69999980926514,960.97998046875,174,6.78999996185303,10000
2025,5,12,13,8,41.1100006103516,8.19999980926514,959.869995117188,192,5.55000019073486,10000
2025,5,12,14,9,41.2799987792969,8,959.72998046875,259,4.15000009536743,10000
2025,5,12,15,8,38.0900001525879,11,959.830017089844,323,6.53999996185303,10000
2025,5,12,16,2,36.3499984741211,13.8000001907349,960.359985351563,338,5.8600001335144,10000
2025,5,12,17,2,35.8699989318848,14.3999996185303,961.099975585938,317,4.59000015258789,10000
2025,5,12,18,0,31.5599994659424,20.6000003814697,961.929992675781,309,5.21000003814697,10000
2025,5,12,19,0,30.8500003814697,20.7999992370606,962.570007324219,319,4.84000015258789,10000
2025,5,12,20,0,30.7600002288818,20.2000007629395,963.159973144531,330,3.82999992370606,10000
2025,5,12,21,1,28.4799995422363,23.8999996185303,963.010009765625,338,3.00999999046326,10000
2025,5,12,22,8,27.5799999237061,26.2999992370606,963.159973144531,342,2.11999988555908,10000
2025,5,12,23,9,25.1499996185303,34.5999984741211,963.090026855469,356,2.00999999046326,10000
2025,5,12,24,10,25.4300003051758,33.5,962.570007324219,56,1.62999999523163,10000
2025,5,13,1,10,25.7199993133545,34.2999992370606,962.619995117188,74,2.57999992370606,10000
2025,5,13,2,10,25.3099994659424,35.5999984741211,962.52001953125,81,2.91000008583069,10000
2025,5,13,3,10,25.1499996185303,37.4000015258789,962.960021972656,92,2.4300000667572,10000
2025,5,13,4,9,24.9599990844727,38.7999992370606,964.5,170,1.14999997615814,10000
2025,5,13,5,4,25.6399993896484,37.5999984741211,964.909973144531,149,1.45000004768372,10000
2025,5,13,6,7,27.8600006103516,35.2000007629395,965.179992675781,137,1.94000005722046,10000
2025,5,13,7,8,28.6399993896484,32.2999992370606,965.299987792969,191,2.00999999046326,10000
2025,5,13,8,8,28.8299999237061,29.8999996185303,965.570007324219,189,2.39000010490418,10000
2025,5,13,9,6,31.420000076294,24.5,965.039978027344,177,3.75999999046326,10000
2025,5,13,10,7,32.5299987792969,23.1000003814697,965.099975585938,186,5.40000009536743,10000
2025,5,13,11,8,34.4300003051758,20.2999992370606,965.400024414063,219,5.28000020980835,10000
2025,5,13,12,9,34.2999992370606,19.2999992370606,964.559997558594,220,4.30999994277954,10000
2025,5,13,13,8,34.1300010681152,18.2999992370606,963.97998046875,227,4.69000005722046,10000
2025,5,13,14,3,33.7999992370606,17.7000007629395,963.909973144531,238,4.96999979019165,10000
2025,5,13,15,7,32.7799987792969,17.7999992370606,963.820007324219,245,4.78999996185303,10000
2025,5,13,16,10,32.3400001525879,18.1000003814697,964.190002441406,249,4.55000019073486,10000
2025,5,13,17,10,32.3899993896484,17.2999992370606,964.570007324219,245,3.40000009536743,10000
2025,5,13,18,9,30.5699996948242,19.2000007629395,965.289978027344,239,2.78999996185303,10000
2025,5,13,19,10,30.4899997711182,18.7999992370606,965.960021972656,241,2.67000007629395,10000
2025,5,13,20,10,30.2000007629395,19,966.380004882813,256,2.26999998092651,10000
2025,5,13,21,10,28.3500003814697,22.7000007629395,966.75,281,1.67999994754791,10000
2025,5,13,22,10,27.6399993896484,25.2000007629395,966.460021972656,332,2.02999997138977,10000
2025,5,13,23,4,25.3500003814697,31.3999996185303,965.700012207031,347,0.810000002384186,10000
2025,5,13,24,7,25.4400005340576,30.7999992370606,965.760009765625,151,1.26999998092651,10000
2025,5,14,1,2,25.5100002288818,29.2000007629395,965.909973144531,107,1.29999995231628,10000
2025,5,14,2,1,25.2800006866455,29.6000003814697,965.679992675781,109,0.889999985694885,10000
2025,5,14,3,2,23.1100006103516,36.5,966.419982910156,146,1.20000004768372,10000
2025,5,14,4,3,23.0699996948242,36,967.059997558594,204,0.239999994635582,10000
2025,5,14,5,2,23.9500007629395,35.2999992370606,967.580017089844,70,0.649999976158142,10000
2025,5,14,6,0,27.0200004577637,31.2999992370606,967.989990234375,156,0.680000007152557,10000
2025,5,14,7,0,28.5900001525879,29.7999992370606,968.440002441406,240,1.30999994277954,10000
2025,5,14,8,0,29.1000003814697,28.2999992370606,968.47998046875,262,2.49000000953674,10000
2025,5,14,9,0,31.8400001525879,22.7999992370606,968.880004882813,256,3.67000007629395,10000
2025,5,14,10,1,31.9899997711182,22.5,968.840026855469,250,4.94000005722046,10000
2025,5,14,11,3,32.9099998474121,20.2000007629395,968.299987792969,241,5.59999990463257,10000
2025,5,14,12,9,33.0099983215332,19.2999992370606,968.349975585938,237,7.01000022888184,10000
2025,5,14,13,1,32.5499992370606,19.7000007629395,968.059997558594,243,5.8600001335144,10000
2025,5,14,14,4,32.5400009155273,20,967.780029296875,237,5.51000022888184,10000
2025,5,14,15,5,31.3199996948242,20.2000007629395,967.690002441406,222,5.1100001335144,10000
2025,5,14,16,2,31.1599998474121,21.1000003814697,967.710021972656,221,3.58999991416931,10000
2025,5,14,17,1,30.8199996948242,17.7000007629395,967.840026855469,208,1.54999995231628,10000
2025,5,14,18,2,29.0699996948242,20.7999992370606,968.539978027344,189,1.73000001907349,10000
2025,5,14,19,3,26.7000007629395,24.5,969.02001953125,187,0.759999990463257,10000
2025,5,14,20,5,26.0499992370606,24.7999992370606,969.210021972656,358,0.670000016689301,10000
2025,5,14,21,3,23.8999996185303,30.6000003814697,969.109985351563,26,1.07000005245209,10000
2025,5,14,22,3,23.5599994659424,34.7000007629395,968.950012207031,20,2.50999999046326,10000
2025,5,14,23,2,22.2099990844727,43.5999984741211,968.5,360,4.17000007629395,10000
2025,5,14,24,3,21.9799995422363,46.4000015258789,968.190002441406,356,4.05999994277954,10000
2025,5,15,1,4,22.170000076294,46.4000015258789,968.390014648438,0,3.74000000953674,10000
2025,5,15,2,8,22.5,46,968.700012207031,9,3.66000008583069,10000
2025,5,15,3,9,21.0900001525879,50.9000015258789,969.25,26,3.90000009536743,10000
2025,5,15,4,7,20.8400001525879,51.9000015258789,969.599975585938,38,3.61999988555908,10000
2025,5,15,5,4,21.0599994659424,51.4000015258789,970.450012207031,30,1.69000005722046,10000
2025,5,15,6,6,24.4699993133545,41.9000015258789,971.039978027344,311,1.60000002384186,10000
2025,5,15,7,7,25.3299999237061,39.2000007629395,971.669982910156,302,3.08999991416931,10000
2025,5,15,8,4,25.9799995422363,36.7000007629395,971.900024414063,283,3.10999989509583,10000
2025,5,15,9,1,28.1599998474121,29.6000003814697,972.109985351563,265,3.38000011444092,10000
2025,5,15,10,1,28.7099990844727,29,972.210021972656,258,3.91000008583069,10000
2025,5,15,11,8,29.8999996185303,25,972.369995117188,258,5.05999994277954,10000
2025,5,15,12,6,30.0599994659424,23.8999996185303,972.580017089844,263,5,10000
2025,5,15,13,2,29.9699993133545,24.6000003814697,972.460021972656,268,4.42000007629395,10000
2025,5,15,14,0,30.2299995422363,22.3999996185303,972.02001953125,271,4.32000017166138,10000
2025,5,15,15,0,29.5400009155273,20.7999992370606,971.940002441406,274,4.05000019073486,10000
2025,5,15,16,0,29.1599998474121,21.7999992370606,972.049987792969,271,3.57999992370606,10000
2025,5,15,17,0,28.6399993896484,23.2999992370606,972.609985351563,255,2.16000008583069,10000
2025,5,15,18,1,24.8999996185303,31.1000003814697,973.080017089844,244,2.04999995231628,10000
2025,5,15,19,0,24.3099994659424,33.5,974.130004882813,245,2.21000003814697,10000
2025,5,15,20,2,23.920000076294,35.2999992370606,974.72998046875,256,2.25,10000
2025,5,15,21,1,22.1200008392334,37.5999984741211,975.099975585938,266,1.96000003814697,10000
2025,5,15,22,1,21.7999992370606,36.9000015258789,974.960021972656,277,2.58999991416931,10000
2025,5,15,23,0,21.5599994659424,43.2999992370606,975.330017089844,351,1.0900000333786,10000
2025,5,15,24,0,21.8600006103516,40.5,975.309997558594,351,0.810000002384186,10000
2025,5,16,1,0,21.9300003051758,39,975.130004882813,22,1.03999996185303,10000
2025,5,16,2,0,21.6200008392334,39.9000015258789,975.369995117188,47,1.14999997615814,10000
2025,5,16,3,0,19.0699996948242,51.0999984741211,975.799987792969,65,1.47000002861023,10000
2025,5,16,4,0,19.9099998474121,45.0999984741211,976.130004882813,67,2.27999997138977,10000
2025,5,16,5,0,21.2099990844727,41.4000015258789,976.640014648438,67,1.87000000476837,10000
2025,5,16,6,0,26.6299991607666,30.3999996185303,977.150024414063,65,1.12999999523163,10000
2025,5,16,7,0,27.7700004577637,28.2999992370606,977.419982910156,338,0.980000019073486,10000
2025,5,16,8,0,28.3799991607666,25.8999996185303,977.460021972656,311,2,10000
2025,5,16,9,0,30.8799991607666,19.6000003814697,977.190002441406,303,2.61999988555908,10000
2025,5,16,10,0,31.0100002288818,19.6000003814697,977.349975585938,300,3.17000007629395,10000
2025,5,16,11,0,32.0299987792969,18.3999996185303,976.570007324219,306,3.75999999046326,10000
2025,5,16,12,0,32.2799987792969,18,976.77001953125,309,4.42000007629395,10000
2025,5,16,13,0,32.5299987792969,18,976.409973144531,313,4.67999982833862,10000
2025,5,16,14,0,32.4799995422363,16.7000007629395,976,322,4.80999994277954,10000
2025,5,16,15,0,32.1599998474121,15.6000003814697,975.400024414063,331,4.69999980926514,10000
2025,5,16,16,0,32.0499992370606,12.8000001907349,975.580017089844,331,4.23999977111816,10000
2025,5,16,17,0,30.8500003814697,15.3000001907349,975.840026855469,320,2.80999994277954,10000
2025,5,16,18,0,26.3600006103516,21.7999992370606,976.599975585938,320,2.53999996185303,10000
2025,5,16,19,0,25.6599998474121,23,976.77001953125,337,2.3199999332428,10000
2025,5,16,20,0,25.3500003814697,22.6000003814697,977.130004882813,355,2.28999996185303,10000
2025,5,16,21,0,23.4799995422363,24.3999996185303,977.239990234375,10,2.26999998092651,10000
2025,5,16,22,0,23.2000007629395,23.7999992370606,977.210021972656,26,2.29999995231628,10000
2025,5,16,23,0,21.0200004577637,28.3999996185303,976.900024414063,28,2.46000003814697,10000
2025,5,16,24,0,20.8500003814697,28.8999996185303,976.739990234375,27,2.52999997138977,10000
2025,5,17,1,0,20.6800003051758,30.2000007629395,976.559997558594,30,2.70000004768372,10000
2025,5,17,2,0,20.2199993133545,31.6000003814697,976.210021972656,36,2.72000002861023,10000
2025,5,17,3,0,19.2099990844727,34.9000015258789,976.140014648438,42,2.67000007629395,10000
2025,5,17,4,0,20.25,34.0999984741211,976.460021972656,42,2.80999994277954,10000
2025,5,17,5,0,21.6299991607666,31.7999992370606,976.260009765625,35,2.44000005722046,10000
2025,5,17,6,0,27.7000007629395,25.3999996185303,976.539978027344,13,2.20000004768372,10000
2025,5,17,7,0,28.8500003814697,21.7999992370606,976.27001953125,356,3.27999997138977,10000
2025,5,17,8,0,29.6800003051758,19.3999996185303,975.989990234375,348,3.75999999046326,10000
2025,5,17,9,0,33.1100006103516,13.8999996185303,975.75,343,3.77999997138977,10000
2025,5,17,10,0,33.6800003051758,13.3000001907349,975.429992675781,339,3.79999995231628,10000
2025,5,17,11,0,35.689998626709,11,974.909973144531,340,4.21999979019165,10000
2025,5,17,12,1,35.9799995422363,10.6000003814697,974.469970703125,334,4.19000005722046,10000
2025,5,17,13,7,36.3800010681152,10,973.809997558594,328,4.51999998092651,10000
2025,5,17,14,5,36.4199981689453,9.30000019073486,973.799987792969,328,4.67999982833862,10000
2025,5,17,15,0,36.0200004577637,9,973.330017089844,330,4.57000017166138,10000
2025,5,17,16,0,35.3699989318848,5.80000019073486,973.450012207031,329,4.13000011444092,10000
2025,5,17,17,0,33.6300010681152,10.8999996185303,973.429992675781,330,2.80999994277954,10000
2025,5,17,18,0,29.6200008392334,15.8999996185303,973.840026855469,340,2.73000001907349,10000
2025,5,17,19,0,29.2700004577637,15.8000001907349,973.909973144531,354,2.67000007629395,10000
2025,5,17,20,0,29.2800006866455,16.8999996185303,974.179992675781,6,2.63000011444092,10000
2025,5,17,21,0,26.9400005340576,18.6000003814697,974.22998046875,15,2.63000011444092,10000
2025,5,17,22,0,26.6800003051758,19.6000003814697,974.260009765625,20,2.53999996185303,10000
2025,5,17,23,0,24.5599994659424,23.5,974.599975585938,21,2.71000003814697,10000
2025,5,17,24,0,24.3299999237061,24.7000007629395,974.710021972656,24,2.60999989509583,10000
2025,5,18,1,0,24.170000076294,26.5,974.5,33,2.69000005722046,10000
2025,5,18,2,0,23.7000007629395,27.7999992370606,974.299987792969,38,2.77999997138977,10000
2025,5,18,3,0,23.5300006866455,29.6000003814697,974.179992675781,42,2.90000009536743,10000
2025,5,18,4,0,23.8700008392334,28.5,974.349975585938,43,3.19000005722046,10000
2025,5,18,5,0,25.9099998474121,27.2999992370606,974.260009765625,44,3.00999999046326,10000
2025,5,18,6,0,31.9300003051758,25,974.440002441406,36,2.28999996185303,10000
2025,5,18,7,2,32.9900016784668,23.7000007629395,974.239990234375,17,2.5699999332428,10000
2025,5,18,8,5,33.8800010681152,22.3999996185303,974.47998046875,345,3.16000008583069,10000
2025,5,18,9,7,37.6300010681152,17.7000007629395,974.179992675781,329,4.25,10000
2025,5,18,10,7,38.5099983215332,16.3999996185303,973.909973144531,326,4.82000017166138,10000
2025,5,18,11,4,40.1100006103516,13.6999998092651,973.080017089844,331,5.3899998664856,10000
2025,5,18,12,2,40.3199996948242,13.3000001907349,972.330017089844,324,5.42999982833862,10000
2025,5,18,13,2,40.3499984741211,12.3999996185303,971.940002441406,315,5,10000
2025,5,18,14,1,40.4799995422363,12.1999998092651,971.580017089844,306,4.71999979019165,10000
2025,5,18,15,0,39.189998626709,12.3000001907349,971.190002441406,296,4.28000020980835,10000
2025,5,18,16,3,39.0699996948242,9.89999961853027,971.059997558594,285,3.53999996185303,10000
2025,5,18,17,5,37.8400001525879,11.3999996185303,971.030029296875,268,2.22000002861023,10000
2025,5,18,18,2,33.2099990844727,16.3999996185303,971.469970703125,258,2.41000008583069,10000
2025,5,18,19,1,32.310001373291,17.2000007629395,971.809997558594,264,2.54999995231628,10000
2025,5,18,20,0,31.8600006103516,16.7999992370606,972.130004882813,282,2.67000007629395,10000
2025,5,18,21,0,30.0699996948242,20.6000003814697,972.169982910156,307,2.58999991416931,10000
2025,5,18,22,0,29.5599994659424,22.2000007629395,972.109985351563,339,2.29999995231628,10000
2025,5,18,23,0,28,21.2000007629395,971.640014648438,7,2.11999988555908,10000
2025,5,18,24,0,27.6399993896484,22.3999996185303,971.330017089844,42,2.04999995231628,10000
2025,5,19,1,0,26.7600002288818,24.5,971.200012207031,62,2.1800000667572,10000
2025,5,19,2,1,25.8799991607666,28,970.989990234375,64,1.75999999046326,10000
2025,5,19,3,1,25.0799999237061,30,971.299987792969,68,1.4099999666214,10000
2025,5,19,4,1,25.6299991607666,28.7000007629395,971.460021972656,73,1.36000001430512,10000
2025,5,19,5,1,27.0100002288818,27.6000003814697,971.599975585938,46,0.439999997615814,10000
2025,5,19,6,1,32.7799987792969,22,972.080017089844,286,1.62000000476837,10000
2025,5,19,7,0,34.1599998474121,21.3999996185303,972.090026855469,295,2.73000001907349,10000
2025,5,19,8,0,35.060001373291,19.1000003814697,972.140014648438,290,3.03999996185303,10000
2025,5,19,9,0,38.1800003051758,14.6999998092651,972.169982910156,276,3.71000003814697,10000
2025,5,19,10,0,38.6699981689453,13.8999996185303,971.890014648438,269,4.40000009536743,10000
2025,5,19,11,0,39.7299995422363,11.3999996185303,971.280029296875,271,4.63000011444092,10000
2025,5,19,12,0,39.7599983215332,10.3999996185303,971.059997558594,266,5.3600001335144,10000
2025,5,19,13,0,39.6699981689453,9.60000038146973,970.409973144531,265,5.8600001335144,10000
2025,5,19,14,0,39.4199981689453,9.39999961853027,970.47998046875,267,6.17000007629395,10000
2025,5,19,15,0,37.8600006103516,8.60000038146973,970.340026855469,271,5.96000003814697,10000
2025,5,19,16,0,37.4300003051758,6.19999980926514,970.340026855469,275,5.38000011444092,10000
2025,5,19,17,0,37.1199989318848,4.5,970.659973144531,276,4.15000009536743,10000
2025,5,19,18,0,32.4700012207031,5.40000009536743,971.22998046875,279,3.77999997138977,10000
2025,5,19,19,0,31.2299995422363,5.80000019073486,971.690002441406,286,3.48000001907349,10000
2025,5,19,20,0,29.7999992370606,6.90000009536743,972.169982910156,292,2.99000000953674,10000
2025,5,19,21,0,28.6200008392334,8.5,972.059997558594,297,2.54999995231628,10000
2025,5,19,22,0,24,10.1999998092651,972.080017089844,305,2.74000000953674,10000
2025,5,19,23,0,22.420000076294,13,972.25,320,2.82999992370606,10000
2025,5,19,24,0,21.8600006103516,13.1999998092651,972.099975585938,354,2.5699999332428,10000
2025,5,20,1,0,21.5,13.3999996185303,971.630004882813,22,1.92999994754791,10000
2025,5,20,2,0,21.75,14.3999996185303,971.739990234375,41,2.24000000953674,10000
2025,5,20,3,0,20.6599998474121,14.1000003814697,971.650024414063,52,2.19000005722046,10000
2025,5,20,4,0,21.0699996948242,13.6000003814697,972.280029296875,58,2.10999989509583,10000
2025,5,20,5,0,24.8299999237061,12.1999998092651,972.650024414063,53,1.63999998569489,10000
2025,5,20,6,0,27.8199996948242,14.6999998092651,972.72998046875,31,1.02999997138977,10000
2025,5,20,7,0,31.7099990844727,14.6000003814697,973,356,0.839999973773956,10000
2025,5,20,8,0,33.9599990844727,13.1999998092651,972.859985351563,314,1.28999996185303,10000
2025,5,20,9,0,35.6300010681152,10.6999998092651,972.580017089844,305,2.39000010490418,10000
2025,5,20,10,0,36.6399993896484,10.6999998092651,972.719970703125,298,3.07999992370606,10000
2025,5,20,11,0,37.6199989318848,9.39999961853027,971.909973144531,303,3.5,10000
2025,5,20,12,0,38.0299987792969,9.30000019073486,971.210021972656,294,3.79999995231628,10000
2025,5,20,13,2,38.2700004577637,9,970.690002441406,287,4.01000022888184,10000
2025,5,20,14,4,38.2599983215332,8,970.219970703125,283,4.07999992370606,10000
2025,5,20,15,3,37.8899993896484,7.80000019073486,970.059997558594,282,4.03000020980835,10000
2025,5,20,16,3,36.5400009155273,4.69999980926514,970.200012207031,283,3.89000010490418,10000
2025,5,20,17,5,34.5800018310547,9.30000019073486,970.219970703125,285,2.77999997138977,10000
2025,5,20,18,5,30.8999996185303,13.6000003814697,970.650024414063,293,2.6800000667572,10000
2025,5,20,19,1,28.3899993896484,16.6000003814697,971.109985351563,303,2.58999991416931,10000
2025,5,20,20,0,27.0900001525879,17.2999992370606,971.130004882813,317,2.47000002861023,10000
2025,5,20,21,0,25.6900005340576,18.1000003814697,971.159973144531,337,2.24000000953674,10000
2025,5,20,22,0,24.7700004577637,18.5,971.039978027344,1,2.20000004768372,10000
2025,5,20,23,0,23.920000076294,21.7999992370606,970.559997558594,27,2.57999992370606,10000
2025,5,20,24,0,23.5900001525879,22,970.219970703125,37,2.80999994277954,10000
2025,5,21,1,0,22.670000076294,22.5,969.940002441406,40,2.8199999332428,10000
2025,5,21,2,0,22.2800006866455,24.2000007629395,969.969970703125,39,2.53999996185303,10000
2025,5,21,3,1,21.4500007629395,26,970.179992675781,37,2.10999989509583,10000
2025,5,21,4,0,21.9300003051758,25.8999996185303,971.070007324219,37,2.3199999332428,10000
2025,5,21,5,0,25.5699996948242,20.2000007629395,971.080017089844,37,2.02999997138977,10000
2025,5,21,6,0,29.5599994659424,19.6000003814697,971.460021972656,23,1.39999997615814,10000
2025,5,21,7,0,33.1300010681152,16.8999996185303,971.599975585938,352,1.51999998092651,10000
2025,5,21,8,2,35.0699996948242,13.3999996185303,971.530029296875,314,1.79999995231628,10000
2025,5,21,9,3,36.9300003051758,10,971.369995117188,302,2.28999996185303,10000
2025,5,21,10,3,38.0699996948242,8.30000019073486,971.25,296,2.61999988555908,10000
2025,5,21,11,4,38.0900001525879,9.10000038146973,970.650024414063,312,3.09999990463257,10000
2025,5,21,12,4,38.7900009155273,8.5,970.059997558594,316,3.5699999332428,10000
2025,5,21,13,1,38.6599998474121,7.5,969.580017089844,315,3.71000003814697,10000
2025,5,21,14,1,38.4599990844727,7.90000009536743,969.219970703125,304,3.70000004768372,10000
2025,5,21,15,0,38.2900009155273,7.80000019073486,968.869995117188,300,3.47000002861023,10000
2025,5,21,16,0,38.2799987792969,4.30000019073486,968.869995117188,295,3.09999990463257,10000
2025,5,21,17,0,36.6699981689453,8,969.099975585938,285,2.30999994277954,10000
2025,5,21,18,0,31.5400009155273,12.8000001907349,969.599975585938,286,2.27999997138977,10000
2025,5,21,19,0,30.4400005340576,13.8999996185303,970.030029296875,294,2.27999997138977,10000
2025,5,21,20,0,29.8700008392334,14.1999998092651,970.5,305,2.58999991416931,10000
2025,5,21,21,0,27.2900009155273,16.7000007629395,970.47998046875,326,2.8199999332428,10000
2025,5,21,22,0,26.8400001525879,16.6000003814697,970.409973144531,349,2.32999992370606,10000
2025,5,21,23,0,24.4599990844727,18,970.570007324219,16,1.72000002861023,10000
2025,5,21,24,0,24.3500003814697,16.7999992370606,970.210021972656,26,1.57000005245209,10000
2025,5,22,1,0,23.6100006103516,18.7999992370606,970.109985351563,41,1.87999999523163,10000
2025,5,22,2,0,22.5599994659424,20.7999992370606,969.840026855469,50,2.47000002861023,10000
2025,5,22,3,0,21.2399997711182,24.7000007629395,969.799987792969,54,2.99000000953674,10000
2025,5,22,4,0,22.9599990844727,21.7000007629395,970.119995117188,54,3.45000004768372,10000
2025,5,22,5,0,25.5100002288818,19.7999992370606,970.190002441406,50,3.25999999046326,10000
2025,5,22,6,0,31.8899993896484,16,970.72998046875,37,2.33999991416931,10000
2025,5,22,7,0,33.7099990844727,14,970.650024414063,13,2.17000007629395,10000
2025,5,22,8,0,34.5800018310547,13.6000003814697,970.929992675781,346,2.17000007629395,10000
2025,5,22,9,0,38.7000007629395,9.10000038146973,970.849975585938,320,2.54999995231628,10000
2025,5,22,10,0,39.1800003051758,7.90000009536743,970.679992675781,306,2.99000000953674,10000
2025,5,22,11,0,40.2999992370606,7.59999990463257,970.130004882813,306,3.28999996185303,10000
2025,5,22,12,0,40.4199981689453,7.59999990463257,969.820007324219,304,3.40000009536743,10000
2025,5,22,13,0,40.4700012207031,8.69999980926514,968.909973144531,306,3.42000007629395,10000
2025,5,22,14,0,40.4500007629395,7.19999980926514,968.530029296875,307,3.17000007629395,10000
2025,5,22,15,0,39.4700012207031,6.40000009536743,968.369995117188,306,2.89000010490418,10000
2025,5,22,16,0,38.7999992370606,2.40000009536743,968.099975585938,300,2.42000007629395,10000
2025,5,22,17,0,36.1300010681152,9.80000019073486,968.200012207031,294,2.13000011444092,10000
2025,5,22,18,0,30.1299991607666,14.5,968.580017089844,301,2.5699999332428,10000
2025,5,22,19,0,29.3500003814697,15.3999996185303,968.780029296875,317,2.88000011444092,10000
2025,5,22,20,0,29.0499992370606,14,969.070007324219,340,2.69000005722046,10000
2025,5,22,21,0,27.3099994659424,14,968.97998046875,5,2.16000008583069,10000
2025,5,22,22,0,26.8400001525879,13.3999996185303,968.760009765625,22,1.5900000333786,10000
2025,5,22,23,0,24.6900005340576,13.1000003814697,968.179992675781,51,1.96000003814697,10000
2025,5,22,24,0,22.7600002288818,16.2000007629395,967.679992675781,58,2.1800000667572,10000
2025,5,23,1,0,21.4799995422363,19.6000003814697,967.5,60,2.72000002861023,10000
2025,5,23,2,0,21.3600006103516,18.2999992370606,966.890014648438,60,3.47000002861023,10000
2025,5,23,3,0,21.8400001525879,17,966.859985351563,60,3.77999997138977,10000
2025,5,23,4,0,25.5499992370606,12,967.080017089844,59,3.97000002861023,10000
2025,5,23,5,0,30.4300003051758,11.1000003814697,967.059997558594,56,3.86999988555908,10000
2025,5,23,6,0,33.7900009155273,11.8000001907349,967.239990234375,53,3.13000011444092,10000
2025,5,23,7,0,35.7200012207031,12.1000003814697,967.02001953125,56,3.10999989509583,10000
2025,5,23,8,0,36.7099990844727,11.6000003814697,966.760009765625,57,2.39000010490418,10000
2025,5,23,9,0,40.8199996948242,8.39999961853027,966.200012207031,12,1.46000003814697,10000
2025,5,23,10,0,41.0699996948242,8.5,965.840026855469,331,2.00999999046326,10000
2025,5,23,11,3,42.3199996948242,8.80000019073486,964.809997558594,339,2.47000002861023,10000
2025,5,23,12,6,42.5200004577637,8.39999961853027,963.989990234375,333,2.88000011444092,10000
2025,5,23,13,5,42.7000007629395,8.30000019073486,963.559997558594,328,3.11999988555908,10000
2025,5,23,14,6,42.6800003051758,8.10000038146973,963.140014648438,320,3.47000002861023,10000
2025,5,23,15,7,40.9099998474121,9.5,963.090026855469,319,4.09000015258789,10000
2025,5,23,16,9,40.3300018310547,5.59999990463257,963.289978027344,317,4.63000011444092,10000
2025,5,23,17,9,39.2200012207031,10.1999998092651,963.760009765625,330,5.78000020980835,10000
2025,5,23,18,8,35.2599983215332,14.3999996185303,964.5,353,6.30000019073486,10000
2025,5,23,19,9,34.7799987792969,15.3999996185303,964.960021972656,12,5.53999996185303,10000
2025,5,23,20,8,35.0200004577637,15.3000001907349,965.369995117188,29,4.63000011444092,10000
2025,5,23,21,5,34.5099983215332,14.8000001907349,964.869995117188,52,4.15000009536743,10000
2025,5,23,22,5,34.0499992370606,14.8000001907349,964.190002441406,70,3.95000004768372,10000
2025,5,23,23,8,31.3299999237061,15.5,963.419982910156,53,2.83999991416931,10000
2025,5,23,24,9,31.3099994659424,14.3999996185303,963.460021972656,39,2.30999994277954,10000
2025,5,24,1,9,31.2199993133545,13.1999998092651,963.5,43,2.82999992370606,10000
2025,5,24,2,6,30.9300003051758,12.8000001907349,963.179992675781,61,3.54999995231628,10000
2025,5,24,3,6,30.6299991607666,12,962.97998046875,61,4.11999988555908,10000
2025,5,24,4,4,29.9500007629395,13.1999998092651,962.97998046875,55,4.30999994277954,10000
2025,5,24,5,3,32.4700012207031,14.8999996185303,963.010009765625,42,3.66000008583069,10000
2025,5,24,6,3,34.7900009155273,15.8999996185303,963.239990234375,23,2.75,10000
2025,5,24,7,2,35.7200012207031,16,963.309997558594,2,2.98000001907349,10000
2025,5,24,8,1,36.810001373291,15,963,349,3.67000007629395,10000
2025,5,24,9,1,37.1599998474121,15,962.780029296875,340,4.09000015258789,10000
2025,5,24,10,4,40.1500015258789,12.3000001907349,962.460021972656,325,3.88000011444092,10000
2025,5,24,11,5,40.7700004577637,10.1000003814697,962.049987792969,320,4.13000011444092,10000
2025,5,24,12,3,41.6500015258789,8.60000038146973,961.330017089844,314,3.6800000667572,10000
2025,5,24,13,2,41.8300018310547,7.90000009536743,960.549987792969,309,4,10000
2025,5,24,14,1,41.7099990844727,7.69999980926514,960.400024414063,312,4.53000020980835,10000
2025,5,24,15,0,40.25,7.69999980926514,960.150024414063,322,4.15000009536743,10000
2025,5,24,16,0,38.810001373291,7.40000009536743,960.349975585938,338,2.83999991416931,10000
2025,5,24,17,0,37.5699996948242,10,960.950012207031,5,1.75,10000
2025,5,24,18,0,34.0999984741211,14.3999996185303,961.489990234375,33,2.53999996185303,10000
2025,5,24,19,0,34.1599998474121,14.3000001907349,962.380004882813,44,2.71000003814697,10000
2025,5,24,20,0,33.5200004577637,13.6000003814697,962.760009765625,54,2.58999991416931,10000
2025,5,24,21,0,30.4799995422363,15.3999996185303,963.02001953125,57,2.64000010490418,10000
2025,5,24,22,0,29.6599998474121,15.1000003814697,963.130004882813,51,2.9300000667572,10000
2025,5,24,23,0,27.4400005340576,22.5,962.890014648438,55,2.67000007629395,10000
2025,5,24,24,0,27.3400001525879,21.7000007629395,963.02001953125,56,3.0699999332428,10000
2025,5,25,1,0,27.6900005340576,20.8999996185303,963.169982910156,56,3.5,10000
2025,5,25,2,0,27.5799999237061,20.8999996185303,963.179992675781,55,3.95000004768372,10000
2025,5,25,3,0,27.2800006866455,21.5,963.369995117188,56,4.32999992370606,10000
2025,5,25,4,0,28.0200004577637,21.1000003814697,964,56,4.67999982833862,10000
2025,5,25,5,0,29.9699993133545,20.7000007629395,964.340026855469,57,4.65999984741211,10000
2025,5,25,6,0,34.310001373291,19.3999996185303,964.789978027344,63,5.25,10000
2025,5,25,7,0,34.9599990844727,19.2999992370606,965.049987792969,70,5.55000019073486,10000
2025,5,25,8,0,35.310001373291,19.5,965.27001953125,75,5.11999988555908,10000
2025,5,25,9,0,38.7000007629395,15.6000003814697,965.109985351563,72,4.01000022888184,10000
2025,5,25,10,1,38.8300018310547,15.3000001907349,965.140014648438,58,3.10999989509583,10000
2025,5,25,11,1,40.1699981689453,13.5,964.359985351563,43,2.67000007629395,10000
2025,5,25,12,1,40.3199996948242,12.6000003814697,964.010009765625,31,3.09999990463257,10000
2025,5,25,13,7,40.2400016784668,11.6999998092651,963.880004882813,26,4.23000001907349,10000
2025,5,25,14,9,39.7200012207031,12.1000003814697,964,30,5.1399998664856,10000
2025,5,25,15,9,39.25,11.3999996185303,963.989990234375,37,5.90000009536743,10000
2025,5,25,16,8,38.6699981689453,9.80000019073486,964.419982910156,42,5.86999988555908,10000
2025,5,25,17,8,38.25,12.1000003814697,964.950012207031,43,4.71000003814697,10000
2025,5,25,18,8,34.3800010681152,15.3000001907349,965.669982910156,44,4.30999994277954,10000
2025,5,25,19,3,34.0699996948242,15.8999996185303,966.450012207031,48,4.28999996185303,10000
2025,5,25,20,1,33.8600006103516,16.7999992370606,966.590026855469,53,4,10000
2025,5,25,21,0,32.3699989318848,18.2000007629395,966.809997558594,55,3.94000005722046,10000
2025,5,25,22,0,32.0200004577637,17.7999992370606,966.809997558594,52,4.03000020980835,10000
2025,5,25,23,0,29.7199993133545,18.2999992370606,966.619995117188,42,3.55999994277954,10000
2025,5,25,24,0,30.1499996185303,17.1000003814697,966.75,43,3.72000002861023,10000
2025,5,26,1,0,29.8899993896484,18,966.820007324219,49,3.95000004768372,10000
2025,5,26,2,0,29.4899997711182,19.2000007629395,966.820007324219,55,4.3600001335144,10000
2025,5,26,3,0,29.1900005340576,21,967.150024414063,59,4.67999982833862,10000
2025,5,26,4,0,29.8500003814697,20.8999996185303,967.679992675781,63,5.05999994277954,10000
2025,5,26,5,0,31.5900001525879,20.5,968.299987792969,67,4.96999979019165,10000
2025,5,26,6,0,35.810001373291,17.7999992370606,968.820007324219,68,5.73000001907349,10000
2025,5,26,7,0,36.2400016784668,16.8999996185303,969.119995117188,71,6.15999984741211,10000
2025,5,26,8,0,36.4099998474121,17.5,968.989990234375,76,5.94999980926514,10000
2025,5,26,9,0,39.4300003051758,14.1999998092651,968.950012207031,77,4.75,10000
2025,5,26,10,0,39.5999984741211,14.1999998092651,968.549987792969,69,3.50999999046326,10000
2025,5,26,11,0,40.7700004577637,13.1999998092651,967.900024414063,50,2.92000007629395,10000
2025,5,26,12,0,40.8699989318848,12.8999996185303,967.340026855469,44,2.5699999332428,10000
2025,5,26,13,0,40.9500007629395,13,966.640014648438,39,2.49000000953674,10000
2025,5,26,14,0,40.9599990844727,12.8999996185303,966.190002441406,36,2.5,10000
2025,5,26,15,0,40.0299987792969,13,965.969970703125,30,2.4300000667572,10000
2025,5,26,16,7,39.8899993896484,9.19999980926514,965.97998046875,29,2.40000009536743,10000
2025,5,26,17,10,38.5099983215332,13.3000001907349,966.109985351563,40,2.15000009536743,10000
2025,5,26,18,10,34.439998626709,17.5,966.539978027344,55,2.73000001907349,10000
2025,5,26,19,10,34.0099983215332,17.6000003814697,966.869995117188,64,3.21000003814697,10000
2025,5,26,20,10,33.8699989318848,16.2000007629395,966.989990234375,66,3.23000001907349,10000
2025,5,26,21,10,31.5400009155273,18.1000003814697,966.77001953125,65,3.21000003814697,10000
2025,5,26,22,8,30.8700008392334,18,966.659973144531,64,3.19000005722046,10000
2025,5,26,23,7,29.4099998474121,19.7000007629395,966.289978027344,66,3.1800000667572,10000
2025,5,26,24,8,29.3199996948242,18.7999992370606,966.260009765625,64,3.25999999046326,10000
2025,5,27,1,7,29,17.8999996185303,966.150024414063,66,3.24000000953674,10000
2025,5,27,2,7,29.1900005340576,17.5,966.200012207031,65,3.74000000953674,10000
2025,5,27,3,7,29.1800003051758,18.8999996185303,965.859985351563,68,4.15000009536743,10000
2025,5,27,4,7,28.9500007629395,19.6000003814697,965.940002441406,74,4.23999977111816,10000
2025,5,27,5,5,31.4899997711182,18.8999996185303,966.469970703125,80,3.83999991416931,10000
2025,5,27,6,3,37.2200012207031,14.6999998092651,966.659973144531,91,3.42000007629395,10000
2025,5,27,7,1,37.8199996948242,14.8999996185303,966.679992675781,111,3.21000003814697,10000
2025,5,27,8,1,37.9599990844727,15.3000001907349,966.559997558594,137,2.0699999332428,10000
2025,5,27,9,1,41.2799987792969,11.3000001907349,966.320007324219,204,1.79999995231628,10000
2025,5,27,10,1,41.5299987792969,10.6999998092651,966.02001953125,224,2.73000001907349,10000
2025,5,27,11,6,42.3800010681152,10,965.27001953125,235,2.3199999332428,10000
2025,5,27,12,4,42.1800003051758,10.1000003814697,964.559997558594,237,2.73000001907349,10000
2025,5,27,13,0,42.2299995422363,8.5,963.559997558594,236,3.1800000667572,10000
2025,5,27,14,0,42.5999984741211,7.30000019073486,963.210021972656,239,3.85999989509583,10000
2025,5,27,15,6,41.3499984741211,8.60000038146973,962.580017089844,249,4.07000017166138,10000
2025,5,27,16,4,40.8400001525879,8.10000038146973,962.929992675781,258,3.65000009536743,10000
2025,5,27,17,1,39.9700012207031,9.30000019073486,962.890014648438,261,1.8400000333786,10000
2025,5,27,18,0,38.4700012207031,10.5,963.450012207031,256,1.76999998092651,10000
2025,5,27,19,0,32.5299987792969,15.6999998092651,963.669982910156,128,0.959999978542328,10000
2025,5,27,20,0,31.8400001525879,15.6000003814697,963.830017089844,77,2.76999998092651,10000
2025,5,27,21,2,32.75,14.3000001907349,963.760009765625,71,3.61999988555908,10000
2025,5,27,22,3,32.1599998474121,13.5,963.789978027344,70,3.84999990463257,10000
2025,5,27,23,6,30.0100002288818,16.1000003814697,964.02001953125,71,4.59000015258789,10000
2025,5,27,24,9,30.2600002288818,15.6999998092651,964.150024414063,66,5.17999982833862,10000
2025,5,28,1,7,30.1900005340576,18.2999992370606,963.77001953125,67,5.78999996185303,10000
2025,5,28,2,6,29.6499996185303,16.7000007629395,963.840026855469,70,5.71999979019165,10000
2025,5,28,3,4,29.6599998474121,16.7999992370606,963.630004882813,74,5.73999977111816,10000
2025,5,28,4,1,30.3799991607666,18.2999992370606,963.530029296875,79,5.80999994277954,10000
2025,5,28,5,0,31.9300003051758,17.6000003814697,963.669982910156,85,5.17999982833862,10000
2025,5,28,6,0,36.060001373291,14.8000001907349,964.25,109,4.15000009536743,10000
2025,5,28,7,0,36.2599983215332,15.6999998092651,964.419982910156,144,4.44999980926514,10000
2025,5,28,8,0,36.3199996948242,17.2999992370606,964.340026855469,167,5.59000015258789,10000
2025,5,28,9,0,39.1500015258789,14.3000001907349,964.289978027344,183,6.25,10000
2025,5,28,10,2,39.6100006103516,14.5,964.119995117188,200,6.67000007629395,10000
2025,5,28,11,8,40.939998626709,11.8000001907349,964.099975585938,228,6.84000015258789,10000
2025,5,28,12,5,40.0200004577637,14.8000001907349,963.919982910156,248,6.32000017166138,10000
2025,5,28,13,5,39.9099998474121,15.6000003814697,963.75,263,6.23000001907349,10000
2025,5,28,14,4,39.9500007629395,15.1999998092651,963.260009765625,271,6.1399998664856,10000
2025,5,28,15,3,38.7900009155273,14.8000001907349,963.130004882813,277,5.84999990463257,10000
2025,5,28,16,5,38.0800018310547,12.6999998092651,963.450012207031,277,5.53000020980835,10000
2025,5,28,17,4,37.7099990844727,13.1999998092651,963.960021972656,274,4.48999977111816,10000
2025,5,28,18,3,33.8800010681152,16.5,964.799987792969,275,3.66000008583069,10000
2025,5,28,19,2,32.9799995422363,17.8999996185303,965.429992675781,280,3.57999992370606,10000
2025,5,28,20,0,32.0099983215332,18.5,965.820007324219,287,3.82999992370606,10000
2025,5,28,21,0,29.3899993896484,20.8999996185303,965.950012207031,289,3.72000002861023,10000
2025,5,28,22,0,28.8899993896484,21.2999992370606,965.820007324219,293,3.4300000667572,10000
2025,5,28,23,0,26.75,26,965.840026855469,290,3.25,10000
2025,5,28,24,0,26.2399997711182,26.2000007629395,965.809997558594,298,3.55999994277954,10000
2025,5,29,1,0,25.6599998474121,26.5,965.869995117188,307,3.57999992370606,10000
2025,5,29,2,0,25.0599994659424,27.8999996185303,966.219970703125,317,3.25999999046326,10000
2025,5,29,3,0,23.5799999237061,31,966.440002441406,331,2.69000005722046,10000
2025,5,29,4,0,23.9699993133545,29.2000007629395,966.950012207031,340,2.54999995231628,10000
2025,5,29,5,0,25.3500003814697,28.6000003814697,967.119995117188,331,2.26999998092651,10000
2025,5,29,6,0,29.5,26,967.52001953125,312,2.67000007629395,10000
2025,5,29,7,0,30.6100006103516,25.8999996185303,967.97998046875,290,3.66000008583069,10000
2025,5,29,8,0,31.4699993133545,23.7999992370606,967.880004882813,289,4.40999984741211,10000
2025,5,29,9,0,35.189998626709,15.3000001907349,967.669982910156,290,4.3600001335144,10000
2025,5,29,10,0,35.439998626709,15.1000003814697,967.359985351563,278,4.40999984741211,10000
2025,5,29,11,0,36.8699989318848,12.1999998092651,967.159973144531,272,4.32999992370606,10000
2025,5,29,12,0,36.8699989318848,12,966.710021972656,263,4.69999980926514,10000
2025,5,29,13,0,36.8499984741211,12.1000003814697,966.349975585938,257,5.13000011444092,10000
2025,5,29,14,0,36.7700004577637,12.3999996185303,966.460021972656,253,5.42000007629395,10000
2025,5,29,15,0,35.5299987792969,12.1000003814697,966.219970703125,252,5.42000007629395,10000
2025,5,29,16,0,34.8800010681152,11.6999998092651,966.510009765625,251,5.23000001907349,10000
2025,5,29,17,0,34.2999992370606,11.6000003814697,966.950012207031,257,4.28999996185303,10000
2025,5,29,18,0,30.7299995422363,14.3000001907349,967.109985351563,262,3.8199999332428,10000
2025,5,29,19,0,29.8099994659424,16,967.950012207031,269,3.50999999046326,10000
2025,5,29,20,0,28.8799991607666,18.2000007629395,968.210021972656,273,3.24000000953674,10000
2025,5,29,21,0,26.25,22.7999992370606,968.650024414063,276,2.61999988555908,10000
2025,5,29,22,0,25.2199993133545,25.6000003814697,968.489990234375,276,2.0699999332428,10000
2025,5,29,23,0,23.1599998474121,31.2999992370606,968.330017089844,270,2.55999994277954,10000
2025,5,29,24,0,24.9500007629395,27.2000007629395,968.320007324219,254,1.44000005722046,10000
2025,5,30,1,0,25.2900009155273,26.7999992370606,968.5,164,0.709999978542328,10000
2025,5,30,2,0,24.75,29.2999992370606,968.530029296875,149,0.519999980926514,10000
2025,5,30,3,0,22.4300003051758,33.7999992370606,969.049987792969,154,0.379999995231628,10000
2025,5,30,4,0,23.5599994659424,30.6000003814697,969.219970703125,156,0.150000005960465,10000
2025,5,30,5,0,25.5,31.1000003814697,969.840026855469,182,0.219999998807907,10000
2025,5,30,6,0,29.6000003814697,27.7999992370606,969.780029296875,267,0.790000021457672,10000
2025,5,30,7,0,30.7099990844727,27,969.97998046875,260,1.72000002861023,10000
2025,5,30,8,0,31.0900001525879,25.2999992370606,970.119995117188,262,2.72000002861023,10000
2025,5,30,9,0,33.5499992370606,18,970.109985351563,261,3.80999994277954,10000
2025,5,30,10,0,33.810001373291,17,970.080017089844,258,4.51000022888184,10000
2025,5,30,11,0,35.189998626709,14,970.02001953125,258,4.96999979019165,10000
2025,5,30,12,0,35.4099998474121,14.5,969.820007324219,255,4.92999982833862,10000
2025,5,30,13,0,35.4700012207031,14.8000001907349,969.380004882813,253,4.71999979019165,10000
2025,5,30,14,0,35.310001373291,15.1999998092651,969.429992675781,252,4.61999988555908,10000
2025,5,30,15,0,34.5299987792969,14.6999998092651,969.640014648438,255,4.57999992370606,10000
2025,5,30,16,0,34.060001373291,15.3000001907349,969.820007324219,259,4.23000001907349,10000
2025,5,30,17,0,33.7000007629395,14.6999998092651,970.179992675781,262,3.17000007629395,10000
2025,5,30,18,0,29.5699996948242,19.1000003814697,970.52001953125,266,2.84999990463257,10000
2025,5,30,19,0,28.4899997711182,20.8999996185303,971.369995117188,273,2.95000004768372,10000
2025,5,30,20,0,27.6200008392334,21,972.010009765625,283,3.0699999332428,10000
2025,5,30,21,0,24.8799991607666,23.7999992370606,972.280029296875,294,3.04999995231628,10000
2025,5,30,22,0,24.2099990844727,24.2999992370606,972.47998046875,308,2.82999992370606,10000
2025,5,30,23,0,23.0100002288818,24.8999996185303,972.590026855469,331,2.44000005722046,10000
2025,5,30,24,0,22.7800006866455,24,972.890014648438,348,2.32999992370606,10000
2025,5,31,1,0,22.5499992370606,24.8999996185303,972.849975585938,4,2.25999999046326,10000
2025,5,31,2,0,22.1599998474121,25.1000003814697,973.140014648438,17,2.26999998092651,10000
2025,5,31,3,0,21.9799995422363,25.1000003814697,972.960021972656,31,2.28999996185303,10000
2025,5,31,4,0,23.8099994659424,20.7000007629395,973,41,2.59999990463257,10000
2025,5,31,5,0,28.4799995422363,20.3999996185303,973.070007324219,46,2.16000008583069,10000
2025,5,31,6,0,30,19.7000007629395,972.989990234375,47,1.9099999666214,10000
2025,5,31,7,0,30.9599990844727,19.7000007629395,973.200012207031,44,1.50999999046326,10000
2025,5,31,8,0,31.5799999237061,18.2999992370606,972.799987792969,351,1.01999998092651,10000
2025,5,31,9,0,34.6699981689453,13.6999998092651,972.77001953125,322,1.49000000953674,10000
2025,5,31,10,0,35.310001373291,12,972.320007324219,310,2.10999989509583,10000
2025,5,31,11,0,37.189998626709,10.1000003814697,971.880004882813,314,2.90000009536743,10000
2025,5,31,12,0,37.5999984741211,9.69999980926514,971.390014648438,313,3.30999994277954,10000
2025,5,31,13,0,37.8800010681152,8.69999980926514,970.859985351563,311,3.61999988555908,10000
2025,5,31,14,0,38.0499992370606,8.5,970.640014648438,310,3.82999992370606,10000
2025,5,31,15,0,37.6199989318848,8.5,970.599975585938,311,3.94000005722046,10000
2025,5,31,16,0,37.3800010681152,6.30000019073486,970.580017089844,312,3.91000008583069,10000
2025,5,31,17,0,36.5499992370606,7.80000019073486,970.72998046875,308,2.80999994277954,10000
2025,5,31,18,0,31.6599998474121,11.6000003814697,971.049987792969,315,2.74000000953674,10000
2025,5,31,19,0,30.7800006866455,11.8000001907349,971.5,328,2.67000007629395,10000
2025,5,31,20,0,30.1800003051758,11.3999996185303,971.820007324219,344,2.61999988555908,10000
2025,5,31,21,0,27.2600002288818,12.8000001907349,971.859985351563,358,2.58999991416931,10000
2025,5,31,22,0,26.8899993896484,12.6000003814697,971.650024414063,12,2.64000010490418,10000
2025,5,31,23,0,24.9699993133545,15.3999996185303,971.359985351563,21,2.86999988555908,10000
2025,5,31,24,0,24.75,16,971.210021972656,28,3.15000009536743,10000
2025,6,1,1,0,23.7,17.8,963.53,38,3.14,10000
2025,6,1,2,0,23.13,19.1,963.16,44,3.4,10000
2025,6,1,3,0,22.57,20.7,963.07,50,3.58,10000
2025,6,1,4,0,23.54,17.6,963.04,53,3.78,10000
2025,6,1,5,0,26.32,17.6,963.48,51,3.54,10000
2025,6,1,6,0,32.5,14.6,963.42,44,2.66,10000
2025,6,1,7,0,34.2,13.2,963.59,28,2.48,10000
2025,6,1,8,0,35.37,11.9,963.37,1,2.81,10000
2025,6,1,9,0,39.3,8.1,963.31,340,3.78,10000
2025,6,1,10,0,40.35,7.1,962.78,327,4.15,10000
2025,6,1,11,0,41.5,6.9,962.06,316,4.33,10000
2025,6,1,12,0,41.8,7,961.37,310,4.55,10000
2025,6,1,13,0,41.78,6.9,960.95,304,4.84,10000
2025,6,1,14,0,41.77,7.4,960.62,300,5.08,10000
2025,6,1,15,0,40.63,7.9,960.55,296,5.28,10000
2025,6,1,16,0,40.27,5.4,960.73,289,5.04,10000
2025,6,1,17,0,38.95,7.8,960.86,283,4.24,10000
2025,6,1,18,0,37.02,10.5,961.39,285,3.93,10000
2025,6,1,19,0,31.51,15.3,961.71,293,3.33,10000
2025,6,1,20,0,29.88,15.5,962,306,2.78,10000
2025,6,1,21,0,28.2,15.3,961.97,323,2.55,10000
2025,6,1,22,0,26.33,16.5,961.69,334,2.74,10000
2025,6,1,23,0,26.25,19.3,962.16,323,2.74,10000
2025,6,1,24,0,25.13,20.3,962.31,323,3.51,10000
2025,6,2,1,0,24.13,22.2,962.37,331,3.53,10000
2025,6,2,2,0,23.72,24.3,962.36,334,2.93,10000
2025,6,2,3,0,23.24,26.4,962.88,331,2.57,10000
2025,6,2,4,0,24.6,23.8,963.29,324,2.68,10000
2025,6,2,5,0,26.05,23.9,963.9,316,3,10000
2025,6,2,6,0,29.7,23.1,963.84,316,3.41,10000
2025,6,2,7,0,31.59,22,964.03,307,3.66,10000
2025,6,2,8,0,32.95,19.1,963.95,300,4.97,10000
2025,6,2,9,0,36.41,12.9,964.16,288,5.54,10000
2025,6,2,10,0,36.57,12.5,963.77,277,6.03,10000
2025,6,2,11,0,37.24,10.6,963,276,6.43,10000
2025,6,2,12,0,37.17,10.2,962.94,273,6.58,10000
2025,6,2,13,0,36.75,10.4,962.42,272,6.43,10000
2025,6,2,14,0,36.46,10.3,962.08,271,6.2,10000
2025,6,2,15,0,34.8,10.6,962.03,272,5.89,10000
2025,6,2,16,0,34.19,9.9,961.87,274,5.27,10000
2025,6,2,17,0,33.57,10.2,961.97,273,3.93,10000
2025,6,2,18,0,29.96,12.9,962.38,271,3.47,10000
2025,6,2,19,0,28.99,14.3,962.78,272,3.48,10000
2025,6,2,20,0,28.21,16,963.16,277,3.65,10000
2025,6,2,21,0,25.96,20.9,963.01,283,3.67,10000
2025,6,2,22,0,25.5,23.2,962.96,290,3.63,10000
2025,6,2,23,0,23.51,31.2,963.2,293,3.36,10000
2025,6,2,24,0,23.31,32.4,962.64,297,3.55,10000
2025,6,3,1,0,22.71,34.5,962.75,301,3.44,10000
2025,6,3,2,0,22.14,36,962.5,306,3.01,10000
2025,6,3,3,0,20.43,42.1,962.71,311,2.44,10000
2025,6,3,4,0,21.94,38.2,962.54,312,2.1,10000
2025,6,3,5,0,22.78,39.6,962.65,307,2.13,10000
2025,6,3,6,0,26.93,35.8,962.68,303,2.38,10000
2025,6,3,7,0,27.95,34,962.37,290,2.67,10000
2025,6,3,8,0,28.58,31.5,962.19,276,3.18,10000
2025,6,3,9,0,31.53,23.8,961.77,267,3.54,10000
2025,6,3,10,0,32.1,21.9,961.38,263,3.83,10000
2025,6,3,11,0,33.41,18.3,960.7,267,4.01,10000
2025,6,3,12,0,33.72,18,960.14,265,4.15,10000
2025,6,3,13,0,33.83,17.6,959.56,263,4.24,10000
2025,6,3,14,0,33.91,17.6,959.14,261,4.28,10000
2025,6,3,15,0,33.46,17.7,959.08,260,4.28,10000
2025,6,3,16,0,32.79,18.2,959.07,259,4.1,10000
2025,6,3,17,0,32.48,18.1,959.38,255,2.93,10000
2025,6,3,18,0,28.77,23.3,959.8,243,2.1,10000
2025,6,3,19,0,27.53,26,960.3,235,1.97,10000
2025,6,3,20,0,27.04,25.8,960.36,224,2.17,10000
2025,6,3,21,0,24.97,30.5,960.2,212,2.04,10000
2025,6,3,22,0,25.06,30.2,959.99,203,1.81,10000
2025,6,3,23,0,23.4,32.9,960.11,159,1.36,10000
2025,6,3,24,0,23,32.6,959.85,160,1.22,10000
2025,6,4,1,0,22.81,33.3,959.74,165,1,10000
2025,6,4,2,0,22.9,32.8,959.44,145,0.82,10000
2025,6,4,3,0,22.18,34.1,959.72,118,1.19,10000
2025,6,4,4,0,23.33,31,959.81,108,1.5,10000
2025,6,4,5,0,24.49,29.5,960.32,120,1.07,10000
2025,6,4,6,2,28.79,24.8,960.39,129,0.77,10000
2025,6,4,7,2,29.74,23.7,960.28,138,0.91,10000
2025,6,4,8,1,30.42,23.1,960.13,180,1.1,10000
2025,6,4,9,2,33.78,16.8,959.79,223,1.35,10000
2025,6,4,10,1,34.15,16,959.54,245,1.57,10000
2025,6,4,11,1,35.35,15.1,958.52,237,1.93,10000
2025,6,4,12,2,35.42,15.1,958.22,241,2.18,10000
2025,6,4,13,2,35.51,15.5,957.71,241,2.51,10000
2025,6,4,14,2,35.38,15.8,957.47,245,2.76,10000
2025,6,4,15,6,34.24,15.3,957.14,243,3.02,10000
2025,6,4,16,5,34.17,13.4,957.08,244,3.16,10000
2025,6,4,17,6,33.48,13.4,957.45,259,2.14,10000
2025,6,4,18,7,30.16,16.6,958,311,1.66,10000
2025,6,4,19,8,29.23,18.1,958.54,355,2.09,10000
2025,6,4,20,8,29.21,18,959.03,5,2.8,10000
2025,6,4,21,8,27.48,22.8,958.76,20,3.14,10000
2025,6,4,22,2,27.26,25.2,958.59,37,3.27,10000
2025,6,4,23,5,25.43,32,958.56,44,3.29,10000
2025,6,4,24,1,25.49,30.8,958.97,55,3.59,10000
2025,6,5,1,0,25.63,29.5,958.78,65,4.03,10000
2025,6,5,2,0,25.58,28.6,959.37,63,4.36,10000
2025,6,5,3,1,25.42,29.3,960,55,4.66,10000
2025,6,5,4,0,25.83,30.1,960.59,58,5.2,10000
2025,6,5,5,0,26.5,29.4,961.17,63,5.81,10000
2025,6,5,6,0,30.57,24.4,961.49,66,6.43,10000
2025,6,5,7,0,31.1,23,961.87,67,6.22,10000
2025,6,5,8,0,31.56,22.9,962.22,65,5.2,10000
2025,6,5,9,0,33.98,19.5,962.16,51,3.77,10000
2025,6,5,10,0,34.23,18.8,962.38,29,3.13,10000
2025,6,5,11,0,35.49,16.9,961.65,18,3.2,10000
2025,6,5,12,0,35.74,16.3,961.58,12,3.35,10000
2025,6,5,13,0,35.79,15.9,961.22,15,3.69,10000
2025,6,5,14,0,35.79,15.7,960.99,21,3.92,10000
2025,6,5,15,0,35.28,16.2,961.09,25,4.02,10000
2025,6,5,16,0,34.92,16,961.45,30,4.15,10000
2025,6,5,17,0,34.43,16.6,961.81,38,3.68,10000
2025,6,5,18,0,30.85,20.3,962.17,46,3.93,10000
2025,6,5,19,0,30.32,21.4,962.81,48,3.88,10000
2025,6,5,20,0,29.99,21.3,963.24,47,3.55,10000
2025,6,5,21,0,28.19,22.7,963.26,45,3.31,10000
2025,6,5,22,0,27.97,23,963.16,44,3.4,10000
2025,6,5,23,0,25.52,25.8,962.74,49,3.75,10000
2025,6,5,24,0,25.47,25.6,962.57,50,3.96,10000
2025,6,6,1,0,25.43,25.5,962.29,52,4.17,10000
2025,6,6,2,0,25.36,25.7,962.21,57,4.36,10000
2025,6,6,3,0,24.45,26.7,962.38,60,4.47,10000
2025,6,6,4,0,25.8,26.4,962.72,62,4.71,10000
2025,6,6,5,0,27.55,25.7,963.23,65,4.59,10000
2025,6,6,6,0,31.9,19.2,963.46,70,5.19,10000
2025,6,6,7,0,32.93,17.4,963.55,76,5.05,10000
2025,6,6,8,0,33.33,16.7,963.53,76,3.79,10000
2025,6,6,9,0,35.62,14.4,963.15,59,2.39,10000
2025,6,6,10,0,35.89,15.1,962.85,16,1.84,10000
2025,6,6,11,0,36.84,13.8,962.29,360,2.43,10000
2025,6,6,12,0,37.07,13.5,961.63,346,2.43,10000
2025,6,6,13,0,37.24,13.1,960.84,333,2.67,10000
2025,6,6,14,0,37.35,12.9,960.68,325,2.93,10000
2025,6,6,15,0,36.89,12.3,960.57,321,2.94,10000
2025,6,6,16,0,36.62,12.3,960.53,320,2.65,10000
2025,6,6,17,0,35.61,11.9,960.57,325,1.38,10000
2025,6,6,18,0,31.88,15.5,960.94,340,1.59,10000
2025,6,6,19,0,31.08,16.3,961.32,29,1.57,10000
2025,6,6,20,0,31.79,14,961.69,56,1.83,10000
2025,6,6,21,0,28.11,19.6,961.68,67,2.14,10000
2025,6,6,22,0,27.4,19.9,961.19,75,2.33,10000
2025,6,6,23,0,25.16,26.4,961,84,2.82,10000
2025,6,6,24,0,25,26.4,960.68,88,2.87,10000
2025,6,7,1,0,24.79,26,960.62,84,2.9,10000
2025,6,7,2,0,24.74,26,960.52,76,3.13,10000
2025,6,7,3,0,24.12,27.3,961.01,71,3.41,10000
2025,6,7,4,1,24.95,24.7,961.07,72,3.9,10000
2025,6,7,5,0,27.05,22.3,961.71,79,3.89,10000
2025,6,7,6,0,33.09,17.5,961.87,90,4.35,10000
2025,6,7,7,0,33.84,18,961.96,102,4.54,10000
2025,6,7,8,1,34.33,17.4,961.66,121,3.37,10000
2025,6,7,9,1,37.31,13.8,961.49,158,2.3,10000
2025,6,7,10,1,37.48,13.2,961.07,223,2.09,10000
2025,6,7,11,2,38.79,11.5,960.68,258,1.87,10000
2025,6,7,12,5,38.91,11.2,960.33,299,1.92,10000
2025,6,7,13,1,38.9,10.9,959.66,327,2,10000
2025,6,7,14,0,38.99,11,959.46,348,2,10000
2025,6,7,15,0,38.12,11.8,959.25,6,2.2,10000
2025,6,7,16,0,37.68,10.8,959.16,23,2.73,10000
2025,6,7,17,0,36.99,11.9,959.62,43,2.77,10000
2025,6,7,18,0,32.87,16,960.14,57,3.68,10000
2025,6,7,19,0,32.63,16.4,960.82,61,4.36,10000
2025,6,7,20,0,32.41,16.4,961.04,63,4.65,10000
2025,6,7,21,0,30.74,17.7,961.42,66,4.87,10000
2025,6,7,22,0,30.46,17.1,961.44,69,5.22,10000
2025,6,7,23,0,29.36,18.4,960.75,76,4.98,10000
2025,6,7,24,0,29.24,16.7,961.22,75,5.26,10000
2025,6,8,1,0,28.98,16.3,961.38,74,5.79,10000
2025,6,8,2,0,28.94,16.5,961.38,74,6.38,10000
2025,6,8,3,0,28.9,17.2,961.86,75,6.66,10000
2025,6,8,4,0,29.21,18.4,961.91,76,7.02,10000
2025,6,8,5,0,30.31,19.7,962.65,76,7.06,10000
2025,6,8,6,0,33.39,17.4,962.72,78,8.21,10000
2025,6,8,7,0,33.58,17.8,962.76,80,8.13,10000
2025,6,8,8,0,33.94,17.9,962.7,82,7.48,10000
2025,6,8,9,0,37.08,14.1,962.56,84,6.29,10000
2025,6,8,10,0,37.59,14,962.23,86,4.77,10000
2025,6,8,11,0,38.11,13.5,961.68,78,3.04,10000
2025,6,8,12,0,38.74,12.7,961.08,61,2.36,10000
2025,6,8,13,0,38.37,12.3,960.75,49,2.2,10000
2025,6,8,14,0,38.41,12,960.34,46,2.36,10000
2025,6,8,15,0,38.3,11.7,959.88,49,2.7,10000
2025,6,8,16,0,38.01,9.9,959.76,54,3.21,10000
2025,6,8,17,0,37.29,10.8,959.97,60,3.14,10000
2025,6,8,18,0,35.68,14,960.24,66,3.55,10000
2025,6,8,19,1,30.89,16.6,960.63,69,3.57,10000
2025,6,8,20,4,30.28,16.3,960.7,67,3.63,10000
2025,6,8,21,4,29.58,15.4,960.82,66,3.7,10000
2025,6,8,22,5,29.39,14.3,959.97,66,3.7,10000
2025,6,8,23,2,28,16.6,960.04,69,4.11,10000
2025,6,8,24,1,28.14,14.9,959.59,69,4.19,10000
2025,6,9,1,1,28.5,14,959.56,68,4.33,10000
2025,6,9,2,1,28.55,13,959.44,67,4.48,10000
2025,6,9,3,0,27.39,13.6,959.94,66,4.5,10000
2025,6,9,4,0,27.58,14.2,960.03,67,4.6,10000
2025,6,9,5,0,29.5,15.4,960.43,68,4.55,10000
2025,6,9,6,0,34.6,13.3,960.64,72,4.81,10000
2025,6,9,7,0,35.93,14.4,960.77,81,4.53,10000
2025,6,9,8,0,36.27,14.3,960.83,89,3.4,10000
2025,6,9,9,0,39.04,11.7,960.64,94,1.65,10000
2025,6,9,10,0,39.19,11.4,960.32,56,0.23,10000
2025,6,9,11,5,39.63,11.3,959.76,11,0.55,10000
2025,6,9,12,5,40.64,10.2,959.14,327,0.75,10000
2025,6,9,13,6,39.74,10.2,958.72,312,0.74,10000
2025,6,9,14,5,39.7,10.5,958.26,305,0.87,10000
2025,6,9,15,2,39.42,10,957.9,309,0.86,10000
2025,6,9,16,4,38.98,8.4,957.85,341,0.85,10000
2025,6,9,17,4,38.25,8.8,958.28,28,1.22,10000
2025,6,9,18,1,33.8,12.5,958.35,55,2.4,10000
2025,6,9,19,0,33.52,12.4,958.97,67,2.86,10000
2025,6,9,20,0,33.74,10.8,959.07,70,3.43,10000
2025,6,9,21,0,32.71,10.4,959.27,71,3.58,10000
2025,6,9,22,0,31.98,9.7,959.01,72,3.5,10000
2025,6,9,23,4,30.19,14.2,959.18,76,3.41,10000
2025,6,9,24,2,30.38,13.4,958.89,75,3.64,10000
2025,6,10,1,0,29.94,13.3,958.67,78,3.83,10000
2025,6,10,2,0,29.57,13.4,958.76,81,4.05,10000
2025,6,10,3,0,28.83,13.9,958.76,76,4.19,10000
2025,6,10,4,0,29.25,15,958.9,71,4.46,10000
2025,6,10,5,0,30.28,16.8,958.96,68,4.34,10000
2025,6,10,6,0,35.5,15.1,959.17,73,4.15,10000
2025,6,10,7,0,36.74,14.7,959.06,88,3.52,10000
2025,6,10,8,1,37.2,14.2,959.22,129,1.36,10000
2025,6,10,9,1,40.32,10.8,958.93,254,1.59,10000
2025,6,10,10,0,40.57,10.3,958.47,270,3.01,10000
2025,6,10,11,3,41.38,9.3,957.86,272,4.14,10000
2025,6,10,12,2,41.54,8.9,957.38,281,4.48,10000
2025,6,10,13,0,41.71,8.4,956.63,285,4.43,10000
2025,6,10,14,0,41.61,7.9,956.38,287,4.14,10000
2025,6,10,15,0,40.77,7.3,955.77,291,3.72,10000
2025,6,10,16,0,40.43,4.8,956.03,298,2.95,10000
2025,6,10,17,0,38.93,6.4,956.13,329,1.87,10000
2025,6,10,18,0,34.79,9.6,956.77,11,1.74,10000
2025,6,10,19,0,33.02,10.8,957.11,41,1.9,10000
2025,6,10,20,0,32.58,10.7,957.7,54,2.36,10000
2025,6,10,21,0,30.42,12,958,58,2.85,10000
2025,6,10,22,0,30.97,11.2,957.84,61,3.34,10000
2025,6,10,23,0,29.25,16.1,958.14,71,3.88,10000
2025,6,10,24,0,29.04,15,958.04,71,4.25,10000
2025,6,11,1,0,29.28,15.5,958.09,70,4.46,10000
2025,6,11,2,0,29.41,15.5,958.35,68,4.65,10000
2025,6,11,3,0,28.51,17.1,958.67,65,4.76,10000
2025,6,11,4,0,29.21,16.9,958.97,65,5.05,10000
2025,6,11,5,0,31.04,17.7,959.51,67,5.01,10000
2025,6,11,6,0,36.52,14.7,959.81,73,5.29,10000
2025,6,11,7,0,37.37,14.4,959.92,83,5.03,10000
2025,6,11,8,0,37.7,13.8,959.91,97,3.97,10000
2025,6,11,9,0,40.81,10.6,959.72,107,2.63,10000
2025,6,11,10,0,41.01,10.5,959.56,110,1.71,10000
2025,6,11,11,1,41.62,9.8,959.38,89,1.19,10000
2025,6,11,12,2,41.96,9.5,958.88,79,0.78,10000
2025,6,11,13,3,41.88,9.7,958.16,74,0.6,10000
2025,6,11,14,2,41.65,9.9,957.72,95,0.7,10000
2025,6,11,15,0,41.04,9.5,957.31,155,0.41,10000
2025,6,11,16,2,41,5.5,957.59,264,0.39,10000
2025,6,11,17,1,40.62,8.8,957.87,356,0.83,10000
2025,6,11,18,1,34.65,13.9,958.75,38,2.36,10000
2025,6,11,19,1,34.21,13.5,959.35,56,3.25,10000
2025,6,11,20,1,34.04,13.3,959.68,71,3.48,10000
2025,6,11,21,0,31.78,16.5,959.85,80,3.53,10000
2025,6,11,22,0,31.77,16.8,959.54,77,3.08,10000
2025,6,11,23,6,29.2,17.7,959.73,90,2.6,10000
2025,6,11,24,6,29.38,17.6,959.82,70,2.18,10000
2025,6,12,1,4,29.16,17.1,960.23,49,2.75,10000
2025,6,12,2,0,28.88,17.5,960.44,46,3.24,10000
2025,6,12,3,0,28.79,18.6,960.95,50,3.46,10000
2025,6,12,4,0,29.54,17,961.12,52,3.89,10000
2025,6,12,5,0,31.28,19,961.52,53,3.83,10000
2025,6,12,6,0,37.05,16.6,961.75,56,3.64,10000
2025,6,12,7,0,37.91,15.7,961.54,61,3.97,10000
2025,6,12,8,0,38.38,15.4,961.52,33,3.23,10000
2025,6,12,9,3,42.06,11.5,961.6,3,3.13,10000
2025,6,12,10,2,42.37,10.4,961.31,345,3.54,10000
2025,6,12,11,3,43.07,9.6,961.06,335,3.4,10000
2025,6,12,12,2,43.09,9.3,960.43,322,3.96,10000
2025,6,12,13,1,42.99,9.6,960.11,318,4.46,10000
2025,6,12,14,2,42.82,9.7,959.94,317,4.77,10000
2025,6,12,15,0,41.7,11,959.65,329,4.75,10000
2025,6,12,16,0,41.33,10.8,959.75,347,3.85,10000
2025,6,12,17,0,40.29,10.8,960,25,2.48,10000
2025,6,12,18,0,34.41,16.2,960.36,57,3.05,10000
2025,6,12,19,0,34.17,16.4,961.07,71,3.66,10000
2025,6,12,20,0,34,16.1,961.26,79,3.76,10000
2025,6,12,21,0,32.77,16.5,961.32,83,3.81,10000
2025,6,12,22,0,32.69,17.4,960.8,84,3.85,10000
2025,6,12,23,0,31.52,16.5,960.95,81,3.83,10000
2025,6,12,24,0,31.66,16.3,960.47,79,3.94,10000
2025,6,13,1,0,31.67,16.2,960.8,79,3.96,10000
2025,6,13,2,0,31.51,16.3,960.91,78,3.95,10000
2025,6,13,3,1,31.14,18.2,961.32,75,4,10000
2025,6,13,4,1,31.81,18.7,961.53,71,4.26,10000
2025,6,13,5,0,33.52,19.7,962.02,72,4.31,10000
2025,6,13,6,0,38.43,16.7,962.2,77,4.36,10000
2025,6,13,7,0,39.7,15.1,962.22,89,5.04,10000
2025,6,13,8,0,40.27,14.5,962.15,104,4.52,10000
2025,6,13,9,0,43.53,11.4,962.01,131,2.84,10000
2025,6,13,10,1,43.85,10.4,961.66,175,2.11,10000
2025,6,13,11,5,44.92,8.9,961.05,191,2.38,10000
2025,6,13,12,6,45.45,7.9,960.25,213,2.66,10000
2025,6,13,13,8,45.49,7.7,959.64,225,2.95,10000
2025,6,13,14,8,45.4,7.8,959.18,233,3.3,10000
2025,6,13,15,7,45.02,7.9,958.82,237,3.73,10000
2025,6,13,16,5,44.37,6.4,958.81,239,3.81,10000
2025,6,13,17,0,40.28,11.3,958.89,246,2.85,10000
2025,6,13,18,0,37.91,12.2,959.3,253,2.33,10000
2025,6,13,19,0,36.3,14,959.82,261,2.46,10000
2025,6,13,20,0,34.29,14.6,960.19,294,1.82,10000
2025,6,13,21,0,32.89,16.2,960.28,359,1.62,10000
2025,6,13,22,0,32.35,15.8,959.84,30,1.49,10000
2025,6,13,23,0,30.29,19.2,959.38,45,1.56,10000
2025,6,13,24,0,29.68,19.7,959.05,45,1.39,10000
2025,6,14,1,0,29.05,20.5,959.24,40,1.12,10000
2025,6,14,2,0,28.87,19.9,958.9,36,1.01,10000
2025,6,14,3,0,28.36,20.3,959.08,37,1.08,10000
2025,6,14,4,0,27.88,21,959.19,41,1.63,10000
2025,6,14,5,0,31.63,19.9,959.62,35,1.71,10000
2025,6,14,6,0,34.99,16.3,959.8,354,1.11,10000
2025,6,14,7,0,38.1,15.4,959.93,300,2.04,10000
2025,6,14,8,0,40.15,13.4,959.83,279,3.1,10000
2025,6,14,9,0,41.92,11.4,959.81,268,3.95,10000
2025,6,14,10,0,42.71,10.7,959.52,265,4.64,10000
2025,6,14,11,0,43.36,9.9,958.92,266,4.95,10000
2025,6,14,12,0,43.57,9.6,958.37,262,5.47,10000
2025,6,14,13,0,43.49,9.1,958.33,260,5.66,10000
2025,6,14,14,0,43.3,8.9,957.88,261,5.63,10000
2025,6,14,15,0,42.52,9.3,957.79,263,5.54,10000
2025,6,14,16,0,41.72,8.7,957.73,266,5.13,10000
2025,6,14,17,0,40.99,8.6,958.05,268,3.7,10000
2025,6,14,18,0,38.14,11.2,958.26,271,2.79,10000
2025,6,14,19,0,34.56,15,958.89,275,2.28,10000
2025,6,14,20,0,32.05,17.2,958.95,277,2.53,10000
2025,6,14,21,0,31.58,18.8,958.91,280,2.84,10000
2025,6,14,22,0,32.35,18.4,958.99,285,2.52,10000
2025,6,14,23,0,30.18,22.6,958.7,319,1.97,10000
2025,6,14,24,0,29.71,21.8,958.44,339,1.79,10000
2025,6,15,1,0,29.6,22,958.22,4,1.59,10000
2025,6,15,2,0,27.01,22.5,958.12,41,1.58,10000
2025,6,15,3,0,27.5,21.5,958.22,59,1.54,10000
2025,6,15,4,0,26.74,21.6,957.97,62,2.59,10000
2025,6,15,5,0,30.9,19,957.97,66,3.04,10000
2025,6,15,6,0,35.69,15.1,958.04,82,2.24,10000
2025,6,15,7,0,38.24,13.6,958.33,130,1.62,10000
2025,6,15,8,0,39.79,11.5,958.34,205,2.28,10000
2025,6,15,9,0,41.23,9.6,958.47,234,2.96,10000
2025,6,15,10,0,41.97,9.5,957.99,251,3.21,10000
2025,6,15,11,0,43.22,8.3,956.97,256,3.33,10000
2025,6,15,12,0,43.59,8.3,956.06,254,3.47,10000
2025,6,15,13,0,43.72,8.7,955.75,247,3.71,10000
2025,6,15,14,0,43.8,8.9,954.89,241,4,10000
2025,6,15,15,0,43.54,9.1,954.61,237,4.19,10000
2025,6,15,16,0,42.88,7,954.23,239,3.89,10000
2025,6,15,17,0,39.73,10.6,954.25,247,2.56,10000
2025,6,15,18,0,37.39,13.3,954.23,253,2.69,10000
2025,6,15,19,0,35.07,16,954.65,265,2.76,10000
2025,6,15,20,0,33.72,17.7,954.91,279,2.75,10000
2025,6,15,21,0,33.35,19.4,954.8,299,2.84,10000
2025,6,15,22,0,32.04,20.5,954.85,316,2.78,10000
2025,6,15,23,0,28.59,23.9,954.75,336,2.6,10000
2025,6,15,24,0,27.85,25.3,954.46,347,2.58,10000
2025,6,16,1,0,27.56,26.2,954.48,354,2.36,10000
2025,6,16,2,0,28.58,25.2,954.1,350,1.61,10000
2025,6,16,3,0,28.03,25.6,954.43,320,1.4,10000
2025,6,16,4,0,27.31,26.6,954.54,291,1.42,10000
2025,6,16,5,0,29.41,25.2,954.7,287,1.27,10000
2025,6,16,6,0,32.56,22.8,954.92,286,1.97,10000
2025,6,16,7,0,35.54,17.8,955.03,281,2.82,10000
2025,6,16,8,0,37.58,14.9,955.21,282,4.24,10000
2025,6,16,9,0,38.81,11.5,955.12,276,4.72,10000
2025,6,16,10,0,39.39,9.7,955.15,270,5.14,10000
2025,6,16,11,0,39.73,9.8,955.72,271,5.42,10000
2025,6,16,12,0,40.06,8.8,955.35,268,5.47,10000
2025,6,16,13,0,40.16,8.4,955.12,267,5.5,10000
2025,6,16,14,0,40.09,8.5,954.89,268,5.6,10000
2025,6,16,15,0,39.26,8.8,954.87,269,5.69,10000
2025,6,16,16,0,38.28,9.1,955.15,271,5.67,10000
2025,6,16,17,0,37.35,9,955.4,271,4.92,10000
2025,6,16,18,0,35.28,9.9,956.11,273,4.91,10000
2025,6,16,19,0,33.8,10.7,956.8,277,4.85,10000
2025,6,16,20,0,31.72,12.6,957.22,281,4.55,10000
2025,6,16,21,0,29.82,13.5,957.52,283,3.98,10000
2025,6,16,22,0,28.97,12.9,957.46,284,3.29,10000
2025,6,16,23,0,26.82,16.4,957.81,287,2.38,10000
2025,6,16,24,0,24.32,17.2,957.44,282,2.51,10000
2025,6,17,1,0,24.41,16.8,957.72,288,2.06,10000
2025,6,17,2,0,24.48,16.1,957.55,313,1.49,10000
2025,6,17,3,0,24.54,14.7,957.9,359,0.91,10000
2025,6,17,4,0,24.07,14.3,957.86,45,0.61,10000
2025,6,17,5,0,26.43,14.6,958.22,85,0.75,10000
2025,6,17,6,0,28.89,15.4,958.25,106,0.16,10000
2025,6,17,7,0,32.87,11.6,958.64,258,1.15,10000
2025,6,17,8,0,34.24,11.9,958.68,271,2.8,10000
2025,6,17,9,0,35.37,11.1,958.5,278,3.82,10000
2025,6,17,10,0,36.22,10.4,958.54,279,4.36,10000
2025,6,17,11,0,36.9,9.9,958.17,287,4.46,10000
2025,6,17,12,0,37.28,10,958.24,280,4.61,10000
2025,6,17,13,0,37.41,9.8,958.08,274,4.71,10000
2025,6,17,14,0,37.64,10.1,958.08,270,4.7,10000
2025,6,17,15,0,37.42,9.7,957.74,266,4.56,10000
2025,6,17,16,0,36.51,9.4,957.75,265,4.35,10000
2025,6,17,17,0,36.06,7.6,958.07,265,3.28,10000
2025,6,17,18,0,32.72,11.4,958.42,267,3.02,10000
2025,6,17,19,0,30.09,14.5,959.24,274,3.21,10000
2025,6,17,20,0,28.97,15,959.41,282,3.3,10000
2025,6,17,21,0,27.1,18.4,959.77,290,2.98,10000
2025,6,17,22,0,25.32,20,959.52,301,2.42,10000
2025,6,17,23,0,23.28,19.7,959.66,315,2.76,10000
2025,6,17,24,0,25.43,17.1,959.43,330,1.99,10000
2025,6,18,1,0,25.18,18.3,959.29,13,0.78,10000
2025,6,18,2,0,23.32,20.5,959.43,51,0.54,10000
2025,6,18,3,0,21.88,20.5,959.73,77,1,10000
2025,6,18,4,0,23.01,17.9,959.85,81,0.97,10000
2025,6,18,5,0,26.56,15.1,960.38,95,1.35,10000
2025,6,18,6,0,29.98,13.8,960.6,114,1.07,10000
2025,6,18,7,0,31.92,14.6,960.7,168,0.77,10000
2025,6,18,8,0,34.22,13.6,960.9,247,1.6,10000
2025,6,18,9,0,35.38,12.9,960.69,270,2.44,10000
2025,6,18,10,0,35.97,12.9,960.61,278,2.87,10000
2025,6,18,11,0,36.86,11.2,960.71,295,2.87,10000
2025,6,18,12,0,37.37,10.8,960.18,294,3.25,10000
2025,6,18,13,0,37.76,10.2,959.91,291,3.41,10000
2025,6,18,14,0,37.74,9.9,959.4,291,3.54,10000
2025,6,18,15,0,37.84,9.9,959.37,290,3.52,10000
2025,6,18,16,0,37.23,9.9,959.52,289,3.53,10000
2025,6,18,17,0,33.47,11,959.46,275,2.84,10000
2025,6,18,18,0,31.39,13.3,959.53,272,3.05,10000
2025,6,18,19,0,30.15,12.9,960.25,280,3.04,10000
2025,6,18,20,0,29.46,12.2,960.36,295,2.66,10000
2025,6,18,21,0,28.9,11.8,960.51,317,2.39,10000
2025,6,18,22,0,26.67,14.8,959.89,345,2.37,10000
2025,6,18,23,0,26.08,13.4,960.18,7,2.08,10000
2025,6,18,24,0,24.69,14.3,959.74,19,1.87,10000
2025,6,19,1,0,24.34,13.9,959.4,33,1.77,10000
2025,6,19,2,0,23.43,13.9,959.42,42,1.87,10000
2025,6,19,3,0,23.02,12.9,959.71,46,2.23,10000
2025,6,19,4,0,25.67,11.8,959.79,44,2.91,10000
2025,6,19,5,0,29.24,11.8,959.83,35,2.91,10000
2025,6,19,6,0,31.97,13.7,959.99,28,3,10000
2025,6,19,7,0,34.92,14.4,959.88,39,3.96,10000
2025,6,19,8,0,36.31,14.8,959.73,48,3.79,10000
2025,6,19,9,0,37.86,13.1,959.49,31,2.84,10000
2025,6,19,10,0,38.67,11.6,958.83,5,2.91,10000
2025,6,19,11,0,39.6,10.8,958.69,358,3.82,10000
2025,6,19,12,0,40.13,10.4,957.79,350,4.06,10000
2025,6,19,13,0,40.38,10.3,957.49,344,4.15,10000
2025,6,19,14,0,40.53,10.4,956.88,339,4.17,10000
2025,6,19,15,0,40.5,10.6,956.62,333,4.13,10000
2025,6,19,16,0,39.92,9.9,956.98,326,3.93,10000
2025,6,19,17,0,38.63,10.3,957.06,311,2.95,10000
2025,6,19,18,0,35.75,12.4,957.24,308,3.24,10000
2025,6,19,19,0,34.66,12.3,957.75,315,3.42,10000
2025,6,19,20,0,33.08,11.8,958,325,3.21,10000
2025,6,19,21,0,32.2,13,958.14,339,2.97,10000
2025,6,19,22,0,29.44,14.1,957.85,353,2.66,10000
2025,6,19,23,0,29.71,15.1,957.63,3,2.23,10000
2025,6,19,24,0,27.84,15.4,957.62,15,1.95,10000
2025,6,20,1,0,26.74,16.5,957.25,29,2.15,10000
2025,6,20,2,0,25.73,17.9,957.3,36,2.5,10000
2025,6,20,3,0,25.47,18.8,957.37,38,2.85,10000
2025,6,20,4,0,27.37,18,957.16,39,3.38,10000
2025,6,20,5,0,31.67,17.1,957.32,37,3.31,10000
2025,6,20,6,0,34.51,16.6,957.3,33,3.26,10000
2025,6,20,7,0,36.77,14,957.38,39,3.66,10000
2025,6,20,8,0,38.28,13.2,956.95,44,2.98,10000
2025,6,20,9,0,39.4,11.8,956.79,21,1.88,10000
2025,6,20,10,0,41.03,10.1,956.18,343,1.99,10000
2025,6,20,11,0,42.11,9.8,955.76,319,2.67,10000
2025,6,20,12,0,42.87,8.9,955.05,304,3.04,10000
2025,6,20,13,0,43.16,7.8,954.7,293,3.51,10000
2025,6,20,14,0,42.95,8.3,954.39,288,4.11,10000
2025,6,20,15,0,42.39,7.4,954.15,285,4.63,10000
2025,6,20,16,0,42.13,4.8,954.48,284,4.99,10000
2025,6,20,17,0,40.14,6.7,954.5,278,4.38,10000
2025,6,20,18,0,37.43,9.7,955.01,278,4.29,10000
2025,6,20,19,0,35.95,9.3,955.58,282,4.02,10000
2025,6,20,20,0,33.7,10.6,956.12,288,3.51,10000
2025,6,20,21,0,31.96,11.9,956.07,296,2.99,10000
2025,6,20,22,0,30.44,11.8,955.98,302,2.81,10000
2025,6,20,23,0,27.61,12.7,956.05,305,2.62,10000
2025,6,20,24,0,26.41,14.8,956.08,305,2.81,10000
2025,6,21,1,0,26.13,18.4,956.14,304,2.91,10000
2025,6,21,2,0,26.24,19.7,956.05,313,2.55,10000
2025,6,21,3,0,27.43,17.8,956.27,337,1.89,10000
2025,6,21,4,0,27.17,19.6,956.39,9,0.95,10000
2025,6,21,5,0,28.89,19.8,957.04,356,0.49,10000
2025,6,21,6,0,32.7,18.8,957.34,295,0.78,10000
2025,6,21,7,0,34.17,18.6,957.39,271,1.39,10000
2025,6,21,8,0,36.87,16.6,957.53,262,2.34,10000
2025,6,21,9,0,39.03,13.6,957.61,262,3.47,10000
2025,6,21,10,0,40.51,10.5,957.39,270,4.26,10000
2025,6,21,11,0,41.27,9.1,957.13,275,4.44,10000
2025,6,21,12,0,41.61,9.4,956.9,277,4.58,10000
2025,6,21,13,0,41.79,9.2,956.54,278,4.65,10000
2025,6,21,14,0,41.9,9.6,956.13,279,4.54,10000
2025,6,21,15,0,41.59,9.1,955.91,278,4.37,10000
2025,6,21,16,0,41.21,8.2,955.98,275,3.98,10000
2025,6,21,17,0,40.39,6.8,956.07,260,2.54,10000
2025,6,21,18,0,35.29,11.6,956.43,251,2.76,10000
2025,6,21,19,0,32.74,14.2,957.18,252,2.78,10000
2025,6,21,20,0,31.9,14.7,957.37,261,2.78,10000
2025,6,21,21,0,30.62,16.2,957.61,277,2.64,10000
2025,6,21,22,0,29.2,16.3,957.35,293,2.79,10000
2025,6,21,23,0,27.56,20.3,957.76,314,2.6,10000
2025,6,21,24,0,28.69,18.3,957.67,315,2.34,10000
2025,6,22,1,0,29.04,17.2,957.62,322,2.22,10000
2025,6,22,2,0,28.32,19.2,957.67,354,1.71,10000
2025,6,22,3,0,27.22,19.5,957.91,23,1.14,10000
2025,6,22,4,0,26.5,21,957.96,51,0.79,10000
2025,6,22,5,0,29.53,16.2,958.18,93,1.15,10000
2025,6,22,6,0,31.66,17.8,958.33,148,0.63,10000
2025,6,22,7,0,34.53,16.1,958.1,199,0.91,10000
2025,6,22,8,0,37.14,14.2,958.23,231,2.04,10000
2025,6,22,9,0,39.38,10.8,958,244,3.03,10000
2025,6,22,10,0,40.49,9.2,957.55,256,3.56,10000
2025,6,22,11,0,41.29,8.3,957.33,266,4.03,10000
2025,6,22,12,0,41.69,8.5,956.42,273,4.1,10000
2025,6,22,13,0,41.9,8.4,955.99,274,4.06,10000
2025,6,22,14,0,41.84,8.4,955.42,275,4.06,10000
2025,6,22,15,0,41.43,8.3,955.11,276,3.95,10000
2025,6,22,16,0,41.04,7.7,955.11,275,3.51,10000
2025,6,22,17,0,39.53,6.9,955.11,263,2.14,10000
2025,6,22,18,0,34.19,11.2,955.4,252,2.32,10000
2025,6,22,19,0,32.49,12.7,955.9,246,2.27,10000
2025,6,22,20,0,32.38,12.2,956.07,245,2.31,10000
2025,6,22,21,0,32.31,12.6,956.13,244,2.35,10000
2025,6,22,22,0,30.42,15.9,955.91,251,2.57,10000
2025,6,22,23,0,28.3,16.5,955.96,268,2.94,10000
2025,6,22,24,0,27.71,15.8,955.98,301,2.65,10000
2025,6,23,1,0,27.64,15.7,955.72,353,2.18,10000
2025,6,23,2,0,25.2,19.2,956.06,27,1.59,10000
2025,6,23,3,0,24.27,20,956.21,34,1.14,10000
2025,6,23,4,0,25.41,17.6,956.28,53,1.16,10000
2025,6,23,5,0,29.23,15.9,956.73,42,0.88,10000
2025,6,23,6,0,32.57,15.2,956.78,318,0.92,10000
2025,6,23,7,0,34.77,13.7,957.01,303,2.02,10000
2025,6,23,8,0,38.14,12.2,956.87,297,3.37,10000
2025,6,23,9,0,39.57,10.5,956.77,292,4.27,10000
2025,6,23,10,0,40.38,9.1,956.52,284,4.42,10000
2025,6,23,11,0,40.96,8.5,956.32,284,4.72,10000
2025,6,23,12,0,41.44,7.8,955.92,287,5.29,10000
2025,6,23,13,0,41.76,7,955.3,289,5.68,10000
2025,6,23,14,0,41.58,7.4,955.15,290,5.91,10000
2025,6,23,15,0,41.13,7.5,954.95,290,5.91,10000
2025,6,23,16,0,40.29,7.3,955,288,5.56,10000
2025,6,23,17,0,39.33,6.3,955.24,280,4.18,10000
2025,6,23,18,0,36.57,10.3,955.56,276,3.7,10000
2025,6,23,19,0,34.96,11.4,956.11,274,3.52,10000
2025,6,23,20,0,33.26,12.8,956.32,275,3.39,10000
2025,6,23,21,0,31.26,15,956.35,279,3.16,10000
2025,6,23,22,0,30.37,15.3,956.18,286,3.05,10000
2025,6,23,23,0,29.15,16.8,956.08,294,3.2,10000
2025,6,23,24,0,27.13,18,956.03,304,3.04,10000
2025,6,24,1,0,27.02,18.7,956.39,320,2.56,10000
2025,6,24,2,0,26.34,18.7,956.16,353,2.35,10000
2025,6,24,3,0,25.57,18.1,956.16,31,1.54,10000
2025,6,24,4,0,26.54,16.7,956.2,55,1.83,10000
2025,6,24,5,0,31.04,13.9,956.21,57,1.75,10000
2025,6,24,6,0,32.83,13.2,956.52,30,0.89,10000
2025,6,24,7,0,35.34,12.4,956.55,309,1.26,10000
2025,6,24,8,0,37.34,11.9,956.6,292,2.25,10000
2025,6,24,9,0,39.15,10.4,956.45,290,2.51,10000
2025,6,24,10,0,40.17,8.4,956.08,290,2.78,10000
2025,6,24,11,0,40.79,7.4,955.82,286,3.15,10000
2025,6,24,12,0,41.3,7.3,955.22,286,3.45,10000
2025,6,24,13,0,41.22,7.3,954.89,288,3.5,10000
2025,6,24,14,0,41.6,7.7,954.47,292,3.45,10000
2025,6,24,15,0,41.5,7.7,954.24,296,3.36,10000
2025,6,24,16,0,40.8,5.8,954.1,296,3.29,10000
2025,6,24,17,0,38.64,7,954.52,284,2.58,10000
2025,6,24,18,0,35.53,9.9,954.68,283,2.86,10000
2025,6,24,19,0,34.13,10.1,955.23,292,2.92,10000
2025,6,24,20,0,32.73,10.8,955.6,307,2.64,10000
2025,6,24,21,0,32.28,11.7,955.58,329,2.42,10000
2025,6,24,22,0,31.44,12.6,955.42,358,2.1,10000
2025,6,24,23,0,29.91,13.3,955.03,21,1.55,10000
2025,6,24,24,0,29.01,14.9,955.08,25,1.45,10000
2025,6,25,1,0,28.39,15.2,954.99,33,1.81,10000
2025,6,25,2,0,28.13,16.8,954.85,39,2.39,10000
2025,6,25,3,0,28.42,18.4,955.13,46,3.13,10000
2025,6,25,4,0,29.86,18.8,955.14,49,3.82,10000
2025,6,25,5,0,32.48,20.5,955.53,47,4.39,10000
2025,6,25,6,0,35.1,21,955.57,49,5.3,10000
2025,6,25,7,0,36.82,19.5,955.48,50,5.84,10000
2025,6,25,8,0,38.94,17,955.37,50,5.75,10000
2025,6,25,9,0,40.76,14.6,955.25,47,5.04,10000
2025,6,25,10,0,41.55,12.5,954.92,30,4.19,10000
2025,6,25,11,0,42.25,11.7,954.25,5,4.04,10000
2025,6,25,12,0,42.23,11.8,953.85,359,3.92,10000
2025,6,25,13,0,42.33,11.5,953.87,360,3.71,10000
2025,6,25,14,0,42.48,11.4,953.11,2,3.65,10000
2025,6,25,15,0,42.19,11.4,952.86,7,3.57,10000
2025,6,25,16,0,41.62,9.6,952.9,9,3.6,10000
2025,6,25,17,0,40.27,11,953.09,12,2.8,10000
2025,6,25,18,0,36.77,15.9,953.27,21,3.01,10000
2025,6,25,19,0,35.48,16.1,953.97,32,3.1,10000
2025,6,25,20,0,34.97,15.4,954.26,37,3.1,10000
2025,6,25,21,0,33.96,15.8,954.28,37,3.09,10000
2025,6,25,22,0,33.43,15.5,954.07,35,3.08,10000
2025,6,25,23,0,32.23,16.5,953.85,38,3.66,10000
2025,6,25,24,0,32.2,16.2,953.82,40,4.04,10000
2025,6,26,1,0,32.15,15.7,953.93,39,4.63,10000
2025,6,26,2,0,31.9,15.9,953.59,39,5.35,10000
2025,6,26,3,0,32.43,14.9,954.02,42,5.76,10000
2025,6,26,4,0,32.79,15.9,953.95,44,6.24,10000
2025,6,26,5,0,34.08,16.7,954.35,46,5.9,10000
2025,6,26,6,0,35.75,15.2,954.7,52,6.91,10000
2025,6,26,7,0,37.35,15.3,954.63,56,7.17,10000
2025,6,26,8,0,38.67,14.8,954.79,60,6.77,10000
2025,6,26,9,0,40.09,14,954.57,63,5.71,10000
2025,6,26,10,0,41.45,13.6,954.48,59,4.33,10000
2025,6,26,11,0,42.7,13.1,954.36,32,4.03,10000
2025,6,26,12,0,43.4,12.6,953.28,19,4.09,10000
2025,6,26,13,0,43.77,12.3,953.2,15,3.9,10000
2025,6,26,14,0,43.65,11.9,952.4,9,3.67,10000
2025,6,26,15,0,43.52,12.1,952.06,1,3.62,10000
2025,6,26,16,0,43.01,10.1,952.07,354,3.61,10000
2025,6,26,17,0,41.98,10.9,952.43,346,2.67,10000
2025,6,26,18,0,37.63,15.6,952.62,349,2.32,10000
2025,6,26,19,0,35.65,16.6,953.44,359,2.37,10000
2025,6,26,20,0,35.12,16.9,953.54,10,2.38,10000
2025,6,26,21,0,33.58,18.7,953.77,18,2.45,10000
2025,6,26,22,0,32.53,19.3,953.3,26,2.39,10000
2025,6,26,23,0,29.96,20.1,953.18,34,2.45,10000
2025,6,26,24,0,29.2,20.1,953.14,36,2.38,10000
2025,6,27,1,0,28.97,19.1,953.07,35,2.4,10000
2025,6,27,2,0,27.24,19.9,953.18,38,2.49,10000
2025,6,27,3,0,27.16,19.9,953.41,41,2.64,10000
2025,6,27,4,0,29.07,19.2,953.57,44,3.06,10000
2025,6,27,5,0,31.98,17.5,953.99,43,2.94,10000
2025,6,27,6,0,36.27,16,954.12,40,2.69,10000
2025,6,27,7,0,39.09,15.7,954.16,52,3.22,10000
2025,6,27,8,0,40.79,16,954.18,62,2.73,10000
2025,6,27,9,0,41.92,15.3,954.11,34,1.46,10000
2025,6,27,10,0,42.8,14.3,953.75,337,1.43,10000
2025,6,27,11,0,43.58,12.9,953.16,331,1.75,10000
2025,6,27,12,0,44.19,12.2,952.27,322,1.79,10000
2025,6,27,13,0,44.65,12,951.97,320,1.86,10000
2025,6,27,14,0,44.72,11.6,951.68,319,2.02,10000
2025,6,27,15,0,44.54,11.7,951.45,316,2.1,10000
2025,6,27,16,0,44.03,10.5,951.34,311,2.14,10000
2025,6,27,17,0,42.36,11.1,951.5,294,1.79,10000
2025,6,27,18,0,39.25,13.7,951.61,295,2.21,10000
2025,6,27,19,0,37.86,13.5,952.29,317,2.04,10000
2025,6,27,20,0,38.42,11.3,952.25,359,1.14,10000
2025,6,27,21,0,35.4,15.4,952.45,13,1.11,10000
2025,6,27,22,0,34.12,16.6,951.91,45,1.72,10000
2025,6,27,23,0,31.8,20.4,951.35,51,2.3,10000
2025,6,27,24,0,31.63,19.6,951.24,49,2.7,10000
2025,6,28,1,0,31.45,19.3,951.27,51,3.18,10000
2025,6,28,2,0,32.26,16.8,951.29,54,3.58,10000
2025,6,28,3,0,33.05,14.3,951.55,58,4.14,10000
2025,6,28,4,0,34.03,15.8,951.64,64,4.88,10000
2025,6,28,5,0,36.29,16.6,951.96,69,5.2,10000
2025,6,28,6,0,38.28,16.7,951.9,74,6.36,10000
2025,6,28,7,0,40.06,16,951.71,80,6.13,10000
2025,6,28,8,0,41.15,15.6,951.86,91,4.99,10000
2025,6,28,9,0,42.13,14.8,951.5,109,3.43,10000
2025,6,28,10,0,43.12,14.1,951,143,2.08,10000
2025,6,28,11,0,44.22,13.2,950.41,232,0.8,10000
2025,6,28,12,1,44.93,11.6,949.66,262,1.52,10000
2025,6,28,13,1,45.41,10.9,949.51,267,1.96,10000
2025,6,28,14,0,45.28,10.4,948.78,267,2.23,10000
2025,6,28,15,0,45.12,9.8,948.69,266,2.43,10000
2025,6,28,16,0,43.49,10.5,948.6,262,2.6,10000
2025,6,28,17,0,43.14,8.9,948.52,255,2.28,10000
2025,6,28,18,0,39.5,12.6,948.78,247,2.6,10000
2025,6,28,19,0,37.41,14.6,949.28,251,3.24,10000
2025,6,28,20,0,35.65,15.4,949.46,270,4.58,10000
2025,6,28,21,0,34.95,14.3,949.68,288,5.4,10000
2025,6,28,22,0,33.69,13,949.98,297,5.12,10000
2025,6,28,23,0,32.32,13.9,950.13,303,4.01,10000
2025,6,28,24,0,31.91,14.2,950.28,307,3.11,10000
2025,6,29,1,0,30.05,15.1,950.16,315,2.55,10000
2025,6,29,2,0,28.68,15.8,950.6,328,2.62,10000
2025,6,29,3,0,27.45,16,950.76,342,2.42,10000
2025,6,29,4,0,29.28,13.2,951.03,0,2.43,10000
2025,6,29,5,0,33.15,14.1,951.31,20,2.6,10000
2025,6,29,6,0,36.61,13.3,951.11,27,2.51,10000
2025,6,29,7,0,39.4,12.1,950.94,30,2.12,10000
2025,6,29,8,0,41.36,10.6,950.73,347,1.12,10000
2025,6,29,9,0,42.49,9.1,950.96,275,3.09,10000
2025,6,29,10,0,43.06,10.2,950.84,266,5.14,10000
2025,6,29,11,0,43.6,9.9,950.52,264,5.51,10000
2025,6,29,12,0,43.62,10,950.46,260,5.77,10000
2025,6,29,13,0,43.78,9.7,950.41,259,6.01,10000
2025,6,29,14,0,43.53,9.8,950.1,261,6.12,10000
2025,6,29,15,0,43.04,9.9,950.07,264,5.91,10000
2025,6,29,16,0,42.42,9.1,950.07,268,5.23,10000
2025,6,29,17,0,41.56,8.4,950.24,271,3.29,10000
2025,6,29,18,0,38.21,10.4,950.48,274,2.27,10000
2025,6,29,19,0,34.78,14.1,951.09,276,2.35,10000
2025,6,29,20,0,33.8,14.8,951.32,283,2.53,10000
2025,6,29,21,0,33.01,14.9,951.32,291,2.44,10000
2025,6,29,22,0,32.43,16.4,951.32,307,2.41,10000
2025,6,29,23,0,30.66,19.6,950.9,331,2.31,10000
2025,6,29,24,0,30.01,20.4,950.83,353,2.59,10000
2025,6,30,1,0,29.01,21.2,950.76,18,3.03,10000
2025,6,30,2,0,28.88,21,950.55,32,3.06,10000
2025,6,30,3,0,28.49,22,950.81,43,3.05,10000
2025,6,30,4,0,29.53,19.3,950.61,55,3.05,10000
2025,6,30,5,0,32.43,17.9,950.87,62,2.27,10000
2025,6,30,6,0,35.95,16.2,950.87,56,0.69,10000
2025,6,30,7,0,38.48,14.2,950.87,257,1.11,10000
2025,6,30,8,0,40.27,13.3,950.94,260,3.02,10000
2025,6,30,9,0,41.6,12,950.79,263,4.42,10000
2025,6,30,10,0,42.25,11.8,950.78,265,5.4,10000
2025,6,30,11,0,42.18,10.3,950.01,270,5.98,10000
2025,6,30,12,0,42.36,9.8,949.94,272,6.71,10000
2025,6,30,13,0,42.01,10,950.13,276,7.15,10000
2025,6,30,14,0,41.35,10.5,950.01,277,7.21,10000
2025,6,30,15,0,40.53,11.1,950.26,277,7.07,10000
2025,6,30,16,0,38.98,12.4,950.33,276,6.81,10000
2025,6,30,17,0,37.71,12.3,950.93,276,6.11,10000
2025,6,30,18,0,36.28,12.8,951.88,277,5.85,10000
2025,6,30,19,0,34.22,13.4,952.78,277,5.38,10000
2025,6,30,20,0,32.52,13.4,953.4,271,4.32,10000
2025,6,30,21,0,31.03,14.5,953.38,261,2.78,10000
2025,6,30,22,0,29.39,16,953.4,245,1.9,10000
2025,6,30,23,0,27.42,20,953.62,225,1.87,10000
2025,6,30,24,0,26.99,20.5,953.7,197,1.9,10000
2025,7,1,1,0,25.96,21.1,953.82,175,1.78,10000
2025,7,1,2,0,24.98,21.9,953.8,151,1.65,10000
2025,7,1,3,0,24.95,20.4,954.15,125,1.71,10000
2025,7,1,4,0,25.84,17,954.33,111,2.29,10000
2025,7,1,5,0,27.83,19.5,954.83,122,2.01,10000
2025,7,1,6,0,30.25,19.6,955.02,147,2.06,10000
2025,7,1,7,0,32.15,18.9,955.11,173,2.28,10000
2025,7,1,8,0,33.57,17.4,955.23,203,2.66,10000
2025,7,1,9,0,35.29,16.6,955.18,226,2.8,10000
2025,7,1,10,0,36.34,15.1,954.82,239,2.74,10000
2025,7,1,11,0,37.01,14.2,954.57,246,2.64,10000
2025,7,1,12,0,37.43,14,954.12,254,2.92,10000
2025,7,1,13,0,37.79,13.5,954.15,260,3.1,10000
2025,7,1,14,0,38.12,13.5,953.68,264,3.16,10000
2025,7,1,15,0,37.85,13.7,953.67,269,3.05,10000
2025,7,1,16,0,37.36,13.7,953.73,270,2.84,10000
2025,7,1,17,0,36.5,14.1,953.85,264,2.09,10000
2025,7,1,18,0,32.96,18.2,954.21,253,2.1,10000
2025,7,1,19,0,30.04,21.7,954.57,254,2.14,10000
2025,7,1,20,0,29.03,22.5,955.06,265,2.29,10000
2025,7,1,21,0,28.58,23.1,954.82,284,2.39,10000
2025,7,1,22,0,28.76,22.5,954.84,324,1.72,10000
2025,7,1,23,0,27.48,23.3,954.71,30,1.56,10000
2025,7,1,24,0,25.88,24,954.37,51,1.25,10000
2025,7,2,1,0,25.96,22.4,954.45,65,1.21,10000
2025,7,2,2,0,24.69,23,954.23,68,1.16,10000
2025,7,2,3,0,24.73,22.7,954.5,68,1.2,10000
2025,7,2,4,0,26.96,20.2,954.5,69,1.6,10000
2025,7,2,5,0,30.64,18.5,954.84,70,1.52,10000
2025,7,2,6,0,33.28,15.9,954.96,16,0.33,10000
2025,7,2,7,0,34.02,15.8,954.73,290,1.44,10000
2025,7,2,8,0,34.72,15.8,954.76,282,2.34,10000
2025,7,2,9,0,38.09,12.9,954.44,276,2.49,10000
2025,7,2,10,0,38.35,12.8,954.12,269,2.51,10000
2025,7,2,11,0,40.02,11.3,953.64,265,2.51,10000
2025,7,2,12,0,40.26,11.1,952.93,259,2.73,10000
2025,7,2,13,0,40.39,10.7,952.48,255,2.99,10000
2025,7,2,14,0,40.39,10.5,952.36,251,3.23,10000
2025,7,2,15,0,39.88,9.9,952.28,248,3.43,10000
2025,7,2,16,0,39.53,10,952.26,247,3.49,10000
2025,7,2,17,0,38.84,9.3,952.47,238,2.48,10000
2025,7,2,18,0,34.2,13.4,953,227,2.39,10000
2025,7,2,19,0,32.82,14.8,953.48,219,2.45,10000
2025,7,2,20,0,32.09,15,953.5,211,2.35,10000
2025,7,2,21,0,29.9,18.1,953.52,213,2.21,10000
2025,7,2,22,0,29.4,19,953.47,224,2.17,10000
2025,7,2,23,0,27.02,22.6,953.45,253,1.93,10000
2025,7,2,24,0,28.3,20.8,953.63,282,1.58,10000
2025,7,3,1,0,27.95,22.5,953.84,339,1.11,10000
2025,7,3,2,0,27.71,21.7,953.81,8,0.65,10000
2025,7,3,3,0,27.22,22,954.1,356,0.59,10000
2025,7,3,4,0,27.3,21.6,954.55,27,0.45,10000
2025,7,3,5,0,28.34,22.1,954.59,110,0.48,10000
2025,7,3,6,0,30.32,20.8,954.99,198,0.42,10000
2025,7,3,7,0,36.95,14.4,954.77,219,0.94,10000
2025,7,3,8,0,38.13,14.4,954.99,238,2.19,10000
2025,7,3,9,0,38.97,13.4,954.82,253,3.45,10000
2025,7,3,10,0,39.33,13.4,954.48,256,3.88,10000
2025,7,3,11,0,40.52,11.7,953.9,254,3.77,10000
2025,7,3,12,0,40.67,11.3,953.42,257,4.09,10000
2025,7,3,13,0,40.84,10.9,953.29,260,4.37,10000
2025,7,3,14,0,40.84,10.8,952.75,265,4.71,10000
2025,7,3,15,0,40.59,10.9,952.83,269,5.13,10000
2025,7,3,16,0,39.18,10.8,953.07,271,5.64,10000
2025,7,3,17,0,37.82,10.1,953.64,271,5.49,10000
2025,7,3,18,0,36.07,9.8,954.06,274,5.17,10000
2025,7,3,19,0,34.47,9.5,954.75,276,4.42,10000
2025,7,3,20,0,32.69,10.3,955.17,279,3.4,10000
2025,7,3,21,0,30.27,11.8,955.05,281,2.41,10000
2025,7,3,22,0,28.29,12.3,955.03,283,2.63,10000
2025,7,3,23,0,26.84,13,955.42,277,2.64,10000
2025,7,3,24,0,27.65,11.9,955.34,268,2.48,10000
2025,7,4,1,0,27.32,11.1,955.31,261,1.91,10000
2025,7,4,2,0,26.37,10.4,955.28,266,1.05,10000
2025,7,4,3,0,24.87,10.2,955.55,302,0.46,10000
2025,7,4,4,0,24.53,11.8,955.9,334,0.42,10000
2025,7,4,5,0,27.09,13,956.39,271,0.23,10000
2025,7,4,6,0,30.12,12.7,956.72,272,1.46,10000
2025,7,4,7,0,32.51,12.3,957,277,2.72,10000
2025,7,4,8,0,34.12,13.7,956.99,284,4.02,10000
2025,7,4,9,0,35.65,12.3,957.01,277,4.21,10000
2025,7,4,10,0,36.71,11.5,956.7,267,4.5,10000
2025,7,4,11,0,37.6,10,956.49,267,4.78,10000
2025,7,4,12,0,37.68,10,956.23,262,5.12,10000
2025,7,4,13,0,37.58,9.8,956.04,260,5.24,10000
2025,7,4,14,0,37.41,10,955.62,260,5.23,10000
2025,7,4,15,0,36.25,10,955.67,262,5.13,10000
2025,7,4,16,0,35.78,9.6,955.93,265,4.93,10000
2025,7,4,17,0,35.27,9,956.36,266,3.85,10000
2025,7,4,18,0,31.55,11.4,956.97,265,3.1,10000
2025,7,4,19,0,30.24,12.5,957.65,266,2.67,10000
2025,7,4,20,0,29.21,13.2,958.03,271,2.61,10000
2025,7,4,21,0,26.44,15.1,958.09,278,2.73,10000
2025,7,4,22,0,25.95,15.4,958.07,287,2.69,10000
2025,7,4,23,0,24.07,20,958.08,302,2.5,10000
2025,7,4,24,0,23.17,20.4,957.88,314,2.65,10000
2025,7,5,1,0,24.24,18.5,957.82,348,2.23,10000
2025,7,5,2,0,23.74,18.8,957.86,22,1.79,10000
2025,7,5,3,0,23.2,18.6,958.02,40,1.43,10000
2025,7,5,4,0,23.05,19.5,958.01,55,0.96,10000
2025,7,5,5,0,25.06,18.5,958.28,61,1.32,10000
2025,7,5,6,0,30.2,14.4,958.28,28,0.8,10000
2025,7,5,7,0,31.24,14.7,958.21,290,1.26,10000
2025,7,5,8,0,32,14.4,958.31,272,2.92,10000
2025,7,5,9,0,35.04,12.2,957.89,274,4.1,10000
2025,7,5,10,0,35.5,11.7,957.89,272,4.59,10000
2025,7,5,11,0,36.39,11.8,957.28,273,4.17,10000
2025,7,5,12,0,36.54,11.6,956.51,269,4.15,10000
2025,7,5,13,0,36.48,11.5,956.28,266,4.18,10000
2025,7,5,14,0,36.54,11.6,956.07,265,4.21,10000
2025,7,5,15,0,35.86,11.9,956.03,267,4.19,10000
2025,7,5,16,0,35.5,12,956.09,271,4.18,10000
2025,7,5,17,0,35.13,11.5,956.24,271,3.43,10000
2025,7,5,18,0,31.57,15.1,956.58,271,3.03,10000
2025,7,5,19,0,30.16,15.5,957.11,273,2.82,10000
2025,7,5,20,0,29.17,17.1,957.22,279,2.54,10000
2025,7,5,21,0,26.32,19.2,957.16,289,2.28,10000
2025,7,5,22,0,25.44,20.5,956.86,305,2.45,10000
2025,7,5,23,0,25.58,21.4,956.35,343,1.7,10000
2025,7,5,24,0,24.57,20.6,956.31,11,1.4,10000
2025,7,6,1,0,23.79,19.6,955.89,31,1.33,10000
2025,7,6,2,0,23.37,20.3,955.91,41,1.14,10000
2025,7,6,3,0,22.26,22.1,956.01,53,1.28,10000
2025,7,6,4,0,23.39,21,955.94,58,1.85,10000
2025,7,6,5,0,26.84,17.9,956.1,51,1.98,10000
2025,7,6,6,0,32.18,11.6,956.13,24,1.63,10000
2025,7,6,7,0,33.07,13.4,956.35,24,2.48,10000
2025,7,6,8,0,33.64,16.2,956,22,2.46,10000
2025,7,6,9,0,36.56,14,955.83,10,2.39,10000
2025,7,6,10,0,37.41,14.1,955.14,5,2.34,10000
2025,7,6,11,0,38.91,14.2,954.26,5,2.92,10000
2025,7,6,12,0,39.35,13.9,953.64,4,2.97,10000
2025,7,6,13,0,39.57,13.6,953.09,1,3.12,10000
2025,7,6,14,0,39.63,13.4,952.74,356,3.43,10000
2025,7,6,15,0,39.44,13.2,952.35,355,3.81,10000
2025,7,6,16,0,39.25,12.7,952.32,355,3.94,10000
2025,7,6,17,0,38.76,12.7,952.42,354,3.17,10000
2025,7,6,18,0,35.1,15.6,952.75,1,3.01,10000
2025,7,6,19,0,34.54,16.1,953.43,16,3.41,10000
2025,7,6,20,0,34.23,16.4,953.83,32,4.02,10000
2025,7,6,21,0,32.51,19.6,954.07,39,4.55,10000
2025,7,6,22,0,32.33,20.5,953.91,40,4.61,10000
2025,7,6,23,0,31.12,23.7,952.96,35,4,10000
2025,7,6,24,0,31.19,22.9,952.99,36,4.73,10000
2025,7,7,1,0,30.36,24.5,953.14,38,5.36,10000
2025,7,7,2,0,29.73,24.8,953.22,40,5.62,10000
2025,7,7,3,0,29.33,24.7,953.44,43,5.74,10000
2025,7,7,4,0,29.44,25.2,953.63,48,6.2,10000
2025,7,7,5,0,30,25.8,953.88,51,6.68,10000
2025,7,7,6,0,33.43,22.6,953.97,54,7.42,10000
2025,7,7,7,0,34.16,22.2,954.16,52,7.23,10000
2025,7,7,8,0,34.58,22.1,954.07,49,6.71,10000
2025,7,7,9,0,37.87,18.3,953.97,44,6.15,10000
2025,7,7,10,0,38.31,18,953.65,39,5.3,10000
2025,7,7,11,0,39.74,15.3,953.18,37,4.68,10000
2025,7,7,12,0,39.96,15.5,952.57,37,4.66,10000
2025,7,7,13,0,40.27,15.4,952.49,36,4.49,10000
2025,7,7,14,0,40.39,15.3,951.86,29,4.54,10000
2025,7,7,15,0,39.72,15.9,951.71,21,4.8,10000
2025,7,7,16,0,39.58,15,951.67,13,5.15,10000
2025,7,7,17,0,39.27,15,951.78,11,4.72,10000
2025,7,7,18,0,36.1,18.1,952.18,21,4.92,10000
2025,7,7,19,0,35.54,18.8,952.93,29,5.59,10000
2025,7,7,20,0,35.2,19.8,953.21,34,5.59,10000
2025,7,7,21,0,33.18,23.3,953.41,41,5.56,10000
2025,7,7,22,0,32.91,23.3,953.4,45,5.75,10000
2025,7,7,23,0,31.35,25.5,952.39,46,5.56,10000
2025,7,7,24,0,31.41,24.5,952.39,46,5.74,10000
2025,7,8,1,0,31.02,24.7,952.59,48,6.04,10000
2025,7,8,2,0,30.82,24.7,952.51,49,6.19,10000
2025,7,8,3,0,29.91,26.5,952.52,50,6.21,10000
2025,7,8,4,0,29.66,27.9,952.9,53,6.66,10000
2025,7,8,5,0,30.47,27.8,953.3,54,6.9,10000
2025,7,8,6,0,34,24.3,953.73,56,7.34,10000
2025,7,8,7,0,34.64,24.6,953.82,55,7.14,10000
2025,7,8,8,0,35.56,23.6,953.93,54,6.53,10000
2025,7,8,9,0,38.89,20.3,953.6,54,5.72,10000
2025,7,8,10,0,39.19,19.7,953.16,49,4.69,10000
2025,7,8,11,0,41.22,17,952.54,42,3.68,10000
2025,7,8,12,0,41.44,16.7,952.11,29,3.5,10000
2025,7,8,13,0,41.58,16.2,952.04,24,3.4,10000
2025,7,8,14,1,41.52,15.9,951.69,19,3.26,10000
2025,7,8,15,0,39.69,14.9,951.58,14,3.19,10000
2025,7,8,16,0,39.28,15,951.51,9,3.25,10000
2025,7,8,17,0,39.04,14.6,951.73,5,2.78,10000
2025,7,8,18,0,35.84,19.9,951.7,8,2.59,10000
2025,7,8,19,0,34.95,20,952.39,19,2.44,10000
2025,7,8,20,0,35.03,21,952.68,33,2.66,10000
2025,7,8,21,0,33.49,22.5,952.83,41,3.28,10000
2025,7,8,22,0,33.66,22.7,952.72,44,3.65,10000
2025,7,8,23,1,32.46,23.9,951.8,50,3.91,10000
2025,7,8,24,1,32.79,22.6,952.11,49,4.26,10000
2025,7,9,1,1,32.75,22.1,952.04,49,4.87,10000
2025,7,9,2,1,32.34,22.3,952.2,51,5.39,10000
2025,7,9,3,2,31.81,23.7,952.11,55,5.42,10000
2025,7,9,4,2,31.79,25.4,952.48,59,5.65,10000
2025,7,9,5,2,32.19,26.1,952.72,59,5.56,10000
2025,7,9,6,3,35.59,23.7,952.96,62,6.57,10000
2025,7,9,7,2,35.82,24,953.09,62,6.47,10000
2025,7,9,8,2,36.27,24.1,953.08,64,5.79,10000
2025,7,9,9,1,39.7,20.2,953,67,4.74,10000
2025,7,9,10,2,39.79,20.5,952.82,58,3.55,10000
2025,7,9,11,4,41.32,16.9,951.9,39,2.85,10000
2025,7,9,12,5,41.66,16.7,951.71,27,2.72,10000
2025,7,9,13,2,41.75,16.5,951.7,27,2.79,10000
2025,7,9,14,3,41.52,16.8,951.25,25,2.9,10000
2025,7,9,15,3,40.7,17.7,951.25,28,3.05,10000
2025,7,9,16,2,40.09,18.3,951.13,35,3.35,10000
2025,7,9,17,2,40.06,18.5,951.35,44,3.29,10000
2025,7,9,18,2,36.69,21.3,951.79,51,3.4,10000
2025,7,9,19,1,36.41,20.8,952.49,53,3.05,10000
2025,7,9,20,1,35.95,21.1,952.58,49,2.73,10000
2025,7,9,21,1,33.97,23.4,952.79,43,2.82,10000
2025,7,9,22,1,34.07,22.5,952.86,40,3.25,10000
2025,7,9,23,1,32.91,25.4,951.9,41,3.03,10000
2025,7,9,24,1,33.02,25.1,951.89,44,3.14,10000
2025,7,10,1,2,32.81,25.2,951.96,50,3.51,10000
2025,7,10,2,3,32.83,24.6,951.95,54,4.22,10000
2025,7,10,3,2,32.51,24.9,952.03,59,4.55,10000
2025,7,10,4,1,32.58,26.4,952.26,60,4.68,10000
2025,7,10,5,2,33.29,26.5,952.61,61,4.53,10000
2025,7,10,6,2,37,23.5,952.77,66,5.48,10000
2025,7,10,7,1,37.6,22.9,953.15,69,5.72,10000
2025,7,10,8,1,37.84,23.1,953.37,70,5.23,10000
2025,7,10,9,5,40.58,20,952.99,69,3.88,10000
2025,7,10,10,4,41.28,19,953.13,46,2.67,10000
2025,7,10,11,5,42.85,15.3,952.23,28,2.71,10000
2025,7,10,12,3,43.24,14.7,951.82,16,2.79,10000
2025,7,10,13,3,43.13,14.3,951.58,16,2.92,10000
2025,7,10,14,1,43.28,14.5,951.36,20,2.83,10000
2025,7,10,15,0,42.46,15,951.51,25,2.74,10000
2025,7,10,16,0,42.07,14.6,951.53,30,2.71,10000
2025,7,10,17,0,41.15,15.9,951.84,38,2.19,10000
2025,7,10,18,0,36.79,19.4,952.15,46,2.37,10000
2025,7,10,19,0,36.4,19.5,952.85,47,2.56,10000
2025,7,10,20,0,36.23,19.7,953.05,47,2.6,10000
2025,7,10,21,0,33.92,21.2,953.19,46,2.74,10000
2025,7,10,22,0,33.95,20.8,953.27,47,2.99,10000
2025,7,10,23,0,33.34,23.2,952.54,51,3.31,10000
2025,7,10,24,0,33.09,23.1,952.84,54,3.58,10000
2025,7,11,1,0,32.85,23.5,952.72,54,3.8,10000
2025,7,11,2,0,32.39,22.8,952.79,52,3.89,10000
2025,7,11,3,0,31.69,24.4,953.24,48,3.88,10000
2025,7,11,4,0,32.33,24.4,953.68,48,4.08,10000
2025,7,11,5,0,33.79,23.9,953.96,49,4.09,10000
2025,7,11,6,0,38.53,20.9,954.13,54,4.62,10000
2025,7,11,7,0,39.29,20.5,954.42,61,5,10000
2025,7,11,8,0,39.64,20.5,954.53,68,4.34,10000
2025,7,11,9,3,42.88,16.7,954.32,64,3.01,10000
2025,7,11,10,3,43.34,16.3,954.19,45,1.92,10000
2025,7,11,11,3,44.65,14.3,953.61,359,1.61,10000
2025,7,11,12,7,45.12,13.2,953.46,344,1.91,10000
2025,7,11,13,7,44.96,13.1,952.96,345,2.1,10000
2025,7,11,14,8,44.86,13.5,952.67,346,2.25,10000
2025,7,11,15,7,44.07,14.1,952.79,348,2.19,10000
2025,7,11,16,6,43.96,13.6,952.88,347,2.12,10000
2025,7,11,17,5,43.3,14.1,953.15,349,1.68,10000
2025,7,11,18,3,39,16.7,953.44,10,1.93,10000
2025,7,11,19,2,38.54,16.9,953.97,33,1.56,10000
2025,7,11,20,1,37.68,18.1,954.05,46,1.73,10000
2025,7,11,21,1,35.53,19.8,954.3,48,1.9,10000
2025,7,11,22,0,35.35,20.1,954.41,47,1.91,10000
2025,7,11,23,2,33.1,22.2,954.41,44,1.96,10000
2025,7,11,24,2,32.93,22,954.24,38,1.99,10000
2025,7,12,1,3,32.75,22,954.69,42,2.22,10000
2025,7,12,2,4,32.63,22.1,954.68,45,2.42,10000
2025,7,12,3,1,32.22,22.3,955.14,49,2.76,10000
2025,7,12,4,1,32.68,23,955.43,52,3.27,10000
2025,7,12,5,1,34.69,22.9,955.93,52,3.31,10000
2025,7,12,6,0,38.89,20.1,956.13,52,3.38,10000
2025,7,12,7,0,40.52,19.4,956.29,58,4.58,10000
2025,7,12,8,1,40.97,19.1,956.37,61,4.56,10000
2025,7,12,9,1,44.54,15.9,956.29,53,3.5,10000
2025,7,12,10,2,44.97,15,956.01,26,2.64,10000
2025,7,12,11,7,45.35,13.9,955.6,6,2.09,10000
2025,7,12,12,8,46.07,13,955.1,351,2.11,10000
2025,7,12,13,7,46.39,12.8,954.78,348,2.25,10000
2025,7,12,14,5,46.08,12.9,954.19,349,2.35,10000
2025,7,12,15,2,45.77,13.1,954.21,349,2.43,10000
2025,7,12,16,0,42.51,13.8,954.23,350,2.36,10000
2025,7,12,17,0,41.54,14.8,954.3,350,1.69,10000
2025,7,12,18,0,39.75,16.1,954.8,6,1.89,10000
2025,7,12,19,0,39.44,15.9,955.35,27,1.95,10000
2025,7,12,20,0,38.9,16.3,955.64,41,2.21,10000
2025,7,12,21,0,37.16,17.5,955.67,52,2.34,10000
2025,7,12,22,0,37.02,18.1,955.74,55,2.58,10000
2025,7,12,23,1,34.68,19.7,955.52,55,2.98,10000
2025,7,12,24,1,34.61,19.1,955.5,52,3.45,10000
2025,7,13,1,1,34.63,18.5,955.91,54,3.61,10000
2025,7,13,2,0,34.13,18.6,955.8,54,3.6,10000
2025,7,13,3,0,33.94,18.6,956.14,52,3.59,10000
2025,7,13,4,1,34.37,19.7,956.38,49,3.98,10000
2025,7,13,5,2,35.3,20.4,956.89,48,4.26,10000
2025,7,13,6,2,40.02,18.8,956.96,53,4.78,10000
2025,7,13,7,3,40.98,18.2,957.03,60,5.59,10000
2025,7,13,8,2,41.24,18.7,957.01,64,5.52,10000
2025,7,13,9,2,44.98,15.2,956.77,65,4.97,10000
2025,7,13,10,2,45.43,14.9,956.42,56,3.78,10000
2025,7,13,11,3,47.1,11.7,955.86,35,3.09,10000
2025,7,13,12,4,47.3,11.4,955.36,16,3.12,10000
2025,7,13,13,5,46.91,11.6,954.96,10,3.16,10000
2025,7,13,14,5,46.67,11.7,954.41,15,3.11,10000
2025,7,13,15,4,45.77,12.1,954.22,25,3.06,10000
2025,7,13,16,5,45.44,12,954.1,37,3.04,10000
2025,7,13,17,2,44.52,12.7,954.18,45,2.6,10000
2025,7,13,18,1,40.35,15.6,954.61,48,2.78,10000
2025,7,13,19,1,39.69,15.9,955.15,48,3.35,10000
2025,7,13,20,2,39.44,15.6,955.19,50,3.73,10000
2025,7,13,21,1,38.6,14.6,955.4,54,4.01,10000
2025,7,13,22,1,38.9,13.9,954.99,60,4.16,10000
2025,7,13,23,1,37.5,16.1,955.16,60,4.12,10000
2025,7,13,24,1,37.43,15.2,954.94,62,4.43,10000
2025,7,14,1,1,37.41,14.8,954.93,64,4.8,10000
2025,7,14,2,0,36.81,15.5,955.01,63,4.98,10000
2025,7,14,3,0,35.65,17.7,955.06,63,5.35,10000
2025,7,14,4,0,35.71,18.3,955.33,65,5.92,10000
2025,7,14,5,0,36.96,19.6,955.31,66,5.67,10000
2025,7,14,6,0,40.5,18.4,955.5,70,6.63,10000
2025,7,14,7,1,41.09,18.2,955.4,73,6.55,10000
2025,7,14,8,1,41.39,18.7,955.41,77,6.44,10000
2025,7,14,9,1,44.69,15.6,955.16,74,5.55,10000
2025,7,14,10,1,44.93,15.2,954.63,66,4.52,10000
2025,7,14,11,5,46.25,11.4,954.2,51,3.28,10000
2025,7,14,12,5,46.68,11,953.68,25,3.13,10000
2025,7,14,13,5,46.41,11,953.17,12,3.22,10000
2025,7,14,14,6,46.34,11.1,952.56,3,3.36,10000
2025,7,14,15,2,45.68,11.7,952.28,359,3.56,10000
2025,7,14,16,1,42.63,12.6,952.1,1,3.61,10000
2025,7,14,17,1,41.63,13.4,951.9,9,2.73,10000
2025,7,14,18,1,39.88,15.3,952.2,23,2.53,10000
2025,7,14,19,2,39.45,15.2,952.46,34,2.58,10000
2025,7,14,20,5,39.26,15,952.62,36,2.91,10000
2025,7,14,21,5,37.42,15.2,952.34,40,3.47,10000
2025,7,14,22,4,37.66,14.4,952.27,48,3.95,10000
2025,7,14,23,2,36.76,14.7,952.53,60,4.32,10000
2025,7,14,24,1,36.85,13.7,952.22,61,5.01,10000
2025,7,15,1,1,37.17,12.4,952.31,64,5.44,10000
2025,7,15,2,1,36.84,12.6,952.25,66,5.05,10000
2025,7,15,3,1,35.98,15.3,952.35,67,4.83,10000
2025,7,15,4,4,35.98,15.2,952.38,68,4.97,10000
2025,7,15,5,6,37.41,15.9,952.49,72,4.85,10000
2025,7,15,6,8,40.45,15.6,952.94,81,4.55,10000
2025,7,15,7,6,41.38,16.5,952.85,98,4.5,10000
2025,7,15,8,5,41.42,17.7,953.01,130,4.13,10000
2025,7,15,9,5,43.76,14.8,952.92,155,3.6,10000
2025,7,15,10,6,43.84,15.4,952.59,167,3.3,10000
2025,7,15,11,9,44.96,13.1,953.16,191,4.1,10000
2025,7,15,12,8,44.22,14.4,953.21,176,4.36,10000
2025,7,15,13,7,43.1,15,953.12,155,4.01,10000
2025,7,15,14,6,42.7,16.8,952.72,145,3.8,10000
2025,7,15,15,5,41.87,15.9,952.87,121,3.54,10000
2025,7,15,16,4,41.13,16.9,953.19,103,4.02,10000
2025,7,15,17,3,40.6,18.1,953.22,92,3.8,10000
2025,7,15,18,3,37.88,19.8,953.82,82,3.63,10000
2025,7,15,19,4,36.97,20.9,954.23,80,3.49,10000
2025,7,15,20,4,36.84,20.3,954.44,80,2.58,10000
2025,7,15,21,4,34.78,23,954.87,75,1.85,10000
2025,7,15,22,2,33.33,23.1,954.79,66,1.76,10000
2025,7,15,23,3,30.47,32.2,954.69,30,1.72,10000
2025,7,15,24,2,30.34,32.1,954.95,41,1.91,10000
2025,7,16,1,0,29.91,32.5,954.51,48,2.17,10000
2025,7,16,2,0,29.43,33.2,954.93,51,2.1,10000
2025,7,16,3,0,28.95,33.7,955.14,53,2.09,10000
2025,7,16,4,0,30.38,30.9,955.32,55,2.36,10000
2025,7,16,5,0,34.52,28.2,955.57,54,2.06,10000
2025,7,16,6,0,36.8,24.1,956.16,45,1.15,10000
2025,7,16,7,1,38.18,21.7,956.04,316,0.5,10000
2025,7,16,8,1,39.21,16.9,956.19,243,1.06,10000
2025,7,16,9,0,43.05,11.6,955.83,240,2.08,10000
2025,7,16,10,0,43.45,10.1,955.69,247,3.63,10000
2025,7,16,11,0,44.65,9.2,955.51,251,4.4,10000
2025,7,16,12,0,44.65,9.4,955.31,254,4.97,10000
2025,7,16,13,0,44.28,10.6,955.39,255,5.42,10000
2025,7,16,14,0,43.99,11.3,954.77,256,5.76,10000
2025,7,16,15,0,42.67,11.9,954.98,258,5.83,10000
2025,7,16,16,0,41.94,12.7,954.99,261,5.48,10000
2025,7,16,17,0,41.49,12.8,955.38,267,3.74,10000
2025,7,16,18,0,37.13,15.3,956.05,275,2.67,10000
2025,7,16,19,0,36,16.4,956.82,283,2.58,10000
2025,7,16,20,0,34.83,16.5,957.12,286,3.11,10000
2025,7,16,21,0,31.86,18.5,957.58,290,3.3,10000
2025,7,16,22,0,31.13,18.7,957.95,302,2.94,10000
2025,7,16,23,0,29.22,22.7,957.63,319,2.38,10000
2025,7,16,24,0,28.4,23.4,957.65,355,2.26,10000
2025,7,17,1,0,28.48,22.9,957.66,32,1.76,10000
2025,7,17,2,0,28.12,23.3,957.45,47,1.49,10000
2025,7,17,3,0,26.99,25.1,957.79,52,1.26,10000
2025,7,17,4,0,28.2,24.5,957.97,50,1.1,10000
2025,7,17,5,0,30.46,22.9,958.44,30,1.32,10000
2025,7,17,6,0,35.34,21.1,958.66,334,1.48,10000
2025,7,17,7,0,36.16,23.6,958.74,317,2.14,10000
2025,7,17,8,0,36.9,23,958.96,295,2.39,10000
2025,7,17,9,0,40.12,19.2,958.79,282,3.13,10000
2025,7,17,10,0,40.6,18.8,958.58,276,3.75,10000
2025,7,17,11,1,42.09,15.4,958.32,279,4.34,10000
2025,7,17,12,1,42,15.1,957.96,281,4.85,10000
2025,7,17,13,1,42.06,14.7,957.6,281,4.92,10000
2025,7,17,14,0,42.01,15.4,957.56,280,4.81,10000
2025,7,17,15,0,41.4,15.1,957.09,279,4.56,10000
2025,7,17,16,0,41.13,15.5,957.21,278,4.22,10000
2025,7,17,17,0,41.03,16,957.43,274,3.01,10000
2025,7,17,18,0,36.87,19.8,958.04,270,2.69,10000
2025,7,17,19,0,36.18,20.6,958.55,273,2.82,10000
2025,7,17,20,0,35.58,21.4,958.7,279,2.83,10000
2025,7,17,21,0,33.2,24,958.77,288,2.67,10000
2025,7,17,22,0,32.7,24.9,958.62,301,2.45,10000
2025,7,17,23,0,31.1,25.5,958.54,323,2.14,10000
2025,7,17,24,0,30.34,26.2,958.24,334,2.16,10000
2025,7,18,1,0,30.2,26.3,958.16,348,2.13,10000
2025,7,18,2,0,29.91,26.5,958.35,8,1.81,10000
2025,7,18,3,0,28.49,27.8,958.64,32,1.61,10000
2025,7,18,4,0,29.2,26.8,958.65,48,1.98,10000
2025,7,18,5,0,30.54,25.8,959.13,52,2.2,10000
2025,7,18,6,0,36.39,20.2,958.96,43,1.78,10000
2025,7,18,7,0,37.58,18.7,958.91,358,1.87,10000
2025,7,18,8,0,38.29,17.3,958.81,332,1.65,10000
2025,7,18,9,0,41.74,12.9,958.23,311,1.68,10000
2025,7,18,10,0,42.03,12.6,957.66,297,1.99,10000
2025,7,18,11,0,43.36,11,956.93,274,1.91,10000
2025,7,18,12,0,43.63,10.8,956.22,270,2.26,10000
2025,7,18,13,0,43.9,10.5,955.86,268,2.57,10000
2025,7,18,14,0,43.96,10.4,955.39,273,2.95,10000
2025,7,18,15,0,43.55,10.4,955.17,278,3.39,10000
2025,7,18,16,0,40.46,12.1,954.89,280,3.69,10000
2025,7,18,17,0,39.57,12.3,955.31,274,3.15,10000
2025,7,18,18,0,37.69,14.1,955.35,272,3.23,10000
2025,7,18,19,0,36.72,14.1,955.96,279,3.17,10000
2025,7,18,20,0,36.12,13.9,955.85,293,2.91,10000
2025,7,18,21,0,33.66,16.2,955.99,309,2.39,10000
2025,7,18,22,0,33.52,16.5,955.76,319,2.49,10000
2025,7,18,23,0,31.79,21.2,954.72,341,2.3,10000
2025,7,18,24,0,31.74,21.5,955.02,329,2.62,10000
2025,7,19,1,0,31.54,22.5,954.91,324,2.61,10000
2025,7,19,2,0,31.29,22.9,954.95,336,2.38,10000
2025,7,19,3,0,29.49,25.1,955.12,3,1.74,10000
2025,7,19,4,0,30.08,24,955.37,27,1.42,10000
2025,7,19,5,0,31.7,23.5,955.74,28,1.51,10000
2025,7,19,6,0,35.81,21.1,955.47,355,1.36,10000
2025,7,19,7,0,37.06,20,955.78,354,1.43,10000
2025,7,19,8,0,38.06,19.8,955.51,346,0.75,10000
2025,7,19,9,0,42.46,15,955.36,281,1.22,10000
2025,7,19,10,0,43.01,14.5,954.71,283,2.56,10000
2025,7,19,11,0,44.81,11.9,953.87,286,3.73,10000
2025,7,19,12,0,45.07,11.8,953.33,286,3.83,10000
2025,7,19,13,0,44.99,12.1,952.97,281,3.69,10000
2025,7,19,14,0,45.05,12.2,952.41,273,3.71,10000
2025,7,19,15,0,44.17,12.4,952.63,266,4.01,10000
2025,7,19,16,0,43.72,12.5,952.59,263,4.64,10000
2025,7,19,17,0,43.3,12.7,952.57,261,4.66,10000
2025,7,19,18,0,38.97,16.8,953.16,265,5.01,10000
2025,7,19,19,0,38.18,17.4,953.59,274,5.14,10000
2025,7,19,20,0,37.71,17.5,953.99,282,4.79,10000
2025,7,19,21,0,35.31,18.1,954.17,291,4.09,10000
2025,7,19,22,0,34.25,18.6,954.25,299,3.32,10000
2025,7,19,23,0,32.3,23,953.88,299,2.63,10000
2025,7,19,24,0,32.06,22.4,953.63,303,2.59,10000
2025,7,20,1,0,31.35,22.3,953.58,309,2.55,10000
2025,7,20,2,0,30.77,22,953.59,320,2.58,10000
2025,7,20,3,0,29.62,25.6,953.75,331,2.22,10000
2025,7,20,4,0,30.18,26.2,954.3,315,1.76,10000
2025,7,20,5,0,31.53,26.7,954.37,293,1.92,10000
2025,7,20,6,0,34.81,27.6,954.71,294,2.77,10000
2025,7,20,7,0,35.86,27.5,954.81,290,2.96,10000
2025,7,20,8,0,36.58,28,954.68,280,3.54,10000
2025,7,20,9,0,40.62,20.8,954.59,274,4.34,10000
2025,7,20,10,0,41.21,20.4,954.32,270,4.82,10000
2025,7,20,11,0,42.9,16.1,953.8,271,4.87,10000
2025,7,20,12,0,43.15,14.9,953.44,267,4.92,10000
2025,7,20,13,0,43.02,14.1,953.04,264,5.07,10000
2025,7,20,14,0,43.06,13.1,952.72,265,5.16,10000
2025,7,20,15,0,42.25,12.6,952.82,267,5.26,10000
2025,7,20,16,0,41.78,12.1,952.75,271,5.23,10000
2025,7,20,17,0,41.33,11.6,953.21,271,4.38,10000
2025,7,20,18,0,36.72,14.8,953.52,272,3.88,10000
2025,7,20,19,0,35.85,15.1,954.12,277,3.44,10000
2025,7,20,20,0,34.62,16.3,954.21,283,2.89,10000
2025,7,20,21,0,31.92,17.2,954.66,292,2.46,10000
2025,7,20,22,0,30.92,18.3,954.49,302,2.29,10000
2025,7,20,23,0,29.41,21.1,954.36,308,2.26,10000
2025,7,20,24,0,28.81,21.4,954.34,317,2.34,10000
2025,7,21,1,0,28.65,20.8,954.35,332,2.54,10000
2025,7,21,2,0,29.37,19.2,954.68,347,2.06,10000
2025,7,21,3,0,29.4,20,955.19,2,1.63,10000
2025,7,21,4,0,29.27,19.5,955.45,19,1.17,10000
2025,7,21,5,0,29.91,21.4,955.9,347,1.04,10000
2025,7,21,6,0,35.05,18.6,956.13,302,1.82,10000
2025,7,21,7,0,36.04,19.1,956.28,292,2.82,10000
2025,7,21,8,0,36.9,19.6,956.53,284,3.57,10000
2025,7,21,9,0,40.48,15.4,956.34,273,3.42,10000
2025,7,21,10,0,40.93,14.6,956.11,262,3.41,10000
2025,7,21,11,0,42.38,10.6,955.69,254,3.25,10000
2025,7,21,12,0,42.73,9.3,955.05,252,3.46,10000
2025,7,21,13,0,42.89,8.8,954.86,251,3.7,10000
2025,7,21,14,0,42.89,8.8,954.57,256,3.84,10000
2025,7,21,15,0,42.03,9.2,954.47,260,3.82,10000
2025,7,21,16,0,41.31,9.3,954.43,263,3.72,10000
2025,7,21,17,0,40.76,9.4,954.69,264,2.9,10000
2025,7,21,18,0,36.14,13.7,955.12,270,2.76,10000
2025,7,21,19,0,35.22,15,955.7,282,2.71,10000
2025,7,21,20,0,34.6,16.4,956.03,296,2.66,10000
2025,7,21,21,0,32,19.1,956.38,311,2.48,10000
2025,7,21,22,0,31.46,19.3,956.2,328,2.37,10000
2025,7,21,23,0,30.01,23,955.96,352,2.23,10000
2025,7,21,24,0,29.46,23.6,955.73,13,1.98,10000
2025,7,22,1,0,29.18,23.4,955.97,38,1.51,10000
2025,7,22,2,0,29.01,23,955.61,53,1.33,10000
2025,7,22,3,0,27.78,23.7,956.09,59,1.31,10000
2025,7,22,4,0,27.61,23.5,956.11,60,1.37,10000
2025,7,22,5,0,30.25,22.3,956.54,54,1.62,10000
2025,7,22,6,0,36,17.7,956.72,357,1.07,10000
2025,7,22,7,0,37.2,17.7,956.67,308,2.36,10000
2025,7,22,8,0,37.77,16.8,956.69,299,2.77,10000
2025,7,22,9,0,41.35,13,956.47,290,2.72,10000
2025,7,22,10,0,41.91,11.9,955.98,282,2.84,10000
2025,7,22,11,0,43.87,10.2,955.2,283,2.69,10000
2025,7,22,12,0,44.22,9.8,954.48,278,2.81,10000
2025,7,22,13,0,44.55,9.3,954.43,273,3.13,10000
2025,7,22,14,0,44.6,9.1,953.59,273,3.46,10000
2025,7,22,15,0,43.96,9.6,953.5,276,3.67,10000
2025,7,22,16,0,43.47,9.4,953.41,279,3.65,10000
2025,7,22,17,0,42.88,9.7,953.48,274,2.73,10000
2025,7,22,18,0,37.38,13.9,953.59,275,2.77,10000
2025,7,22,19,0,35.78,15.4,953.86,282,2.61,10000
2025,7,22,20,0,34.83,16.4,954.18,300,2.63,10000
2025,7,22,21,0,34.43,15.1,954.29,346,1.49,10000
2025,7,22,22,0,34.6,14.7,954.21,13,0.85,10000
2025,7,22,23,0,32.38,16.6,953.56,49,0.65,10000
2025,7,22,24,0,31.86,16,953.48,46,0.65,10000
2025,7,23,1,0,30.85,16.6,953.27,41,0.9,10000
2025,7,23,2,0,29.77,17.4,953.06,36,1.1,10000
2025,7,23,3,0,28.5,17.9,953.32,48,1.34,10000
2025,7,23,4,0,28.06,18.4,953.52,60,1.72,10000
2025,7,23,5,0,30.77,18,953.6,61,2.21,10000
2025,7,23,6,0,36.93,13.8,953.84,55,1.26,10000
2025,7,23,7,0,38.64,13,953.79,3,1.02,10000
2025,7,23,8,0,39.81,12.7,953.7,317,1.73,10000
2025,7,23,9,0,44.26,9.2,953.44,304,2.76,10000
2025,7,23,10,0,44.56,9.4,952.96,300,3.39,10000
2025,7,23,11,0,46.01,8.4,951.98,300,3.81,10000
2025,7,23,12,0,46.18,8.3,951.61,299,3.71,10000
2025,7,23,13,0,46.49,8.3,951.19,295,3.77,10000
2025,7,23,14,0,46.49,8.3,950.54,292,3.9,10000
2025,7,23,15,0,45.57,8.9,950.43,290,4.15,10000
2025,7,23,16,0,45.17,8.4,950.1,288,4.39,10000
2025,7,23,17,0,44.4,9.2,950.19,283,3.96,10000
2025,7,23,18,0,39.53,11.4,950.37,286,4.33,10000
2025,7,23,19,0,38.7,12,950.85,293,4.46,10000
2025,7,23,20,0,38.04,11.5,951.02,304,4.05,10000
2025,7,23,21,0,35.69,12.1,951.28,315,3.42,10000
2025,7,23,22,0,35.25,11.7,951,321,3.03,10000
2025,7,23,23,0,33.12,12.2,950.62,320,2.83,10000
2025,7,23,24,0,32.22,11.5,950.51,327,2.62,10000
2025,7,24,1,0,31.35,11.4,950.52,343,2.65,10000
2025,7,24,2,1,32.17,9.6,950.13,359,2.2,10000
2025,7,24,3,0,30.84,11.6,950.21,23,1.74,10000
2025,7,24,4,0,30.63,12,950.36,35,1.19,10000
2025,7,24,5,0,32.79,13.1,950.44,35,1.35,10000
2025,7,24,6,0,37.29,13,950.6,350,0.92,10000
2025,7,24,7,0,38.55,13.4,950.72,324,0.98,10000
2025,7,24,8,0,39.95,13,950.77,302,0.63,10000
2025,7,24,9,0,44.6,10,950.41,248,0.78,10000
2025,7,24,10,0,45.14,10.3,949.97,242,1.48,10000
2025,7,24,11,0,46.42,10.1,949.38,236,2.01,10000
2025,7,24,12,0,47.18,9.7,948.63,240,2.39,10000
2025,7,24,13,0,47.73,8.8,948.2,248,2.96,10000
2025,7,24,14,0,47.8,9,947.77,257,3.53,10000
2025,7,24,15,0,47.38,9.3,947.79,264,4.23,10000
2025,7,24,16,0,46.58,8.7,947.62,266,4.57,10000
2025,7,24,17,0,45.07,10.5,947.84,266,3.77,10000
2025,7,24,18,0,42.07,12.9,948.32,276,3.22,10000
2025,7,24,19,0,39.96,13.2,948.79,297,2.68,10000
2025,7,24,20,0,38.14,13.8,948.97,317,2.58,10000
2025,7,24,21,0,36.77,15.1,949.03,346,2.1,10000
2025,7,24,22,0,37.38,13.2,948.85,31,1.67,10000
2025,7,24,23,0,33.87,15.6,948.91,63,1.23,10000
2025,7,24,24,0,33.62,15.2,948.97,87,1.33,10000
2025,7,25,1,0,33.71,13.8,948.94,90,2.07,10000
2025,7,25,2,0,33.25,12.4,949.17,86,2.67,10000
2025,7,25,3,0,33,10.5,949.27,81,3.04,10000
2025,7,25,4,0,34.18,8.4,949.53,75,3.46,10000
2025,7,25,5,0,37.8,8.2,949.65,71,3.83,10000
2025,7,25,6,0,40.88,9.1,949.83,72,3.37,10000
2025,7,25,7,0,43.77,8.2,949.92,82,4.13,10000
2025,7,25,8,0,45.57,7.7,949.94,102,4.46,10000
2025,7,25,9,0,46.51,7.3,949.95,122,3.87,10000
2025,7,25,10,0,47.47,7.2,949.63,137,3.13,10000
2025,7,25,11,0,48.31,6.9,949.31,146,3.13,10000
2025,7,25,12,3,48.91,6.6,948.48,158,2.95,10000
2025,7,25,13,1,49.2,6.4,948.43,175,3.14,10000
2025,7,25,14,7,48.81,6.8,947.92,189,3.48,10000
2025,7,25,15,6,48.27,6.9,948.1,205,4.18,10000
2025,7,25,16,5,47.1,6.2,948.2,216,4.36,10000
2025,7,25,17,1,45.02,9.7,948.78,227,3.53,10000
2025,7,25,18,1,42.25,12.4,949.35,242,3.02,10000
2025,7,25,19,1,38.09,14.7,949.88,262,2.86,10000
2025,7,25,20,1,37.74,14.6,950.12,292,2.22,10000
2025,7,25,21,2,39.43,12.8,950.19,329,1.99,10000
2025,7,25,22,2,38.52,13.2,950.44,47,0.36,10000
2025,7,25,23,5,34.76,17.9,950.5,113,1.57,10000
2025,7,25,24,4,34.31,17.8,950.64,120,1.83,10000
2025,7,26,1,5,33.88,17.6,950.81,111,1.5,10000
2025,7,26,2,5,33.95,16.8,950.99,88,1.29,10000
2025,7,26,3,2,33.01,17.3,951.11,67,1.86,10000
2025,7,26,4,1,33.25,16.4,951.34,59,3.04,10000
2025,7,26,5,1,35.25,16.3,951.77,56,3.61,10000
2025,7,26,6,1,41.02,11.8,952.05,59,3.37,10000
2025,7,26,7,1,42.46,11.3,952.22,75,4.37,10000
2025,7,26,8,2,43.39,10.9,952.33,93,4.07,10000
2025,7,26,9,2,46.79,9.4,952.57,110,2.63,10000
2025,7,26,10,3,47.03,9.1,952.27,135,1.46,10000
2025,7,26,11,6,48.03,9,952.26,142,1.25,10000
2025,7,26,12,7,48.28,8.9,951.5,157,0.53,10000
2025,7,26,13,6,48.14,8.8,951.27,224,0.41,10000
2025,7,26,14,8,47.66,9.1,951.15,238,0.35,10000
2025,7,26,15,5,46.58,10.4,950.86,264,0.38,10000
2025,7,26,16,1,46.31,10.3,951.09,260,0.5,10000
2025,7,26,17,2,45.28,10.5,951.28,279,0.54,10000
2025,7,26,18,2,41.68,13.2,951.74,230,0.52,10000
2025,7,26,19,1,40.37,13.7,952.58,199,0.85,10000
2025,7,26,20,1,40.53,13.3,952.9,206,1.37,10000
2025,7,26,21,1,38.76,14.3,953.01,223,1.21,10000
2025,7,26,22,0,37.87,13.6,953.02,335,0.65,10000
2025,7,26,23,1,35.4,14.7,953.07,21,1.33,10000
2025,7,26,24,0,34.58,14.2,952.82,41,1.86,10000
2025,7,27,1,0,34.83,13.2,952.74,51,2.43,10000
2025,7,27,2,0,35.67,11.9,952.51,53,2.85,10000
2025,7,27,3,0,34.98,13.4,952.72,52,3.34,10000
2025,7,27,4,0,35.68,14,952.69,54,4.15,10000
2025,7,27,5,0,37,15.7,953.29,56,5.06,10000
2025,7,27,6,0,42.09,13.8,953.24,63,5.81,10000
2025,7,27,7,0,42.29,14,953.54,70,6.94,10000
2025,7,27,8,0,42.61,14,953.35,75,6.6,10000
2025,7,27,9,1,46.35,11.3,953.27,81,5.49,10000
2025,7,27,10,6,46.55,11.5,952.83,86,4.02,10000
2025,7,27,11,7,47.87,9.9,952.78,88,2.71,10000
2025,7,27,12,5,47.85,9.5,952.24,91,1.12,10000
2025,7,27,13,8,47.97,9.3,951.63,90,0.32,10000
2025,7,27,14,8,47.58,9.4,951.13,13,0.2,10000
2025,7,27,15,7,46.44,9.8,951.22,347,0.2,10000
2025,7,27,16,8,46.02,9.4,950.76,348,0.37,10000
2025,7,27,17,0,44.97,10.9,951.08,1,0.74,10000
2025,7,27,18,1,41.35,13.7,951.61,37,1.17,10000
2025,7,27,19,1,39.79,14.3,951.82,50,1.38,10000
2025,7,27,20,2,38.92,14,952.08,58,2.11,10000
2025,7,27,21,2,36.72,14.7,952.2,64,2.78,10000
2025,7,27,22,3,36.25,14.5,952.02,70,3.22,10000
2025,7,27,23,2,36.39,14.8,951.89,78,3.67,10000
2025,7,27,24,1,36.59,14.8,951.78,78,3.71,10000
2025,7,28,1,1,36.62,15,951.63,80,3.76,10000
2025,7,28,2,2,36.03,15.7,951.4,79,3.84,10000
2025,7,28,3,3,35.48,15,951.66,77,3.86,10000
2025,7,28,4,2,37.3,14.2,951.68,74,3.97,10000
2025,7,28,5,1,38.98,15.3,951.88,72,3.95,10000
2025,7,28,6,1,40.82,15.7,952.17,73,3.3,10000
2025,7,28,7,2,41.63,15.3,952.22,85,3.01,10000
2025,7,28,8,1,42.28,15.5,952.06,113,2.32,10000
2025,7,28,9,4,46.08,11.7,952.06,164,1.2,10000
2025,7,28,10,6,46.53,10.8,951.58,218,1.66,10000
2025,7,28,11,7,47.73,9.2,951.79,243,2.32,10000
2025,7,28,12,6,47.9,9.4,951.29,255,2.61,10000
2025,7,28,13,4,47.62,8.9,950.85,262,2.72,10000
2025,7,28,14,4,47.12,9.1,950.62,267,2.61,10000
2025,7,28,15,4,46.53,9.8,950.6,270,2.52,10000
2025,7,28,16,3,46.13,9.4,950.43,271,2.36,10000
2025,7,28,17,4,44.77,10.4,950.74,274,1.9,10000
2025,7,28,18,2,43.21,11.7,951.27,283,2.18,10000
2025,7,28,19,1,37.03,16,951.81,298,2.17,10000
2025,7,28,20,0,36.54,15.8,951.89,320,1.97,10000
2025,7,28,21,0,35.9,16,952.01,349,1.83,10000
2025,7,28,22,0,35.53,16.2,951.83,18,1.84,10000
2025,7,28,23,2,33.53,17,951.95,48,1.32,10000
2025,7,28,24,3,32.97,17.2,951.77,55,1.48,10000
2025,7,29,1,3,32.49,17.9,951.86,64,1.78,10000
2025,7,29,2,3,32.68,17.9,951.85,68,2.27,10000
2025,7,29,3,4,32.08,18.6,952.11,70,2.74,10000
2025,7,29,4,5,32.95,17,952.19,73,3.21,10000
2025,7,29,5,4,34.46,16.1,952.68,73,3.3,10000
2025,7,29,6,3,39.3,14,953.04,81,2.27,10000
2025,7,29,7,2,41.33,13.2,953.32,112,1.49,10000
2025,7,29,8,2,42.04,13,953.36,161,1.6,10000
2025,7,29,9,1,46.02,10.2,953.11,190,1.86,10000
2025,7,29,10,2,46.76,9.5,952.94,198,2.07,10000
2025,7,29,11,6,47.91,7.9,952.84,206,3.35,10000
2025,7,29,12,7,47.89,7.5,952.26,204,3.77,10000
2025,7,29,13,5,47.73,7.1,952,205,4.26,10000
2025,7,29,14,4,47.36,7.6,951.64,204,4.3,10000
2025,7,29,15,1,46.31,8.5,951.67,206,4.4,10000
2025,7,29,16,0,45.98,8.2,951.73,215,4.11,10000
2025,7,29,17,0,44.48,9.1,952.28,221,3.59,10000
2025,7,29,18,0,39.92,12.4,953,225,3.97,10000
2025,7,29,19,0,39.12,13.3,953.79,232,3.81,10000
2025,7,29,20,0,38.17,14.9,953.91,238,3.35,10000
2025,7,29,21,1,35.24,17,954.19,247,2.63,10000
2025,7,29,22,2,36.77,15.8,954.22,242,2.34,10000
2025,7,29,23,2,33.11,22.9,954.54,177,1.7,10000
2025,7,29,24,2,33.05,22.4,954.98,155,1.87,10000
2025,7,30,1,1,32.81,22.1,955.28,138,2.15,10000
2025,7,30,2,4,32.42,22.5,955.61,129,2.16,10000
2025,7,30,3,3,31.43,23.9,956.02,122,2.07,10000
2025,7,30,4,2,32.31,20.8,956.36,118,2.42,10000
2025,7,30,5,2,33.22,19.9,957,124,2.63,10000
2025,7,30,6,2,37.99,15.4,957.16,143,2.38,10000
2025,7,30,7,1,39.26,13.5,957.18,164,2.11,10000
2025,7,30,8,1,40.27,12.9,957.21,194,2.29,10000
2025,7,30,9,1,43.44,10.5,956.69,205,2.82,10000
2025,7,30,10,0,44.04,10.8,956.25,209,3.13,10000
2025,7,30,11,1,45.1,10,955.8,212,3.83,10000
2025,7,30,12,1,45.43,9.5,955.43,213,4.2,10000
2025,7,30,13,0,45.46,9.2,955.07,214,4.24,10000
2025,7,30,14,0,45.31,9.2,954.64,215,4.14,10000
2025,7,30,15,0,44.05,10,954.65,217,4.1,10000
2025,7,30,16,0,43.25,10.1,954.57,219,4.33,10000
2025,7,30,17,0,42.42,10.8,954.71,220,3.7,10000
2025,7,30,18,0,38.78,14.1,955.4,218,3.32,10000
2025,7,30,19,0,37.22,15.4,955.93,213,2.66,10000
2025,7,30,20,0,36.06,16.4,955.56,209,2.16,10000
2025,7,30,21,0,34.67,18.7,955.72,186,2.08,10000
2025,7,30,22,0,34.63,18.7,955.48,141,1.5,10000
2025,7,30,23,1,32.13,23.7,955.13,84,1.14,10000
2025,7,30,24,1,31.87,22.8,954.82,71,1.03,10000
2025,7,31,1,1,31.67,22.1,954.82,68,1.04,10000
2025,7,31,2,2,31.35,21.1,954.8,62,1.46,10000
2025,7,31,3,1,29.96,22.4,955.01,59,2.01,10000
2025,7,31,4,0,30.74,20.8,955.01,59,2.32,10000
2025,7,31,5,0,32.77,20.3,955.01,57,2.35,10000
2025,7,31,6,0,37.79,16.7,955.1,40,1.51,10000
2025,7,31,7,0,38.74,17,954.97,347,1.53,10000
2025,7,31,8,0,39.42,16.5,954.68,312,1.61,10000
2025,7,31,9,0,42.69,13,954.21,295,1.52,10000
2025,7,31,10,0,43.25,13,953.73,275,1.5,10000
2025,7,31,11,0,45.57,10.9,952.87,268,1.91,10000
2025,7,31,12,0,45.96,10.9,952.34,256,2.09,10000
2025,7,31,13,0,46.1,11,951.58,253,2.47,10000
2025,7,31,14,0,45.98,11.5,951.09,253,2.98,10000
2025,7,31,15,0,44.83,12.3,950.95,257,3.62,10000
2025,7,31,16,0,43.97,11.8,950.55,256,4.16,10000
2025,7,31,17,0,43.12,13.8,950.91,250,3.59,10000
2025,7,31,18,0,39.72,17.3,951.45,250,3.6,10000
2025,7,31,19,0,38.84,18.1,952.06,255,3.4,10000
2025,7,31,20,0,37.94,18.6,952.28,256,2.79,10000
2025,7,31,21,0,35.55,21.7,952.59,247,2.24,10000
2025,7,31,22,0,34.96,22.6,952.51,237,1.92,10000
2025,7,31,23,0,32.9,24.4,952.31,245,1.95,10000
2025,7,31,24,0,34.27,22.2,952.16,286,1.37,10000
2025,8,1,1,0,34.23,22.5,952.39,2,0.84,10000
2025,8,1,2,0,33.46,23.2,952.21,46,0.77,10000
2025,8,1,3,0,32.93,23,952.75,65,0.83,10000
2025,8,1,4,0,31.29,25.4,952.86,76,0.92,10000
2025,8,1,5,0,34.12,25,953.23,88,1.14,10000
2025,8,1,6,0,36.48,24.4,953.5,154,0.61,10000
2025,8,1,7,0,38.63,22.5,953.75,234,1.09,10000
2025,8,1,8,0,40.33,20.5,953.81,245,2.15,10000
2025,8,1,9,0,41.75,19.3,953.92,246,3.04,10000
2025,8,1,10,0,43.04,17.9,953.61,245,3.7,10000
2025,8,1,11,0,44.09,15.5,953.04,251,4.29,10000
2025,8,1,12,0,44.51,15.9,952.76,251,4.31,10000
2025,8,1,13,0,44.45,16.5,952.72,253,4.48,10000
2025,8,1,14,0,44.35,16.7,952.58,257,4.78,10000
2025,8,1,15,0,43.44,17.2,952.62,263,5.07,10000
2025,8,1,16,0,42.39,17.6,952.39,267,5.24,10000
2025,8,1,17,0,41.15,17.2,953.14,268,4.7,10000
2025,8,1,18,0,39.46,18.9,953.89,270,4.26,10000
2025,8,1,19,0,38,20.5,954.76,274,3.68,10000
2025,8,1,20,0,37.12,20.9,954.93,282,3.02,10000
2025,8,1,21,0,35.08,23.1,955.2,293,2.46,10000
2025,8,1,22,0,33.75,25.2,955.24,302,2.24,10000
2025,8,1,23,0,32.01,29.5,954.8,306,2.5,10000
2025,8,1,24,0,31.15,31.8,954.96,307,2.7,10000
2025,8,2,1,0,30.68,32.9,955.3,307,2.76,10000
2025,8,2,2,0,30.08,33.9,955.79,308,2.63,10000
2025,8,2,3,0,29.37,35.5,956.16,310,2.5,10000
2025,8,2,4,0,29.16,35,956.79,315,2.28,10000
2025,8,2,5,0,31.26,35.9,956.9,316,2.45,10000
2025,8,2,6,0,34.13,32,957.36,319,2.97,10000
2025,8,2,7,0,36.98,28.2,957.52,315,3.27,10000
2025,8,2,8,0,39.38,23,957.31,304,3.44,10000
2025,8,2,9,0,41.59,17.5,957.19,291,3.82,10000
2025,8,2,10,0,42.65,15,956.98,282,4.27,10000
2025,8,2,11,0,43.75,12.6,956.05,280,4.27,10000
2025,8,2,12,0,44,12.3,955.73,273,4.46,10000
2025,8,2,13,0,44,12.2,955.59,272,4.61,10000
2025,8,2,14,0,43.85,12.3,955.54,274,4.87,10000
2025,8,2,15,0,42.7,12.6,955.45,277,5.2,10000
2025,8,2,16,0,42.04,12.8,955.55,279,5.55,10000
2025,8,2,17,0,41.58,12.6,956.07,278,5.05,10000
2025,8,2,18,0,38.01,16.1,956.72,280,5.21,10000
2025,8,2,19,0,37.52,17.2,957.46,285,5.42,10000
2025,8,2,20,0,36.63,19.2,957.59,289,5.16,10000
2025,8,2,21,0,34.31,23.3,957.8,295,4.43,10000
2025,8,2,22,0,33.84,24.2,957.8,299,3.72,10000
2025,8,2,23,0,32.3,25.8,957.9,300,3.3,10000
2025,8,2,24,0,31.21,26.5,957.51,304,3.07,10000
2025,8,3,1,0,30.42,27.4,957.69,308,2.73,10000
2025,8,3,2,0,30.09,28.1,957.93,319,2.61,10000
2025,8,3,3,0,29.01,31.1,957.95,331,2.42,10000
2025,8,3,4,0,29.33,30.2,958.36,339,2.09,10000
2025,8,3,5,0,31.12,29.6,958.4,333,2.3,10000
2025,8,3,6,0,35.54,26.5,958.56,326,2.9,10000
2025,8,3,7,0,36.72,25.4,958.75,318,3.72,10000
2025,8,3,8,0,37.9,24.2,958.58,307,4.49,10000
2025,8,3,9,0,41.53,16.3,958.3,297,4.91,10000
2025,8,3,10,0,42.13,14.7,958.02,288,5.16,10000
2025,8,3,11,0,43.46,12.5,957.28,288,5.69,10000
2025,8,3,12,0,43.39,12.6,956.84,287,5.94,10000
2025,8,3,13,0,43.47,12.4,956.81,288,5.99,10000
2025,8,3,14,0,43.35,12.4,956.53,290,5.83,10000
2025,8,3,15,0,42.93,12.7,956.45,292,5.82,10000
2025,8,3,16,0,39.39,15.3,956.33,291,5.88,10000
2025,8,3,17,0,38.67,15.6,956.57,287,5.08,10000
2025,8,3,18,0,37.77,16.3,956.94,286,5.23,10000
2025,8,3,19,0,37.1,17.4,957.72,287,5.65,10000
2025,8,3,20,0,36.7,17.8,958.05,292,5.86,10000
2025,8,3,21,0,34.54,20,958.4,298,5.62,10000
2025,8,3,22,0,34.32,18.8,958.4,302,5.2,10000
2025,8,3,23,0,33.06,21.8,958.5,304,4.56,10000
2025,8,3,24,0,32.18,21.2,958.42,306,4.11,10000
2025,8,4,1,0,31.51,21.5,958.66,307,3.63,10000
2025,8,4,2,0,30.41,21.3,958.71,313,3.37,10000
2025,8,4,3,0,29.58,22.6,959.04,318,3.19,10000
2025,8,4,4,0,29.56,22.2,959.19,325,3.23,10000
2025,8,4,5,0,30.98,22.4,959.56,333,3.33,10000
2025,8,4,6,0,33.04,21.5,959.73,338,3.64,10000
2025,8,4,7,0,35.92,19,959.78,337,3.53,10000
2025,8,4,8,0,38.39,17.4,959.78,321,3.81,10000
2025,8,4,9,0,41.05,14.3,959.69,303,4.66,10000
2025,8,4,10,0,42.53,12.6,959.3,298,5.36,10000
2025,8,4,11,0,43.68,9.4,958.56,303,5.09,10000
2025,8,4,12,0,44.08,9.1,957.8,300,5.14,10000
2025,8,4,13,0,44.59,9.2,957.54,296,5.38,10000
2025,8,4,14,0,44.66,9.3,957.17,295,5.84,10000
2025,8,4,15,0,43.8,9.4,957.02,295,6.26,10000
2025,8,4,16,0,42.56,9.6,957.04,295,6.51,10000
2025,8,4,17,0,41.01,10.5,956.89,294,6.14,10000
2025,8,4,18,0,38.48,12.7,957.8,298,6.33,10000
2025,8,4,19,0,37.37,12.8,958.33,305,6.2,10000
2025,8,4,20,0,36.62,13.2,958.61,310,5.94,10000
2025,8,4,21,0,35.59,13.6,958.88,314,5.36,10000
2025,8,4,22,0,34.92,12,958.73,315,4.71,10000
2025,8,4,23,0,32.5,14.8,958.89,314,4.07,10000
2025,8,4,24,0,32.09,15.2,958.48,313,3.97,10000
2025,8,5,1,0,31.52,16.6,958.25,318,3.79,10000
2025,8,5,2,0,31.19,17.6,958.6,325,3.78,10000
2025,8,5,3,0,30.37,19.2,958.68,331,3.75,10000
2025,8,5,4,0,30.24,19.6,958.97,333,3.82,10000
2025,8,5,5,0,30.75,21.4,959.28,329,3.86,10000
2025,8,5,6,0,34.39,19.2,959.49,325,4.75,10000
2025,8,5,7,0,35.81,17.7,959.56,321,5.3,10000
2025,8,5,8,0,36.92,16.2,959.33,315,5.98,10000
2025,8,5,9,0,41.39,10.1,959.25,310,6.3,10000
2025,8,5,10,0,42.15,9.8,958.76,305,6.38,10000
2025,8,5,11,1,43.97,9,957.92,305,5.94,10000
2025,8,5,12,3,44.3,8.6,957.48,303,5.94,10000
2025,8,5,13,2,44.54,8.2,957.36,299,6.05,10000
2025,8,5,14,1,44.44,8.6,957.11,296,6.34,10000
2025,8,5,15,0,43.17,9.2,956.77,295,6.53,10000
2025,8,5,16,0,42.25,10.1,956.67,293,6.07,10000
2025,8,5,17,0,41.42,10.5,956.98,290,5.34,10000
2025,8,5,18,0,37.33,13.4,957.29,290,5.08,10000
2025,8,5,19,0,36.89,13.6,958.11,292,4.73,10000
2025,8,5,20,0,35.99,14,957.99,296,4.29,10000
2025,8,5,21,1,33.85,15.7,958.31,302,3.73,10000
2025,8,5,22,1,33.52,15.5,958.11,306,3.18,10000
2025,8,5,23,4,31.82,18.1,958.25,303,2.71,10000
2025,8,5,24,6,31.48,18.7,957.93,308,2.64,10000
2025,8,6,1,6,30.94,19.5,957.98,320,2.34,10000
2025,8,6,2,5,30.44,20.1,957.93,338,2.51,10000
2025,8,6,3,3,29.54,21.6,958.17,344,2.44,10000
2025,8,6,4,2,29.74,20.5,958.24,348,1.85,10000
2025,8,6,5,1,30.29,21.1,958.45,336,1.86,10000
2025,8,6,6,0,31.38,21,958.75,312,2.29,10000
2025,8,6,7,1,35.03,20.3,958.91,301,2.95,10000
2025,8,6,8,1,37.61,18.1,958.85,292,3.7,10000
2025,8,6,9,0,39.41,16.6,958.62,288,4.37,10000
2025,8,6,10,0,41.01,15.9,958.29,284,4.77,10000
2025,8,6,11,4,43.71,12.1,957.78,283,4.56,10000
2025,8,6,12,4,43.79,12.5,957.24,280,4.72,10000
2025,8,6,13,3,43.79,12.6,956.85,279,4.95,10000
2025,8,6,14,2,43.94,12.4,956.44,279,5.15,10000
2025,8,6,15,0,42.84,12.5,956.37,282,4.96,10000
2025,8,6,16,1,42.06,11.9,956.18,284,4.51,10000
2025,8,6,17,0,41.51,12.2,956.66,280,3.32,10000
2025,8,6,18,1,37.28,14.2,956.74,279,3.12,10000
2025,8,6,19,1,36.62,13.9,957.38,284,2.92,10000
2025,8,6,20,1,36.11,13.3,957.23,293,2.89,10000
2025,8,6,21,2,33.95,13.6,957.12,304,2.87,10000
2025,8,6,22,1,32.97,13.4,957.44,307,2.78,10000
2025,8,6,23,2,31.57,15.3,957.13,297,2.53,10000
2025,8,6,24,3,30.7,15.3,957.48,296,2.73,10000
2025,8,7,1,3,30.48,15.7,957.49,307,2.74,10000
2025,8,7,2,4,30.65,14.4,957.6,324,2.86,10000
2025,8,7,3,3,29.98,15.1,957.8,341,2.9,10000
2025,8,7,4,3,29.73,15.2,958.08,358,2.75,10000
2025,8,7,5,6,31.89,15.8,958.45,9,2.91,10000
2025,8,7,6,1,34.77,15.3,958.67,356,2.76,10000
2025,8,7,7,0,37.55,15,959.04,333,3.26,10000
2025,8,7,8,0,39.98,12.5,958.97,312,4.12,10000
2025,8,7,9,0,41.73,9.9,958.78,303,4.99,10000
2025,8,7,10,0,43.15,8.5,958.75,297,5.28,10000
2025,8,7,11,1,44.66,7.5,957.39,297,5.1,10000
2025,8,7,12,0,44.85,7.7,956.96,290,5.17,10000
2025,8,7,13,0,44.85,7.9,956.47,286,5.53,10000
2025,8,7,14,0,44.68,8.2,956.35,287,5.76,10000
2025,8,7,15,0,43.3,9,956.3,290,5.59,10000
2025,8,7,16,0,42.67,9.3,956.39,291,4.87,10000
2025,8,7,17,0,41.98,9.5,956.87,288,3.52,10000
2025,8,7,18,0,40.23,11.8,957.53,290,3.29,10000
2025,8,7,19,0,34.8,17.1,958.16,296,3.3,10000
2025,8,7,20,0,34.29,17.9,958.09,303,3.39,10000
2025,8,7,21,0,33.64,19.5,958.21,310,3.39,10000
2025,8,7,22,0,33.26,20.5,958.29,317,3.3,10000
2025,8,7,23,0,31.38,26.5,958.1,322,3.06,10000
2025,8,7,24,0,31.18,26.7,957.94,322,2.77,10000
2025,8,8,1,0,30.31,28,957.81,327,2.64,10000
2025,8,8,2,0,30.02,29.5,957.79,338,2.58,10000
2025,8,8,3,0,28.95,31.9,958.18,355,2.49,10000
2025,8,8,4,0,28.51,30.8,958.31,14,2.24,10000
2025,8,8,5,0,31.21,28.5,958.74,18,2.19,10000
2025,8,8,6,0,34.79,24.1,958.88,345,1.89,10000
2025,8,8,7,0,37.75,20.7,959.1,319,2.94,10000
2025,8,8,8,0,39.63,17.1,959.18,305,3.36,10000
2025,8,8,9,0,41.45,14,959.16,295,3.68,10000
2025,8,8,10,0,42.27,12.5,958.76,287,4.13,10000
2025,8,8,11,0,42.82,12.2,958.31,284,4.51,10000
2025,8,8,12,0,43.01,12.2,957.65,281,4.88,10000
2025,8,8,13,0,43.72,11.9,957.36,282,5.18,10000
2025,8,8,14,0,43.6,12.7,957,285,5.36,10000
2025,8,8,15,0,43.27,13.3,956.91,290,5.27,10000
2025,8,8,16,0,42.44,13.2,957.16,292,4.52,10000
2025,8,8,17,0,41.09,15.3,957.39,285,2.41,10000
2025,8,8,18,0,36.36,19.8,958.09,275,2.07,10000
2025,8,8,19,0,35.27,20.5,958.87,268,2.32,10000
2025,8,8,20,0,35.78,20.6,958.84,265,2.33,10000
2025,8,8,21,0,35.62,20.9,959.28,271,2.4,10000
2025,8,8,22,0,34.51,21,959.45,287,2.48,10000
2025,8,8,23,0,31.5,24,959.29,302,2.74,10000
2025,8,8,24,0,31.48,23.2,959.58,338,2.42,10000
2025,8,9,1,0,30.64,23.6,959.42,17,2,10000
2025,8,9,2,0,30.22,24.1,959.62,41,1.59,10000
2025,8,9,3,0,28.99,25.9,959.81,55,1.62,10000
2025,8,9,4,0,29.52,24.4,960.29,61,1.83,10000
2025,8,9,5,0,31.38,23.9,960.34,61,2.16,10000
2025,8,9,6,0,37.18,18.3,960.63,62,1.19,10000
2025,8,9,7,0,38.61,17.7,960.96,26,0.68,10000
2025,8,9,8,0,39.56,16.5,960.87,291,1.56,10000
2025,8,9,9,0,43.47,12.2,960.94,280,3.15,10000
2025,8,9,10,0,43.75,11.3,960.51,281,4.08,10000
2025,8,9,11,0,45.09,9.9,960.27,281,4.38,10000
2025,8,9,12,0,45.32,10.1,959.83,288,4.76,10000
2025,8,9,13,0,45.53,9.7,958.99,292,5.24,10000
2025,8,9,14,0,45.59,9.7,958.6,296,5.57,10000
2025,8,9,15,0,44.76,10,958.06,300,5.48,10000
2025,8,9,16,0,44.49,10,958.12,300,4.79,10000
2025,8,9,17,0,43.57,10.5,958.36,294,2.74,10000
2025,8,9,18,0,37.64,15.2,958.91,292,2.38,10000
2025,8,9,19,0,36.56,16.8,959.53,294,2.27,10000
2025,8,9,20,0,36.38,16.9,959.3,299,2.4,10000
2025,8,9,21,0,34.87,18.3,959.72,312,2.15,10000
2025,8,9,22,0,34.15,18,959.63,351,1.53,10000
2025,8,9,23,0,31.77,22.1,959.49,2,0.68,10000
2025,8,9,24,0,30.83,23,959.63,48,0.64,10000
2025,8,10,1,0,30.21,22.5,959.11,68,0.93,10000
2025,8,10,2,0,30.23,21.7,959.06,70,1.07,10000
2025,8,10,3,0,28.52,22.6,958.8,67,1.43,10000
2025,8,10,4,0,29.59,21.8,959.1,66,2.11,10000
2025,8,10,5,0,32.36,20.2,959.31,64,2.6,10000
2025,8,10,6,0,37.57,16.2,959.29,67,1.69,10000
2025,8,10,7,0,39.42,15.1,959.43,73,1.25,10000
2025,8,10,8,0,40.09,15.5,959.25,100,0.19,10000
2025,8,10,9,0,44.46,11.9,959.07,272,1.67,10000
2025,8,10,10,1,44.92,10.9,958.36,281,3.02,10000
2025,8,10,11,1,46.32,9.3,958.12,281,4.55,10000
2025,8,10,12,0,46.47,9.1,957.47,282,5.04,10000
2025,8,10,13,0,46.53,8.6,956.82,286,5.29,10000
2025,8,10,14,0,46.39,8.6,956.44,291,5.43,10000
2025,8,10,15,0,45.1,9,955.85,294,5.41,10000
2025,8,10,16,0,44.59,7.7,955.69,293,4.51,10000
2025,8,10,17,0,43.46,8.3,955.85,287,2.92,10000
2025,8,10,18,0,41.34,9.1,956.11,279,2.7,10000
2025,8,10,19,0,36.73,11.4,956.68,273,2.72,10000
2025,8,10,20,0,36.97,10.7,956.85,272,2.84,10000
2025,8,10,21,0,36.07,11.4,956.85,276,2.73,10000
2025,8,10,22,0,35.13,12.2,956.94,286,2.68,10000
2025,8,10,23,0,33.2,16.4,957.51,298,2.85,10000
2025,8,10,24,0,32.51,16.1,957.31,337,2.29,10000
2025,8,11,1,0,31.22,16.6,957.52,25,1.51,10000
2025,8,11,2,0,29.95,17.8,957.49,60,1.35,10000
2025,8,11,3,0,29.28,18.9,957.52,75,1.61,10000
2025,8,11,4,0,28.97,18.6,957.86,82,1.73,10000
2025,8,11,5,0,32.03,16.7,958.1,88,1.76,10000
2025,8,11,6,0,35.62,16.3,958.56,111,0.92,10000
2025,8,11,7,0,38.65,14.4,958.73,185,0.62,10000
2025,8,11,8,0,40.75,13.4,958.65,232,1.26,10000
2025,8,11,9,0,42.69,12.5,958.65,248,2.63,10000
2025,8,11,10,0,43.82,11.7,958.07,258,3.42,10000
2025,8,11,11,0,44.58,11.3,958.36,260,3.89,10000
2025,8,11,12,0,44.99,10.9,957.89,258,3.79,10000
2025,8,11,13,0,45.32,10.2,957.52,257,3.73,10000
2025,8,11,14,0,45.11,9.9,957.22,255,3.65,10000
2025,8,11,15,0,44.56,10.1,956.88,254,3.53,10000
2025,8,11,16,0,43.56,10.5,956.78,253,3.08,10000
2025,8,11,17,0,41.76,10.9,957.08,248,2.2,10000
2025,8,11,18,0,38.27,12.8,957.24,249,2.48,10000
2025,8,11,19,0,35.88,13.7,957.87,253,2.76,10000
2025,8,11,20,0,34,15.2,957.97,260,2.28,10000
2025,8,11,21,0,33.16,16.1,958.1,297,1.7,10000
2025,8,11,22,0,33.66,15.1,958.27,16,0.78,10000
2025,8,11,23,0,31.18,16.6,958.28,75,1.4,10000
2025,8,11,24,0,29.8,16.6,957.93,82,1.76,10000
2025,8,12,1,0,29.03,16.9,958.06,88,1.96,10000
2025,8,12,2,0,28.05,17.3,958.32,89,2.05,10000
2025,8,12,3,0,27.41,17.7,958.69,89,2.27,10000
2025,8,12,4,0,27.45,16.1,959.08,90,2.61,10000
2025,8,12,5,0,30.99,13.9,959.71,93,3.01,10000
2025,8,12,6,0,35.6,13.1,959.75,110,2.21,10000
2025,8,12,7,0,39.14,12.5,960.03,152,2.1,10000
2025,8,12,8,0,41.14,11.6,960.08,198,2.35,10000
2025,8,12,9,0,42.65,9.8,959.96,227,2.79,10000
2025,8,12,10,0,43.89,8.4,959.63,252,3.35,10000
2025,8,12,11,0,44.67,8.9,959.32,265,3.99,10000
2025,8,12,12,0,45.01,8.6,958.7,272,4.6,10000
2025,8,12,13,0,45.05,8.1,958.45,274,5,10000
2025,8,12,14,0,45.13,8.1,958.08,274,5.24,10000
2025,8,12,15,0,44.36,8.3,957.73,274,5.19,10000
2025,8,12,16,0,43.4,8,957.67,272,4.38,10000
2025,8,12,17,0,41.95,8.2,957.96,267,2.74,10000
2025,8,12,18,0,37.89,9.7,958.37,268,2.62,10000
2025,8,12,19,0,35.46,9.9,958.94,273,2.56,10000
2025,8,12,20,0,33.98,10.8,958.97,279,2.45,10000
2025,8,12,21,0,32.2,11.4,958.84,290,2.85,10000
2025,8,12,22,0,31.32,11.2,958.92,310,2.36,10000
2025,8,12,23,0,31.95,13.3,958.84,338,1.48,10000
2025,8,12,24,0,31.88,12.1,958.58,357,0.59,10000
2025,8,13,1,0,29.6,11.4,958.35,68,0.84,10000
2025,8,13,2,0,28.58,10.4,958.73,84,1.19,10000
2025,8,13,3,0,27.37,10.3,958.83,81,1.58,10000
2025,8,13,4,0,26.21,11.6,959.24,81,2.19,10000
2025,8,13,5,0,29.31,11,959.58,84,2.66,10000
2025,8,13,6,0,34.03,9.1,959.7,96,1.72,10000
2025,8,13,7,0,37.73,8.4,959.89,138,1.09,10000
2025,8,13,8,0,39.62,8.4,959.7,191,0.85,10000
2025,8,13,9,0,41.43,8.7,959.5,237,1.01,10000
2025,8,13,10,0,42.46,8.5,959.23,258,1.37,10000
2025,8,13,11,0,43.8,8.8,958.81,266,1.72,10000
2025,8,13,12,0,44.34,8.7,958.39,272,1.99,10000
2025,8,13,13,0,44.5,8.9,957.55,278,2.33,10000
2025,8,13,14,0,44.63,9.1,957.29,283,2.68,10000
2025,8,13,15,0,44.15,9.3,956.95,288,2.89,10000
2025,8,13,16,0,43.08,8.7,957.03,289,2.83,10000
2025,8,13,17,0,40.06,9.5,957.09,284,2.37,10000
2025,8,13,18,0,37.3,10.4,957.54,296,2.31,10000
2025,8,13,19,0,36.31,11.4,958.27,321,2.28,10000
2025,8,13,20,0,35.64,11.6,958.12,355,2.06,10000
2025,8,13,21,0,34.2,11,958.42,25,2.09,10000
2025,8,13,22,0,33.17,10.8,958.2,41,2.3,10000
2025,8,13,23,0,31.95,16.4,957.43,45,2.59,10000
2025,8,13,24,0,31.9,17.1,957.01,41,3.12,10000
2025,8,14,1,0,32.33,17.9,957.01,41,3.77,10000
2025,8,14,2,0,31.94,19,956.89,42,4.44,10000
2025,8,14,3,0,31.79,19,956.88,43,4.89,10000
2025,8,14,4,0,32.67,20.6,957.13,45,5.23,10000
2025,8,14,5,0,34.42,21.6,957.26,46,5.56,10000
2025,8,14,6,0,37.27,20.7,957.4,48,5.97,10000
2025,8,14,7,0,39.11,20,957.38,53,6.77,10000
2025,8,14,8,0,40.55,19.6,957.27,55,6.63,10000
2025,8,14,9,0,41.96,18.9,957.2,57,5.71,10000
2025,8,14,10,1,43.32,17.9,956.67,52,4.47,10000
2025,8,14,11,1,44.44,15.7,956.45,29,3.9,10000
2025,8,14,12,0,45.13,14.3,955.65,18,4.03,10000
2025,8,14,13,0,45.62,13.4,955.13,13,3.85,10000
2025,8,14,14,0,45.72,13.6,954.7,8,3.83,10000
2025,8,14,15,0,45.21,13.4,954.45,5,3.73,10000
2025,8,14,16,0,44.39,12.6,954.56,2,3.22,10000
2025,8,14,17,0,41.98,14.4,954.49,360,2.47,10000
2025,8,14,18,0,39.12,15.9,955.13,11,2.45,10000
2025,8,14,19,0,37.45,16.5,955.51,21,2.41,10000
2025,8,14,20,0,36.39,16.5,955.36,27,2.55,10000
2025,8,14,21,0,35.42,16.7,955.58,34,2.83,10000
2025,8,14,22,0,34.69,17.9,955.33,44,3.27,10000
2025,8,14,23,0,34.41,21.2,954.99,46,3.49,10000
2025,8,14,24,0,34.89,21.5,954.59,43,3.84,10000
2025,8,15,1,0,35.08,21.4,954.57,42,4.08,10000
2025,8,15,2,0,33.35,22.1,954.33,44,4.2,10000
2025,8,15,3,0,32.53,22.4,954.25,47,4.24,10000
2025,8,15,4,0,32.45,22.5,954.31,49,4.35,10000
2025,8,15,5,0,35.4,22.5,954.55,50,4.69,10000
2025,8,15,6,0,38.39,20.2,954.39,56,4.86,10000
2025,8,15,7,0,40.1,19.7,954.51,63,5.05,10000
2025,8,15,8,0,41.71,19.1,954.4,72,4.23,10000
2025,8,15,9,0,42.85,18.3,953.94,81,2.79,10000
2025,8,15,10,5,43.78,17.2,953.91,90,1.15,10000
2025,8,15,11,4,45.06,15.1,952.92,354,0.79,10000
2025,8,15,12,4,45.59,14.1,952.17,332,1.4,10000
2025,8,15,13,3,46.05,13,951.72,318,1.86,10000
2025,8,15,14,2,46.07,13.4,951.51,309,2.28,10000
2025,8,15,15,2,45.74,13.2,951.17,308,2.87,10000
2025,8,15,16,1,44.84,13,951.21,307,3.22,10000
2025,8,15,17,0,43.04,14.2,950.93,301,2.92,10000
2025,8,15,18,0,40.06,16.2,951.52,304,3.22,10000
2025,8,15,19,0,37.95,15.5,952.03,309,3.01,10000
2025,8,15,20,0,35.83,15.3,952.11,320,2.39,10000
2025,8,15,21,0,34.35,16.1,951.83,339,2.42,10000
2025,8,15,22,0,33.86,15.5,951.96,2,2,10000
2025,8,15,23,0,32.79,17.3,951.65,358,1.5,10000
2025,8,15,24,0,31.79,17.7,951.21,4,1.37,10000
2025,8,16,1,0,30.36,18.8,951.42,18,1.48,10000
2025,8,16,2,0,30.02,18.8,951.36,24,1.31,10000
2025,8,16,3,0,29.14,19.6,951.51,42,1.16,10000
2025,8,16,4,0,29.12,19.6,951.93,58,1.12,10000
2025,8,16,5,0,31.5,17.4,952.41,67,1.11,10000
2025,8,16,6,0,35.06,15.2,952.85,95,0.38,10000
2025,8,16,7,0,37.34,14.9,953.07,204,0.37,10000
2025,8,16,8,0,39.81,13.7,953.43,235,1,10000
2025,8,16,9,0,41.76,11.8,953.28,249,2.22,10000
2025,8,16,10,0,43.13,10,953.01,255,3.68,10000
2025,8,16,11,0,44.19,8.7,953.09,251,4.47,10000
2025,8,16,12,0,44.64,8,952.95,241,5.21,10000
2025,8,16,13,0,44.86,6.7,952.73,236,5.58,10000
2025,8,16,14,0,44.49,6.5,952.8,236,5.33,10000
2025,8,16,15,0,43.81,6.1,952.67,241,4.78,10000
2025,8,16,16,0,42.82,4.9,952.98,244,3.55,10000
2025,8,16,17,0,39.55,5.2,953.1,233,2.27,10000
2025,8,16,18,0,35.77,6.6,953.68,220,2.47,10000
2025,8,16,19,0,34.93,7.3,954.34,211,2.43,10000
2025,8,16,20,0,35.04,7.3,954.43,211,2.24,10000
2025,8,16,21,0,32.94,9,954.57,222,2.29,10000
2025,8,16,22,0,30.58,9.2,954.69,249,2.35,10000
2025,8,16,23,0,32.07,13.9,954.96,266,2.49,10000
2025,8,16,24,0,31.68,12.5,954.85,306,1.95,10000
2025,8,17,1,0,30.16,12.6,954.81,2,1.35,10000
2025,8,17,2,0,27.62,14.9,954.99,27,1.22,10000
2025,8,17,3,0,26.77,15.8,955.34,34,1.28,10000
2025,8,17,4,0,26.24,15,956.01,36,1.03,10000
2025,8,17,5,0,28.41,12.8,956.52,42,1.74,10000
2025,8,17,6,0,32.57,10.1,956.82,38,1.16,10000
2025,8,17,7,0,35.19,12,957.22,25,0.87,10000
2025,8,17,8,0,37.39,12.6,956.97,320,0.31,10000
2025,8,17,9,0,39.99,11.5,956.98,259,1.21,10000
2025,8,17,10,0,41.91,10.7,956.59,262,2.3,10000
2025,8,17,11,0,42.99,9.9,956.47,258,2.7,10000
2025,8,17,12,0,43.85,9.7,955.9,258,3.03,10000
2025,8,17,13,0,43.89,9.3,955.6,256,3.37,10000
2025,8,17,14,0,43.62,10.8,955.41,258,3.69,10000
2025,8,17,15,0,43.03,11,955.23,262,3.86,10000
2025,8,17,16,0,42.23,10.8,955.34,266,3.99,10000
2025,8,17,17,0,40,13.4,955.72,270,3.56,10000
2025,8,17,18,0,36.98,17.1,956.36,277,3.75,10000
2025,8,17,19,0,35.34,19.5,957.31,287,3.63,10000
2025,8,17,20,0,33.48,21.3,957.61,298,3.24,10000
2025,8,17,21,0,31.88,22.6,957.9,312,2.7,10000
2025,8,17,22,0,30.8,24,957.83,326,2.46,10000
2025,8,17,23,0,28.11,27.3,957.65,339,2.29,10000
2025,8,17,24,0,27.77,29.3,957.2,349,2.3,10000
2025,8,18,1,0,27.43,30.3,957.11,7,1.97,10000
2025,8,18,2,0,26.74,31.1,956.8,24,1.84,10000
2025,8,18,3,0,25.99,31.4,956.99,37,1.82,10000
2025,8,18,4,0,26.02,29.8,956.91,42,1.77,10000
2025,8,18,5,0,28.81,25.9,957.46,39,1.98,10000
2025,8,18,6,0,32.96,19.8,957.64,4,1.04,10000
2025,8,18,7,0,35.5,17.6,957.78,314,1.59,10000
2025,8,18,8,0,37.61,16.8,957.72,297,2.08,10000
2025,8,18,9,0,40.07,15.1,957.27,287,2.48,10000
2025,8,18,10,0,41.63,13.5,956.98,276,3.05,10000
2025,8,18,11,0,43.07,12.6,956.86,274,3.61,10000
2025,8,18,12,0,43.66,11.7,956.15,274,3.82,10000
2025,8,18,13,0,43.72,11.2,955.74,274,3.86,10000
2025,8,18,14,0,43.94,11.5,955.64,276,3.86,10000
2025,8,18,15,0,43.05,11.7,955.4,278,3.81,10000
2025,8,18,16,0,42.26,10,955.2,277,3.48,10000
2025,8,18,17,0,39.09,13.6,955.33,274,2.72,10000
2025,8,18,18,0,35.9,17.4,955.94,276,2.53,10000
2025,8,18,19,0,34.05,18.8,956.32,282,2.44,10000
2025,8,18,20,0,31.94,20.3,956.44,293,2.53,10000
2025,8,18,21,0,31.89,20,956.2,314,2.32,10000
2025,8,18,22,0,32.06,19.3,956.14,343,1.83,10000
2025,8,18,23,0,30.95,21.6,956.33,360,1.2,10000
2025,8,18,24,0,29.9,22.9,955.77,9,1.09,10000
2025,8,19,1,0,29.31,24.5,955.9,12,1.02,10000
2025,8,19,2,0,28.53,26.1,955.66,9,1.33,10000
2025,8,19,3,0,27.29,26.9,955.89,10,1.31,10000
2025,8,19,4,0,26.86,29.1,956.11,2,1.31,10000
2025,8,19,5,0,28.26,28.6,956.44,338,1.53,10000
2025,8,19,6,0,30.08,28.4,956.83,312,2.2,10000
2025,8,19,7,0,32.9,24.8,956.85,310,2.6,10000
2025,8,19,8,0,36.13,21.5,956.77,301,2.83,10000
2025,8,19,9,0,38.92,19.4,956.53,293,3.37,10000
2025,8,19,10,0,41.07,16.7,956.08,286,3.74,10000
2025,8,19,11,0,42.88,14.3,955.18,287,3.83,10000
2025,8,19,12,0,43.79,13.3,954.48,285,3.69,10000
2025,8,19,13,0,44.22,12.3,953.95,281,3.65,10000
2025,8,19,14,1,43.97,12.5,953.68,278,3.79,10000
2025,8,19,15,1,43.66,12.6,953.47,272,4.08,10000
2025,8,19,16,2,42.34,12.6,953.27,267,4.08,10000
2025,8,19,17,0,40.01,15.3,953.52,262,3.69,10000
2025,8,19,18,0,37.54,18,954.15,262,3.63,10000
2025,8,19,19,0,35.48,19.8,954.72,265,3.18,10000
2025,8,19,20,0,33.76,21.6,954.62,270,2.69,10000
2025,8,19,21,0,31.94,23.9,954.92,275,2.28,10000
2025,8,19,22,0,30.77,25.3,954.72,282,2.44,10000
2025,8,19,23,0,28.9,28.4,954.38,275,2.37,10000
2025,8,19,24,0,29.54,26.9,954.23,285,2.23,10000
2025,8,20,1,0,29,27.3,954.47,287,1.99,10000
2025,8,20,2,0,28.55,27.8,954.48,278,1.48,10000
2025,8,20,3,0,27.86,28.9,955.07,246,1.06,10000
2025,8,20,4,0,27.04,30.8,955.3,240,1.18,10000
2025,8,20,5,0,27.89,32.7,955.65,260,1.47,10000
2025,8,20,6,0,30.12,32.1,955.75,276,1.88,10000
2025,8,20,7,0,32.76,29.5,955.9,273,2.05,10000
2025,8,20,8,0,35,27.1,955.67,264,2.66,10000
2025,8,20,9,0,37.36,24.1,955.6,257,3.19,10000
2025,8,20,10,0,38.68,21.8,955.09,248,3.55,10000
2025,8,20,11,0,39.88,18.9,954.97,243,3.35,10000
2025,8,20,12,0,40.33,16.4,954.57,235,3.52,10000
2025,8,20,13,0,40.31,15.3,954.41,230,3.65,10000
2025,8,20,14,0,40.22,14.3,953.8,233,3.73,10000
2025,8,20,15,0,39.52,14.6,953.87,238,3.79,10000
2025,8,20,16,0,38.59,14.4,953.89,247,3.67,10000
2025,8,20,17,0,36.72,16.3,954.18,253,2.66,10000
2025,8,20,18,0,34.3,19.3,954.67,257,2.21,10000
2025,8,20,19,0,32.23,23,955.11,260,2.04,10000
2025,8,20,20,0,30.54,25.7,954.92,266,2.01,10000
2025,8,20,21,0,29.3,28.3,955.35,270,2.38,10000
2025,8,20,22,0,29.49,29,955.07,276,2.16,10000
2025,8,20,23,0,29.51,29.2,955.17,273,2.15,10000
2025,8,20,24,0,30.24,27.5,954.97,298,1.85,10000
2025,8,21,1,0,29.05,29.3,955.02,339,1.27,10000
2025,8,21,2,0,26.98,33.4,954.88,15,0.8,10000
2025,8,21,3,0,26.67,33.1,955.33,55,0.77,10000
2025,8,21,4,0,26.24,33.8,955.95,62,0.63,10000
2025,8,21,5,0,28.15,32.1,956.06,70,0.72,10000
2025,8,21,6,0,31.3,30.1,956.41,298,0.33,10000
2025,8,21,7,0,33.62,28.1,956.5,282,1.07,10000
2025,8,21,8,0,35.81,24.7,956.45,263,1.58,10000
2025,8,21,9,0,37.52,22.3,956.15,254,2.12,10000
2025,8,21,10,0,38.81,20.2,955.97,250,2.66,10000
2025,8,21,11,0,39.83,18.1,955.61,258,2.62,10000
2025,8,21,12,0,40.38,18,955.35,256,2.79,10000
2025,8,21,13,0,40.83,17.8,955.12,253,2.84,10000
2025,8,21,14,0,40.74,17.6,954.92,252,2.96,10000
2025,8,21,15,0,40.29,18.2,955.04,253,3.05,10000
2025,8,21,16,0,39.54,18.4,955.26,257,3.07,10000
2025,8,21,17,0,38.18,21.1,955.41,254,2.21,10000
2025,8,21,18,0,34.75,25.5,956.14,250,1.98,10000
2025,8,21,19,0,32.84,28.4,956.65,247,2.03,10000
2025,8,21,20,0,31.99,29.3,956.86,245,2.03,10000
2025,8,21,21,0,31.7,30.5,957.02,237,1.69,10000
2025,8,21,22,0,32.49,29.4,956.7,208,0.59,10000
2025,8,21,23,0,28.76,34.4,957.05,135,0.45,10000
2025,8,21,24,0,28.67,33.8,957.14,105,0.96,10000
2025,8,22,1,0,27.45,35.6,957.19,95,1.13,10000
2025,8,22,2,0,26.84,34.8,957.27,85,1.47,10000
2025,8,22,3,0,26.61,33.5,957.28,82,1.78,10000
2025,8,22,4,0,26.84,32.1,957.69,80,2.3,10000
2025,8,22,5,0,29.85,28,957.96,83,2.73,10000
2025,8,22,6,0,33.61,22.9,958.29,95,1.85,10000
2025,8,22,7,0,36.24,21.8,958.5,139,0.85,10000
2025,8,22,8,0,37.78,19.5,958.31,198,0.65,10000
2025,8,22,9,0,39.16,18.1,957.95,198,0.78,10000
2025,8,22,10,0,39.96,16.7,957.51,215,1.13,10000
2025,8,22,11,0,41.11,14.6,956.99,251,1.44,10000
2025,8,22,12,0,41.44,14.1,956.3,260,1.64,10000
2025,8,22,13,0,42.28,12.5,955.75,264,1.82,10000
2025,8,22,14,0,42.4,11.9,955.34,270,2.11,10000
2025,8,22,15,0,41.84,12.2,955.03,275,2.36,10000
2025,8,22,16,0,41.2,11.8,955,278,2.43,10000
2025,8,22,17,0,38.35,14.5,955.08,266,2.03,10000
2025,8,22,18,0,35.17,18,955.44,262,2.28,10000
2025,8,22,19,0,32.78,19.5,956,265,2.28,10000
2025,8,22,20,0,33.18,18.3,955.87,284,2.45,10000
2025,8,22,21,0,32.71,19.5,956.06,326,1.84,10000
2025,8,22,22,0,31.04,20.7,955.78,7,1.74,10000
2025,8,22,23,0,29.42,24.7,955.87,15,1.32,10000
2025,8,22,24,0,28.52,25.4,955.77,9,1.26,10000
2025,8,23,1,0,27.38,26.8,955.81,15,1.28,10000
2025,8,23,2,0,26.32,27.7,955.39,20,1.39,10000
2025,8,23,3,0,25.68,28.1,955.73,22,1.33,10000
2025,8,23,4,0,25.74,27.8,955.73,33,1.49,10000
2025,8,23,5,0,28.79,24.4,955.94,40,2.01,10000
2025,8,23,6,0,33.91,19.7,956.26,30,1.17,10000
2025,8,23,7,0,36.91,17.4,956.06,352,1.14,10000
2025,8,23,8,0,39.04,16.5,956.3,320,1.6,10000
2025,8,23,9,0,41.16,14.6,955.81,301,2.23,10000
2025,8,23,10,0,42.09,13.9,955.43,291,2.54,10000
2025,8,23,11,0,43.04,12.9,954.94,288,3.01,10000
2025,8,23,12,0,43.52,12.3,954.33,287,3.12,10000
2025,8,23,13,0,43.78,12.2,953.83,283,3.16,10000
2025,8,23,14,0,43.89,11.8,953.37,283,3.27,10000
2025,8,23,15,0,43.43,11.3,953.24,280,3.46,10000
2025,8,23,16,0,42.43,10.8,953.24,272,3.37,10000
2025,8,23,17,0,39.76,11.9,953.29,265,3.17,10000
2025,8,23,18,0,36.7,13.9,953.94,268,2.9,10000
2025,8,23,19,0,35.07,14,954.22,278,2.62,10000
2025,8,23,20,0,32.42,15.7,954.44,301,2.55,10000
2025,8,23,21,0,32.09,15.2,954.57,344,2.25,10000
2025,8,23,22,0,31.83,14.5,954.47,19,1.89,10000
2025,8,23,23,0,29.65,15.8,954.09,32,1.68,10000
2025,8,23,24,0,29.18,16.5,954.15,30,1.3,10000
2025,8,24,1,0,28.79,17.7,954.02,29,1.23,10000
2025,8,24,2,0,27.37,18.9,953.88,33,1.26,10000
2025,8,24,3,0,25.66,20.3,953.97,48,1.48,10000
2025,8,24,4,0,25.9,20,954.49,53,1.85,10000
2025,8,24,5,0,29.63,17.6,954.58,51,2.27,10000
2025,8,24,6,0,33.32,15.8,954.89,37,1.3,10000
2025,8,24,7,0,36.91,13.9,955.18,351,1.08,10000
2025,8,24,8,0,39.85,12.1,955.25,324,1.33,10000
2025,8,24,9,0,42.22,11,955.28,300,1.51,10000
2025,8,24,10,0,43.63,10.8,954.64,282,2.05,10000
2025,8,24,11,0,45.03,10.5,954.32,275,2.5,10000
2025,8,24,12,0,45.56,10.4,953.6,270,2.64,10000
2025,8,24,13,0,45.88,9.9,953.23,261,2.76,10000
2025,8,24,14,0,45.78,9.9,953.1,256,3.08,10000
2025,8,24,15,0,45.32,9.9,952.95,254,3.48,10000
2025,8,24,16,0,44.18,8.7,953.07,250,3.42,10000
2025,8,24,17,0,41.1,11.5,953.41,249,3.14,10000
2025,8,24,18,0,37.97,13.9,954.05,254,2.9,10000
2025,8,24,19,0,35.2,15.4,954.9,264,2.77,10000
2025,8,24,20,0,32.96,16.6,954.97,274,2.43,10000
2025,8,24,21,0,31.76,18.1,955.45,286,2.68,10000
2025,8,24,22,0,30.83,18.2,955.33,302,2.45,10000
2025,8,24,23,0,30.48,19.8,955.33,321,2.06,10000
2025,8,24,24,0,31.09,18.7,955.41,339,1.48,10000
2025,8,25,1,0,30.8,18,955.27,2,1.19,10000
2025,8,25,2,0,28.41,19.4,955.33,11,0.97,10000
2025,8,25,3,0,26.98,21.1,955.57,24,1.09,10000
2025,8,25,4,0,26.09,22.2,956.17,28,1.06,10000
2025,8,25,5,0,29.11,19.1,956.2,19,1.03,10000
2025,8,25,6,0,32.34,16.9,956.68,345,0.95,10000
2025,8,25,7,0,35.29,16,956.78,314,1.49,10000
2025,8,25,8,0,38.24,13.8,956.73,293,1.94,10000
2025,8,25,9,0,40.86,12.3,956.63,279,2.99,10000
2025,8,25,10,0,42.49,11.5,956.21,272,3.69,10000
2025,8,25,11,0,43.89,10.4,955.62,284,3.48,10000
2025,8,25,12,0,44.21,9.8,955.25,276,3.32,10000
2025,8,25,13,0,44.45,9.6,954.78,268,3.48,10000
2025,8,25,14,0,44.15,9.8,954.47,267,3.8,10000
2025,8,25,15,0,43.08,9.9,954.67,267,4.15,10000
2025,8,25,16,0,42.18,8.9,954.68,269,4.06,10000
2025,8,25,17,0,39.47,11.9,955.01,272,4.01,10000
2025,8,25,18,0,36.49,14.2,955.69,277,4.05,10000
2025,8,25,19,0,34.64,15.5,956.2,283,3.74,10000
2025,8,25,20,0,32.95,15.8,956.32,290,2.98,10000
2025,8,25,21,0,30.91,18.5,956.53,303,2.37,10000
2025,8,25,22,0,29.51,18.9,956.51,323,2.63,10000
2025,8,25,23,0,28.24,20.9,956.18,345,2.06,10000
2025,8,25,24,0,28.31,20.2,956.04,1,1.76,10000
2025,8,26,1,0,26.97,20.9,955.95,19,1.54,10000
2025,8,26,2,0,26.29,21.1,956.09,28,1.44,10000
2025,8,26,3,0,25.56,22.5,956.34,33,1.18,10000
2025,8,26,4,0,24.62,22,956.66,28,0.92,10000
2025,8,26,5,0,28.23,19.4,957.07,345,0.58,10000
2025,8,26,6,0,30.81,18.9,957.43,297,1.18,10000
2025,8,26,7,0,33.66,19,957.65,293,1.82,10000
2025,8,26,8,0,36.2,18.3,957.81,284,2.44,10000
2025,8,26,9,0,38.69,16.6,957.84,279,3.23,10000
2025,8,26,10,0,40.5,14.8,957.41,277,3.7,10000
2025,8,26,11,0,41.89,14.4,956.94,280,3.93,10000
2025,8,26,12,0,42.35,13.8,956.52,281,4.32,10000
2025,8,26,13,0,42.7,13.4,955.92,282,4.52,10000
2025,8,26,14,0,42.43,13.2,955.87,284,4.53,10000
2025,8,26,15,0,41.93,13.6,955.73,286,4.27,10000
2025,8,26,16,0,40.94,13.3,955.79,283,3.44,10000
2025,8,26,17,0,38.56,16,956.06,274,2.66,10000
2025,8,26,18,0,35.57,18,956.59,272,2.85,10000
2025,8,26,19,0,33.97,19.6,957.12,276,3.04,10000
2025,8,26,20,0,32.88,20.8,957.14,283,3.15,10000
2025,8,26,21,0,31.3,22.7,957.55,292,3.14,10000
2025,8,26,22,0,30.46,23.6,957.44,302,2.92,10000
2025,8,26,23,0,28.53,26.3,957.44,312,2.59,10000
2025,8,26,24,0,27.52,28.2,957.14,328,2.66,10000
2025,8,27,1,0,27.19,29.7,957.19,353,2.35,10000
2025,8,27,2,0,27.05,29.6,957.26,2,2.02,10000
2025,8,27,3,0,27.25,28.4,957.61,349,1.81,10000
2025,8,27,4,0,26.83,29.9,957.6,313,2.18,10000
2025,8,27,5,0,27.74,29.9,958.26,301,2.18,10000
2025,8,27,6,0,30.25,27.7,958.52,301,2.48,10000
2025,8,27,7,0,32.77,26.3,958.77,303,2.69,10000
2025,8,27,8,0,35.64,24.1,958.62,296,3.13,10000
2025,8,27,9,0,37.96,22.7,958.45,290,3.46,10000
2025,8,27,10,0,39.56,21.1,957.77,284,3.67,10000
2025,8,27,11,0,40.63,20.7,957.18,279,3.86,10000
2025,8,27,12,0,41.39,19.2,956.87,276,3.96,10000
2025,8,27,13,0,41.86,18,956.22,272,4.02,10000
2025,8,27,14,0,41.71,17.2,956.09,271,3.93,10000
2025,8,27,15,0,40.85,17,956.07,270,3.88,10000
2025,8,27,16,0,39.59,16.5,956.29,268,3.61,10000
2025,8,27,17,0,37.1,18.3,956.27,266,3.17,10000
2025,8,27,18,0,34.78,19.2,956.92,271,3.13,10000
2025,8,27,19,0,32.7,20.6,957.29,277,2.75,10000
2025,8,27,20,0,31.08,22.2,957.65,282,2.27,10000
2025,8,27,21,0,31.35,20.6,957.88,290,2.09,10000
2025,8,27,22,0,31.46,20.2,957.89,322,1.81,10000
2025,8,27,23,0,29.08,25.4,957.57,349,1.04,10000
2025,8,27,24,0,28.76,25.7,957.49,354,1.39,10000
2025,8,28,1,0,27.92,27.4,957.88,357,1.54,10000
2025,8,28,2,0,27.03,28.2,957.77,12,1.52,10000
2025,8,28,3,0,26.75,28.4,958.46,29,1.41,10000
2025,8,28,4,0,26.48,28.9,958.58,43,0.98,10000
2025,8,28,5,0,28.26,27.4,959.15,52,1.05,10000
2025,8,28,6,0,31.71,24.9,959.53,331,0.42,10000
2025,8,28,7,0,33.76,25.4,959.74,293,1.19,10000
2025,8,28,8,0,36.57,22.8,960.11,277,1.86,10000
2025,8,28,9,0,38.7,20.2,959.9,265,2.4,10000
2025,8,28,10,0,40.22,18.4,959.47,256,2.69,10000
2025,8,28,11,0,41.16,17.9,958.65,261,2.86,10000
2025,8,28,12,0,41.86,17.1,958.38,260,3.16,10000
2025,8,28,13,0,42.32,16.4,958.19,259,3.41,10000
2025,8,28,14,0,42.1,16.2,957.62,260,3.65,10000
2025,8,28,15,0,41.31,16.7,957.88,263,3.79,10000
2025,8,28,16,0,40.1,17.5,957.71,267,3.67,10000
2025,8,28,17,0,38.03,20.4,958.25,270,3.17,10000
2025,8,28,18,0,35.52,23.2,958.83,278,3.02,10000
2025,8,28,19,0,33.37,26.1,959.37,289,2.66,10000
2025,8,28,20,0,31.86,27.6,959.53,297,2.44,10000
2025,8,28,21,0,30.91,28.6,959.68,302,2.36,10000
2025,8,28,22,0,30.02,29.9,959.87,311,2.36,10000
2025,8,28,23,0,28.55,31.8,959.75,315,2.39,10000
2025,8,28,24,0,28.42,32,959.64,328,2.4,10000
2025,8,29,1,0,27.77,33.2,960.03,346,2.26,10000
2025,8,29,2,0,26.99,34.6,959.88,0,2.08,10000
2025,8,29,3,0,26.73,35.6,960.33,7,1.9,10000
2025,8,29,4,0,26.53,35,960.39,5,1.79,10000
2025,8,29,5,0,29.15,33.1,960.81,351,2.12,10000
2025,8,29,6,0,31.42,29.5,961.09,322,2.55,10000
2025,8,29,7,0,33.93,26.4,961.24,317,3.55,10000
2025,8,29,8,0,36.39,24.3,961.37,311,4.1,10000
2025,8,29,9,0,38.97,21.6,960.95,307,4.35,10000
2025,8,29,10,0,40.6,19.8,960.43,301,4.47,10000
2025,8,29,11,0,42,18.7,959.79,300,4.72,10000
2025,8,29,12,0,42.49,17.9,959.26,293,5.12,10000
2025,8,29,13,0,42.6,17.6,958.77,290,5.57,10000
2025,8,29,14,0,42.23,17,958.57,290,6.11,10000
2025,8,29,15,0,41.64,16.4,958.44,290,6.56,10000
2025,8,29,16,0,40.38,15,958.12,289,5.97,10000
2025,8,29,17,0,38.28,16.3,958.32,291,5.5,10000
2025,8,29,18,0,35.94,17.2,959.24,297,4.91,10000
2025,8,29,19,0,34.22,17.9,959.59,305,4.43,10000
2025,8,29,20,0,33.6,17.5,959.68,308,4.16,10000
2025,8,29,21,0,32.33,17.6,959.64,309,3.93,10000
2025,8,29,22,0,31.43,17.8,959.64,311,3.58,10000
2025,8,29,23,0,30.43,19.5,959.2,312,3.41,10000
2025,8,29,24,0,29.42,20.2,959.47,316,3.37,10000
2025,8,30,1,0,28.77,20.6,959.58,327,3.15,10000
2025,8,30,2,0,28.19,21.1,959.64,337,2.87,10000
2025,8,30,3,0,27.56,22.5,960.2,345,2.53,10000
2025,8,30,4,0,27.53,22.8,959.99,352,2.11,10000
2025,8,30,5,0,29.14,21.5,960.57,352,2.52,10000
2025,8,30,6,0,32.04,21.1,960.77,338,2.59,10000
2025,8,30,7,0,34.61,20.8,960.94,329,3,10000
2025,8,30,8,0,36.85,20.2,961.08,321,3.08,10000
2025,8,30,9,0,39.46,17.9,960.63,310,3.21,10000
2025,8,30,10,0,41.19,16.6,960.27,298,3.61,10000
2025,8,30,11,0,43.11,15.1,959.44,292,4.34,10000
2025,8,30,12,1,43.75,13.8,959.1,291,4.76,10000
2025,8,30,13,2,44.5,12.6,958.5,293,5.17,10000
2025,8,30,14,0,44.39,11.6,958.41,295,5.68,10000
2025,8,30,15,0,43.75,11.1,958.25,296,6.07,10000
2025,8,30,16,0,42.8,9.9,958.3,294,5.44,10000
2025,8,30,17,0,39.67,12.2,958.37,293,5.25,10000
2025,8,30,18,0,37.65,13.3,959.23,299,5.09,10000
2025,8,30,19,0,36.22,14.2,959.78,306,4.85,10000
2025,8,30,20,0,34.45,16.2,959.65,314,4.81,10000
2025,8,30,21,0,33.77,16.8,959.53,316,4.7,10000
2025,8,30,22,0,32.83,17.5,959.5,316,4.44,10000
2025,8,30,23,0,31.01,21.2,959.21,314,4.12,10000
2025,8,30,24,0,30.43,22,959.15,314,4.1,10000
2025,8,31,1,0,29.6,23.1,959.28,315,4.01,10000
2025,8,31,2,0,29.16,24.2,959.37,316,3.85,10000
2025,8,31,3,0,27.92,25.9,959.78,315,3.59,10000
2025,8,31,4,0,27.3,26.8,960.25,315,3.5,10000
2025,8,31,5,0,28.94,26.2,960.55,317,3.72,10000
2025,8,31,6,0,30.98,25.6,960.74,320,4.21,10000
2025,8,31,7,0,33.22,24.4,961.06,316,4.39,10000
2025,8,31,8,0,35.49,22.4,961.18,308,4.84,10000
2025,8,31,9,0,37.45,19.6,960.95,302,5.38,10000
2025,8,31,10,1,39.47,17.2,960.67,296,5.72,10000
2025,8,31,11,0,41.05,12.7,959.57,295,5.85,10000
2025,8,31,12,0,42.2,11.2,958.92,290,5.87,10000
2025,8,31,13,0,42.51,10.6,958.71,287,5.86,10000
2025,8,31,14,0,42.02,10.5,958.39,284,5.89,10000
2025,8,31,15,0,41.14,10.9,958.23,280,5.86,10000
2025,8,31,16,0,39.63,10.9,958.4,274,5.22,10000
2025,8,31,17,0,37.01,14,958.51,274,4.85,10000
2025,8,31,18,0,34.87,16.9,959.14,279,4.47,10000
2025,8,31,19,0,33.66,19,959.39,285,4.04,10000
2025,8,31,20,0,31.37,22.4,959.52,288,3.26,10000
2025,8,31,21,0,29.33,26.6,959.63,290,2.36,10000
2025,8,31,22,0,28.16,28.7,959.43,295,2,10000
2025,8,31,23,0,27.23,33.4,958.96,296,2.09,10000
2025,8,31,24,0,26.31,35.3,958.56,309,2.44,10000
2025,9,1,1,0,25.8,37,958.56,334,2.29,10000
2025,9,1,2,0,25.13,38.3,957.98,0,2.03,10000
2025,9,1,3,0,24.71,38.7,958.08,13,1.79,10000
2025,9,1,4,0,23.99,40.4,958.19,10,1.72,10000
2025,9,1,5,0,26.73,35,958.06,347,1.5,10000
2025,9,1,6,0,29.1,31.9,958.22,306,1.99,10000
2025,9,1,7,0,31.91,27.7,957.89,301,2.79,10000
2025,9,1,8,0,34.03,24.1,957.98,294,3.39,10000
2025,9,1,9,0,36.44,20.1,957.12,288,3.84,10000
2025,9,1,10,0,37.9,18.7,956.72,283,4.22,10000
2025,9,1,11,0,39.31,17.7,955.87,287,4,10000
2025,9,1,12,0,40.26,17,954.97,283,4.12,10000
2025,9,1,13,0,40.46,17,954.62,279,4.28,10000
2025,9,1,14,0,40.24,16.9,954.18,274,4.4,10000
2025,9,1,15,0,39.61,17.2,954.22,271,4.56,10000
2025,9,1,16,0,38.3,17.8,954.41,268,4.1,10000
2025,9,1,17,0,36.02,20.5,954.53,266,3.45,10000
2025,9,1,18,0,34.03,22.6,955.18,270,2.9,10000
2025,9,1,19,0,32.86,23.8,955.56,273,2.28,10000
2025,9,1,20,0,31.1,26.2,955.7,267,2.15,10000
2025,9,1,21,0,29.57,28.4,955.56,272,2.14,10000
2025,9,1,22,0,29.17,28.5,955.28,305,2,10000
2025,9,1,23,0,28.47,30.4,955.29,355,1.89,10000
2025,9,1,24,0,27.79,31.7,954.51,29,1.38,10000
2025,9,2,1,0,26.68,33.4,954.54,47,1.35,10000
2025,9,2,2,0,26.05,34.2,954.09,47,1.43,10000
2025,9,2,3,0,25.18,35.5,954.18,40,1.3,10000
2025,9,2,4,0,24.69,33.8,954.34,34,1.4,10000
2025,9,2,5,0,28.11,30.2,954.5,21,2.06,10000
2025,9,2,6,0,31.88,26.7,954.77,356,1.63,10000
2025,9,2,7,0,34.26,24.2,954.94,333,2.15,10000
2025,9,2,8,0,36.34,21.7,954.5,333,1.92,10000
2025,9,2,9,0,38.45,18,954.28,330,1.1,10000
2025,9,2,10,0,39.74,16.2,953.81,273,0.76,10000
2025,9,2,11,0,42.36,13.4,952.52,262,1.45,10000
2025,9,2,12,0,42.65,13.5,952.09,249,2.08,10000
2025,9,2,13,0,42.71,14.3,951.84,244,2.86,10000
2025,9,2,14,0,41.85,15.6,951.62,242,3.85,10000
2025,9,2,15,0,40.7,17.4,951.79,241,4.84,10000
2025,9,2,16,0,39.41,18,952.13,239,4.77,10000
2025,9,2,17,0,37.22,19.4,952.51,240,3.91,10000
2025,9,2,18,0,35,21.1,953.54,246,2.89,10000
2025,9,2,19,0,32.59,23.4,953.99,251,2.12,10000
2025,9,2,20,0,30.59,26.3,954.12,247,1.96,10000
2025,9,2,21,0,30.23,26.5,954.65,231,1.97,10000
2025,9,2,22,0,30.91,25.1,954.46,217,1.91,10000
2025,9,2,23,1,28.89,30,954.63,164,0.58,10000
2025,9,2,24,0,28.93,30,954.17,125,0.45,10000
2025,9,3,1,0,27.3,34.1,954.04,89,0.88,10000
2025,9,3,2,0,26.41,34.6,954.25,72,1.13,10000
2025,9,3,3,1,25.26,37.9,953.99,71,1.63,10000
2025,9,3,4,0,25.33,38.7,954.46,74,1.7,10000
2025,9,3,5,0,27.41,34.5,954.73,85,1.77,10000
2025,9,3,6,0,31.77,29.2,954.94,150,0.72,10000
2025,9,3,7,0,34.02,27.4,955.26,228,1.95,10000
2025,9,3,8,0,35.7,24.5,955.22,236,2.96,10000
2025,9,3,9,0,37.24,21.6,955.25,230,3.26,10000
2025,9,3,10,0,38.48,19.5,955.04,224,3.67,10000
2025,9,3,11,0,40.38,17.9,954.78,211,3.61,10000
2025,9,3,12,0,40.69,17.4,954.19,209,3.98,10000
2025,9,3,13,0,40.83,16.9,953.79,207,4.37,10000
2025,9,3,14,0,40.55,16.9,953.84,207,4.6,10000
2025,9,3,15,0,39.9,17.5,953.68,207,4.71,10000
2025,9,3,16,0,38.52,18.7,953.89,211,4.22,10000
2025,9,3,17,0,36.31,21.8,954.38,214,3.48,10000
2025,9,3,18,0,34.44,23.4,955.39,214,2.97,10000
2025,9,3,19,0,33.23,24.9,955.96,209,2.27,10000
2025,9,3,20,0,31.27,28.3,955.96,195,1.88,10000
2025,9,3,21,0,29.98,31.7,956.21,178,1.8,10000
2025,9,3,22,0,29.05,33.3,956.28,161,1.66,10000
2025,9,3,23,0,27.4,37.2,956.02,127,1.46,10000
2025,9,3,24,0,27.02,38.3,956.09,116,1.61,10000
2025,9,4,1,0,26.5,39.3,955.99,107,1.66,10000
2025,9,4,2,0,25.71,39.9,956.4,100,1.67,10000
2025,9,4,3,0,25.2,40,956.66,97,1.83,10000
2025,9,4,4,0,24.88,39.6,957.04,95,2.07,10000
2025,9,4,5,0,27.4,36.8,957.55,99,2.39,10000
2025,9,4,6,0,31.25,31.8,957.94,127,1.57,10000
2025,9,4,7,0,34.47,29.1,958.62,193,1.72,10000
2025,9,4,8,0,36.1,27.5,958.82,224,2.09,10000
2025,9,4,9,0,37.32,24.8,958.77,241,2.57,10000
2025,9,4,10,0,38.02,22.4,958.78,248,3.05,10000
2025,9,4,11,0,40.11,18.5,958.39,248,2.51,10000
2025,9,4,12,0,40.2,17.8,957.95,243,2.83,10000
2025,9,4,13,0,40.39,17.1,957.77,242,3.21,10000
2025,9,4,14,0,40.28,17.2,957.8,243,3.53,10000
2025,9,4,15,0,39.08,17.4,957.88,245,3.58,10000
2025,9,4,16,0,38.66,17,958.07,245,2.91,10000
2025,9,4,17,0,37.91,16.8,958.5,244,1.99,10000
2025,9,4,18,0,36.65,18.6,959.32,246,2.03,10000
2025,9,4,19,0,32.43,23.8,959.61,253,2.33,10000
2025,9,4,20,0,31.39,25.5,959.63,268,1.98,10000
2025,9,4,21,0,30.74,25.6,960.15,326,1.21,10000
2025,9,4,22,0,29.97,27.4,959.9,20,1.45,10000
2025,9,4,23,0,27.91,28,960.16,75,1.32,10000
2025,9,4,24,0,27.31,28,959.81,70,1.52,10000
2025,9,5,1,0,26.54,29,959.6,71,1.87,10000
2025,9,5,2,0,26.57,28.7,959.86,73,2.19,10000
2025,9,5,3,0,25.68,29.6,959.97,79,2.41,10000
2025,9,5,4,0,25.11,30.9,960.76,87,2.53,10000
2025,9,5,5,0,27.47,28.3,961.06,95,2.92,10000
2025,9,5,6,0,31.21,24,961.72,117,2.21,10000
2025,9,5,7,0,34.58,22.3,962.09,162,2.34,10000
2025,9,5,8,0,37.01,21.2,962.26,204,2.76,10000
2025,9,5,9,0,38.53,18.8,962,226,3.25,10000
2025,9,5,10,0,39.44,16.4,961.66,237,3.65,10000
2025,9,5,11,0,40.38,13.6,961.58,251,4.21,10000
2025,9,5,12,0,40.64,13,961.27,254,4.37,10000
2025,9,5,13,0,40.82,12.2,961.05,256,4.37,10000
2025,9,5,14,0,40.74,12.2,960.9,256,4.3,10000
2025,9,5,15,0,39.81,13.2,960.68,257,4.02,10000
2025,9,5,16,0,38.86,13.5,960.91,262,2.96,10000
2025,9,5,17,0,36.35,16.2,961.28,268,2.09,10000
2025,9,5,18,0,33.63,19.4,961.82,276,2.12,10000
2025,9,5,19,0,31.98,21.5,962.19,286,2.05,10000
2025,9,5,20,0,31.05,22.4,962.28,300,2.21,10000
2025,9,5,21,0,29.45,24.6,962.5,313,2.34,10000
2025,9,5,22,0,28.52,26.7,962.47,328,2.32,10000
2025,9,5,23,0,28.04,29.2,962.72,356,1.96,10000
2025,9,5,24,0,27.09,31.4,962.52,21,1.69,10000
2025,9,6,1,0,26.81,32,962.49,40,1.4,10000
2025,9,6,2,0,26.67,32.8,962.29,51,1.66,10000
2025,9,6,3,0,25.59,32.5,962.33,58,1.96,10000
2025,9,6,4,0,24.62,32.3,962.5,63,2.01,10000
2025,9,6,5,0,26.53,29.3,963.28,68,2,10000
2025,9,6,6,0,30.56,26.1,963.28,79,0.92,10000
2025,9,6,7,0,33.52,24.5,963.71,220,0.74,10000
2025,9,6,8,0,35.81,22.7,963.4,244,2.05,10000
2025,9,6,9,0,37.62,19.1,963.35,252,2.9,10000
2025,9,6,10,0,38.53,16.4,962.9,257,3.62,10000
2025,9,6,11,0,39.54,15.2,962.7,266,4.02,10000
2025,9,6,12,0,39.7,14.6,962.16,266,4.25,10000
2025,9,6,13,0,39.95,13.7,961.62,266,4.43,10000
2025,9,6,14,0,39.59,13.1,961.45,266,4.56,10000
2025,9,6,15,0,38.7,13.8,961.35,266,4.48,10000
2025,9,6,16,0,37.78,14.3,961.35,267,3.6,10000
2025,9,6,17,0,35.78,16.6,961.88,266,2.65,10000
2025,9,6,18,0,33.85,19.2,962.22,267,2.23,10000
2025,9,6,19,0,31.47,21.4,962.61,269,2.21,10000
2025,9,6,20,0,29.29,25,962.56,275,2.2,10000
2025,9,6,21,0,28.75,26,962.75,286,2.42,10000
2025,9,6,22,0,29.05,25.1,962.29,307,2.59,10000
2025,9,6,23,0,26.1,28.7,962.42,336,2.45,10000
2025,9,6,24,0,25.65,29.9,962.05,11,2.06,10000
2025,9,7,1,0,25.69,28.1,962.07,34,1.77,10000
2025,9,7,2,0,25.07,27.7,961.75,49,1.89,10000
2025,9,7,3,0,24.05,28,961.63,59,1.92,10000
2025,9,7,4,0,23.55,26.6,961.68,63,2.02,10000
2025,9,7,5,0,26.29,21.9,961.85,63,2.6,10000
2025,9,7,6,0,31.3,19.8,962.21,61,1.82,10000
2025,9,7,7,0,33.23,19.5,962.18,48,1.43,10000
2025,9,7,8,0,35.52,19.1,962.06,351,1.39,10000
2025,9,7,9,0,37.31,15.7,961.97,319,2.26,10000
2025,9,7,10,0,38.52,13.5,961.46,309,3.11,10000
2025,9,7,11,0,40.05,12.5,960.86,306,3.57,10000
2025,9,7,12,0,40.47,12.5,959.96,306,4.05,10000
2025,9,7,13,0,40.69,13.2,959.73,305,4.27,10000
2025,9,7,14,0,40.61,13.4,959.47,303,4.2,10000
2025,9,7,15,0,39.82,14.4,959.31,301,3.86,10000
2025,9,7,16,0,38.92,14.4,959.02,293,2.56,10000
2025,9,7,17,0,35.9,17.3,959.46,293,2.31,10000
2025,9,7,18,0,32.97,20.5,959.78,301,2.32,10000
2025,9,7,19,0,31.05,22.5,960.1,317,2.2,10000
2025,9,7,20,0,30.7,23.4,959.89,331,2.11,10000
2025,9,7,21,0,29.86,25.3,960.03,347,2.09,10000
2025,9,7,22,0,28.98,26.5,959.9,360,2.02,10000
2025,9,7,23,0,27.57,28.4,959.28,22,1.86,10000
2025,9,7,24,0,27.58,27.6,959.09,35,2.08,10000
2025,9,8,1,0,26.95,28.2,958.73,44,2.33,10000
2025,9,8,2,0,26.54,28.3,958.54,49,2.52,10000
2025,9,8,3,0,25.58,28.4,958.64,52,2.71,10000
2025,9,8,4,0,25.37,27.2,958.93,55,2.92,10000
2025,9,8,5,0,27.28,25.1,959.11,57,3.3,10000
2025,9,8,6,0,31.43,21.9,959.51,60,2.58,10000
2025,9,8,7,0,34.96,20.5,959.4,64,2.75,10000
2025,9,8,8,0,37.6,18,959.44,59,2.81,10000
2025,9,8,9,0,39.35,14.4,959.15,47,1.9,10000
2025,9,8,10,1,40.35,12.9,958.96,18,0.82,10000
2025,9,8,11,0,40.67,14.3,958.5,314,1.21,10000
2025,9,8,12,0,40.94,13.7,957.98,299,1.96,10000
2025,9,8,13,0,41.27,13.3,957.98,295,2.29,10000
2025,9,8,14,0,41.32,13,957.69,292,2.5,10000
2025,9,8,15,0,40.64,13.3,957.74,289,2.56,10000
2025,9,8,16,0,40.07,14,957.91,289,1.86,10000
2025,9,8,17,0,36.4,17,958.17,298,1.87,10000
2025,9,8,18,0,34.49,19.2,958.67,318,2.38,10000
2025,9,8,19,0,33.35,21.9,959.35,346,2.27,10000
2025,9,8,20,0,33.01,21.4,959.04,8,1.82,10000
2025,9,8,21,0,32.99,20.9,959.14,10,0.99,10000
2025,9,8,22,0,31.79,22.1,958.84,318,0.58,10000
2025,9,8,23,0,29.49,24.3,959.11,328,1.21,10000
2025,9,8,24,0,29.4,24.9,959.39,311,2.04,10000
2025,9,9,1,0,27.65,28.1,959.27,322,2.49,10000
2025,9,9,2,0,27.16,28.5,959.4,331,2.56,10000
2025,9,9,3,0,26.1,29.5,959.66,333,2.38,10000
2025,9,9,4,0,25.48,30.7,960.06,336,2.45,10000
2025,9,9,5,0,26.83,29.3,960.93,339,3.2,10000
2025,9,9,6,0,29.64,26.5,961.04,344,3.28,10000
2025,9,9,7,0,32.24,24.3,961.49,348,3.31,10000
2025,9,9,8,0,35.05,21.4,961.27,338,2.83,10000
2025,9,9,9,0,37.08,17,961.19,304,2.52,10000
2025,9,9,10,0,38.36,14.6,960.91,285,3.63,10000
2025,9,9,11,0,39.49,15.8,960.52,289,4.6,10000
2025,9,9,12,0,39.4,15,960.54,283,5.15,10000
2025,9,9,13,0,39.23,15.1,960.43,282,5.39,10000
2025,9,9,14,0,38.71,15.9,960.43,281,5.26,10000
2025,9,9,15,0,37.82,16.2,960.72,282,4.91,10000
2025,9,9,16,0,36.66,16.6,960.68,283,3.67,10000
2025,9,9,17,0,34.75,18,961.12,283,2.68,10000
2025,9,9,18,0,32.3,20.4,961.5,287,2.17,10000
2025,9,9,19,0,30.5,22.5,962,293,2.23,10000
2025,9,9,20,0,29.32,23.7,962.03,302,2.36,10000
2025,9,9,21,0,28.37,25.7,962.13,311,2.41,10000
2025,9,9,22,0,27.48,27.1,962.2,319,2.46,10000
2025,9,9,23,0,26.16,29.9,962.09,328,2.48,10000
2025,9,9,24,0,25.4,31.1,962.12,344,2.42,10000
2025,9,10,1,0,25.24,31.6,962.21,5,2.17,10000
2025,9,10,2,0,24.75,33.3,962.19,26,2.16,10000
2025,9,10,3,0,24.05,33.2,962.28,41,1.96,10000
2025,9,10,4,0,23.4,34.2,962.45,51,1.77,10000
2025,9,10,5,0,25.06,31.9,962.91,58,2.24,10000
2025,9,10,6,0,28.26,27.9,963.23,60,1.3,10000
2025,9,10,7,0,31.54,24.6,963.28,32,0.97,10000
2025,9,10,8,0,33.88,21.8,963.31,327,1.52,10000
2025,9,10,9,0,35.68,18.1,963.22,306,2.57,10000
2025,9,10,10,0,36.63,16.4,962.81,300,3.35,10000
2025,9,10,11,0,37.7,15.1,961.98,301,3.99,10000
2025,9,10,12,0,38.18,15,961.64,297,4.42,10000
2025,9,10,13,0,38.38,15.1,961.11,294,4.76,10000
2025,9,10,14,0,38.25,15.4,960.94,288,4.8,10000
2025,9,10,15,0,37.34,16.1,960.84,284,4.62,10000
2025,9,10,16,0,36.42,16.6,960.63,278,3.59,10000
2025,9,10,17,0,34.36,18.6,961.06,274,2.81,10000
2025,9,10,18,0,31.64,21.9,961.39,275,2.54,10000
2025,9,10,19,0,30.18,24.1,961.86,279,2.7,10000
2025,9,10,20,0,29.45,24.7,961.64,287,2.94,10000
2025,9,10,21,0,28.08,27,961.7,295,2.95,10000
2025,9,10,22,0,27.24,27.6,961.53,305,2.69,10000
2025,9,10,23,0,25.95,29.1,961.74,317,2.4,10000
2025,9,10,24,0,24.4,29.8,961.47,330,2.45,10000
2025,9,11,1,0,24.88,29.9,961.16,350,2.18,10000
2025,9,11,2,0,25.25,29.5,961.11,12,1.6,10000
2025,9,11,3,0,24.96,30.1,961.32,32,1.25,10000
2025,9,11,4,0,23.78,32,961.23,48,1.12,10000
2025,9,11,5,0,25.55,29.8,961.58,65,1.54,10000
2025,9,11,6,0,27.97,27.4,961.55,93,1.26,10000
2025,9,11,7,0,30.41,25.4,961.45,149,0.69,10000
2025,9,11,8,0,33.1,22.6,961.56,231,1.47,10000
2025,9,11,9,0,34.89,19,961.25,240,2.68,10000
2025,9,11,10,0,35.94,16.5,960.96,247,3.71,10000
2025,9,11,11,0,36.57,13.6,960.73,258,4.47,10000
2025,9,11,12,0,36.61,13.1,960.27,258,4.72,10000
2025,9,11,13,0,36.78,13.3,959.98,256,4.87,10000
2025,9,11,14,0,36.9,12.7,959.59,254,5.01,10000
2025,9,11,15,0,36.29,12.6,959.52,257,4.88,10000
2025,9,11,16,0,35.11,12.9,959.65,257,3.71,10000
2025,9,11,17,0,33.5,14,959.9,255,2.74,10000
2025,9,11,18,0,31.24,17.2,960.51,250,2.46,10000
2025,9,11,19,0,29.76,18.6,961.02,248,2.51,10000
2025,9,11,20,0,28.52,20.1,960.86,247,2.5,10000
2025,9,11,21,0,26.47,23.9,961.06,246,2.35,10000
2025,9,11,22,0,25.32,25.6,960.95,243,2.31,10000
2025,9,11,23,0,24.93,25.3,961.08,247,2.14,10000
2025,9,11,24,0,26.19,22.3,960.85,201,0.77,10000
2025,9,12,1,0,24.81,22.7,960.85,135,0.84,10000
2025,9,12,2,0,22.67,25,961.02,118,1.03,10000
2025,9,12,3,0,22.23,24.5,961.21,109,1.02,10000
2025,9,12,4,0,21.8,24,961.8,106,1.33,10000
2025,9,12,5,0,23.59,23,962.12,109,1.86,10000
2025,9,12,6,0,27.31,18.2,962.52,140,1.53,10000
2025,9,12,7,0,30.48,16.5,962.93,180,1.61,10000
2025,9,12,8,0,32.29,15.7,963.04,209,2.13,10000
2025,9,12,9,0,33.9,15,963.08,235,2.73,10000
2025,9,12,10,0,34.93,14.1,962.59,255,3.36,10000
2025,9,12,11,0,35.87,12.8,962.69,266,3.83,10000
2025,9,12,12,0,36.36,11.9,962.38,266,3.82,10000
2025,9,12,13,0,36.85,11.3,961.96,267,3.8,10000
2025,9,12,14,0,36.72,11.1,961.89,268,3.75,10000
2025,9,12,15,0,36.19,11.2,961.83,270,3.63,10000
2025,9,12,16,0,35,11.5,962.3,268,2.29,10000
2025,9,12,17,0,31.3,15.6,962.47,262,2.05,10000
2025,9,12,18,0,28.42,18.5,963.36,261,2.5,10000
2025,9,12,19,0,26.8,20.2,963.51,261,2.63,10000
2025,9,12,20,0,27.29,19.3,963.48,265,2.32,10000
2025,9,12,21,0,28.52,17.9,963.68,273,1.79,10000
2025,9,12,22,0,27.32,18,963.3,329,1.23,10000
2025,9,12,23,0,24.82,21.5,963.36,25,0.98,10000
2025,9,12,24,0,23.49,23.4,962.85,51,1.23,10000
2025,9,13,1,0,22.44,24,962.9,61,1.57,10000
2025,9,13,2,0,20.65,26.8,962.8,65,1.87,10000
2025,9,13,3,0,20.22,26.4,963.14,66,2.03,10000
2025,9,13,4,0,21.61,22.5,963.09,66,2.2,10000
2025,9,13,5,0,23.05,20.7,963.57,64,2.72,10000
2025,9,13,6,0,27.32,18,963.81,62,2.07,10000
2025,9,13,7,0,31.69,16.7,964.06,49,1.3,10000
2025,9,13,8,0,33.82,16.8,964.12,339,0.95,10000
2025,9,13,9,0,35.3,14.5,963.85,306,1.5,10000
2025,9,13,10,0,36.24,13.4,963.34,297,1.89,10000
2025,9,13,11,0,37.23,12.1,962.73,295,2.54,10000
2025,9,13,12,0,37.84,11.7,962.29,292,2.88,10000
2025,9,13,13,0,36.69,12.2,961.86,292,3.19,10000
2025,9,13,14,0,36.77,12.2,961.61,292,3.48,10000
2025,9,13,15,0,36.37,12.6,961.66,292,3.66,10000
2025,9,13,16,0,36.03,12.4,961.54,285,2.71,10000
2025,9,13,17,0,33.89,14.4,961.54,283,2.5,10000
2025,9,13,18,0,29.69,18.1,962.15,289,2.4,10000
2025,9,13,19,0,28.77,18.1,962.09,304,2.33,10000
2025,9,13,20,0,27.86,19.1,962.24,328,2.5,10000
2025,9,13,21,0,26.82,18.8,962.2,356,2.26,10000
2025,9,13,22,0,26.16,18.9,962.06,19,1.84,10000
2025,9,13,23,0,24.35,21.9,961.9,38,1.47,10000
2025,9,13,24,0,23.97,20.7,961.7,47,1.38,10000
2025,9,14,1,0,23.07,21.2,961.74,49,1.36,10000
2025,9,14,2,0,22.52,21,961.59,53,1.38,10000
2025,9,14,3,0,21.44,21.6,961.95,57,1.42,10000
2025,9,14,4,0,21.5,21.2,962.01,60,1.49,10000
2025,9,14,5,0,23.71,19.3,962.52,60,2.07,10000
2025,9,14,6,0,29.97,13.6,962.96,57,1.61,10000
2025,9,14,7,0,31.92,13.1,963.3,31,1.03,10000
2025,9,14,8,0,32.99,13.4,963.51,348,1.15,10000
2025,9,14,9,0,37.17,10.3,963.15,315,1.62,10000
2025,9,14,10,0,37.46,10.7,963.01,298,2.27,10000
2025,9,14,11,0,38.89,9.8,962.39,291,3.02,10000
2025,9,14,12,0,38.93,9.7,962.13,284,3.4,10000
2025,9,14,13,0,39.01,9.4,961.59,280,3.64,10000
2025,9,14,14,0,39.02,9.6,961.57,276,3.86,10000
2025,9,14,15,0,37.38,10.8,962.16,274,3.87,10000
2025,9,14,16,0,36.77,10.2,962.04,270,2.74,10000
2025,9,14,17,0,34.89,11.9,962.55,269,2.31,10000
2025,9,14,18,0,30.5,16.6,962.91,275,2.3,10000
2025,9,14,19,0,29.72,17.5,963.21,285,2.28,10000
2025,9,14,20,0,29.65,17.8,963.35,302,2.52,10000
2025,9,14,21,0,28.58,18.6,963.44,327,2.09,10000
2025,9,14,22,0,26.89,20.2,963.38,4,1.69,10000
2025,9,14,23,0,24.84,23.1,963.36,26,1.63,10000
2025,9,14,24,0,25.02,20.9,963.1,36,1.38,10000
2025,9,15,1,0,23.85,20.8,962.85,41,1.46,10000
2025,9,15,2,0,23.31,19.8,963.1,46,1.64,10000
2025,9,15,3,0,22.59,19.1,963.17,53,1.93,10000
2025,9,15,4,0,23.54,17.6,963.21,57,2.49,10000
2025,9,15,5,0,25.55,18,963.63,59,3.32,10000
2025,9,15,6,0,31.6,17.3,963.83,58,3.09,10000
2025,9,15,7,0,32.78,20.6,964.12,65,3.31,10000
2025,9,15,8,0,33.43,20.8,964.25,78,3.07,10000
2025,9,15,9,0,37.36,16.6,963.93,71,1.27,10000
2025,9,15,10,0,37.68,14.9,963.63,319,0.78,10000
2025,9,15,11,0,38.86,12.3,963.03,297,2.14,10000
2025,9,15,12,0,39.1,11.8,962.57,298,2.56,10000
2025,9,15,13,0,39.23,11.6,962.12,296,2.73,10000
2025,9,15,14,0,39.34,11.1,961.89,296,2.89,10000
2025,9,15,15,0,37.51,11.8,961.92,293,2.88,10000
2025,9,15,16,0,36.89,11.4,961.78,284,2.22,10000
2025,9,15,17,0,35.11,12.3,962.12,281,2.38,10000
2025,9,15,18,0,30.82,17.7,962.54,282,2.4,10000
2025,9,15,19,0,30.1,18.4,963.13,286,2.32,10000
2025,9,15,20,0,29.4,18.7,963.08,297,2.37,10000
2025,9,15,21,0,28.11,19.8,963.26,317,2.51,10000
2025,9,15,22,0,27.41,19.7,962.78,348,2.25,10000
2025,9,15,23,0,25.7,23.1,962.92,11,2.14,10000
2025,9,15,24,0,25.25,22.4,962.74,30,1.83,10000
2025,9,16,1,0,24.93,21.6,962.86,44,1.7,10000
2025,9,16,2,0,24.34,21.8,962.55,54,1.8,10000
2025,9,16,3,0,22.36,23.7,962.59,60,1.85,10000
2025,9,16,4,0,22.44,20.8,962.63,62,1.87,10000
2025,9,16,5,0,24.13,19.8,963.27,63,2.39,10000
2025,9,16,6,0,31.26,14.8,963.38,66,1.79,10000
2025,9,16,7,0,33.23,15,963.57,58,0.7,10000
2025,9,16,8,0,34.31,15.9,963.47,281,1.25,10000
2025,9,16,9,0,37.98,12.2,963.3,288,2.47,10000
2025,9,16,10,0,38.52,12.5,962.72,289,3.51,10000
2025,9,16,11,0,39.23,12.5,962.07,284,4,10000
2025,9,16,12,0,39.27,12.7,961.68,281,4.56,10000
2025,9,16,13,0,39.13,13.1,961.28,280,4.6,10000
2025,9,16,14,0,39.06,13.3,960.89,280,4.42,10000
2025,9,16,15,0,37.16,14.8,960.72,278,3.96,10000
2025,9,16,16,0,36.94,14.5,960.61,276,2.41,10000
2025,9,16,17,0,35.33,16.2,960.76,279,2.11,10000
2025,9,16,18,0,30.73,20.8,961.19,291,2.1,10000
2025,9,16,19,0,30.03,21.5,961.67,315,2.31,10000
2025,9,16,20,0,30.14,21,961.5,348,2.02,10000
2025,9,16,21,0,29.06,22.4,961.71,28,1.66,10000
2025,9,16,22,0,27.66,24.8,961.3,53,1.35,10000
2025,9,16,23,0,25.74,26.9,961.16,66,1.41,10000
2025,9,16,24,0,24.56,27.3,961.26,68,1.54,10000
2025,9,17,1,0,24.08,28,961.07,66,1.62,10000
2025,9,17,2,0,23.84,27.7,961.44,66,1.82,10000
2025,9,17,3,0,23.35,28.5,961.78,68,1.98,10000
2025,9,17,4,0,24.22,26.4,961.97,68,2.18,10000
2025,9,17,5,0,25.59,24.8,962.46,69,2.58,10000
2025,9,17,6,0,30.93,21.2,962.96,76,1.85,10000
2025,9,17,7,0,32.99,19,962.96,123,0.96,10000
2025,9,17,8,0,33.76,19.3,963.11,208,1.45,10000
2025,9,17,9,0,38.21,13.7,962.8,219,2.51,10000
2025,9,17,10,0,38.37,13.4,962.5,224,3.19,10000
2025,9,17,11,0,39.56,10.9,961.55,236,3.34,10000
2025,9,17,12,0,39.52,10.9,961.01,249,3.59,10000
2025,9,17,13,0,39.42,10.8,960.84,257,3.73,10000
2025,9,17,14,0,39.25,11,960.46,262,3.73,10000
2025,9,17,15,0,37.45,12.5,960.48,265,3.46,10000
2025,9,17,16,0,36.81,12.2,960.35,264,2.09,10000
2025,9,17,17,0,34.48,14,960.58,267,2.24,10000
2025,9,17,18,0,29.89,19.4,961.45,277,2.12,10000
2025,9,17,19,0,29.87,18.9,961.84,295,2.46,10000
2025,9,17,20,0,29.58,18.8,961.89,326,2.44,10000
2025,9,17,21,0,28.32,19,962,6,2.08,10000
2025,9,17,22,0,27.05,20.5,961.74,39,1.46,10000
2025,9,17,23,0,25.18,23.8,961.44,63,1.99,10000
2025,9,17,24,0,24.27,23.8,961.34,67,2.28,10000
2025,9,18,1,0,23.9,23.5,961.56,69,2.32,10000
2025,9,18,2,0,23.88,23.6,961.62,69,2.46,10000
2025,9,18,3,0,23.55,22.9,961.8,68,2.77,10000
2025,9,18,4,0,24.13,20.1,961.85,68,3.18,10000
2025,9,18,5,0,25.85,18.6,962.09,68,3.68,10000
2025,9,18,6,0,31.53,14.9,962.23,70,3.34,10000
2025,9,18,7,0,34.19,14,962.06,77,2.76,10000
2025,9,18,8,1,35.38,14.6,961.7,94,2.34,10000
2025,9,18,9,1,39.38,11.1,961.1,90,1.58,10000
2025,9,18,10,2,39.87,11.3,960.37,110,0.83,10000
2025,9,18,11,3,41.02,10.7,958.95,189,0.82,10000
2025,9,18,12,1,41.16,10.6,958.12,203,2.18,10000
2025,9,18,13,0,41.23,10.4,957.44,205,3.16,10000
2025,9,18,14,0,41.33,10.5,956.75,199,3.8,10000
2025,9,18,15,0,39.35,11.8,956.4,188,3.77,10000
2025,9,18,16,0,38.15,12.2,955.73,173,1.9,10000
2025,9,18,17,0,36.91,13.1,955.63,158,2.1,10000
2025,9,18,18,0,33.29,16.4,956.11,189,2.93,10000
2025,9,18,19,0,33.52,16.3,956.45,209,3.9,10000
2025,9,18,20,0,33.35,16.9,956.44,206,3.29,10000
2025,9,18,21,0,31.1,20.7,956.35,177,2.64,10000
2025,9,18,22,0,29.58,22.2,956.34,154,3.18,10000
2025,9,18,23,0,28.25,26.8,956.15,153,3.47,10000
2025,9,18,24,0,27.54,27.5,956.42,161,3.45,10000
2025,9,19,1,0,26.93,28.2,956.47,171,2.61,10000
2025,9,19,2,0,26.92,28.6,956.84,180,1.89,10000
2025,9,19,3,0,25.28,33.6,957.66,190,1.48,10000
2025,9,19,4,0,25.56,33.4,958.4,183,1.47,10000
2025,9,19,5,0,26.19,33.4,958.83,170,1.9,10000
2025,9,19,6,0,29.37,32.1,959.58,190,2.07,10000
2025,9,19,7,0,30.02,33,959.92,206,2.64,10000
2025,9,19,8,0,30.62,33.7,960.03,215,3.58,10000
2025,9,19,9,0,34.08,27.8,960.12,225,4.73,10000
2025,9,19,10,0,34.6,26.8,959.73,233,5.95,10000
2025,9,19,11,0,35.13,21.8,959.35,254,6.76,10000
2025,9,19,12,0,35.28,18.4,959.16,257,6.64,10000
2025,9,19,13,0,35.28,15.9,958.86,257,6.35,10000
2025,9,19,14,0,35.19,14.8,959.15,255,6.44,10000
2025,9,19,15,0,33.02,16.2,959.27,252,6.59,10000
2025,9,19,16,0,32.39,17.2,959.49,257,6.19,10000
2025,9,19,17,0,32.08,16.6,960.56,267,6.34,10000
2025,9,19,18,0,28.89,13.2,961.37,273,5.73,10000
2025,9,19,19,0,28.2,9.8,961.97,268,4.48,10000
2025,9,19,20,0,27.66,9.1,962.13,259,3.51,10000
2025,9,19,21,0,25.76,9.1,961.94,255,2.96,10000
2025,9,19,22,0,24.77,9.4,961.82,251,2.44,10000
2025,9,19,23,0,21.62,13.1,961.83,254,2.2,10000
2025,9,19,24,0,21.99,13,961.74,246,1.47,10000
2025,9,20,1,0,21.73,12.9,961.37,271,0.27,10000
2025,9,20,2,0,20.57,14,961.62,93,0.63,10000
2025,9,20,3,0,19.31,15.9,961.59,99,0.94,10000
2025,9,20,4,0,19.67,15.4,962.11,87,1.12,10000
2025,9,20,5,0,20.59,14.7,962.46,76,1.47,10000
2025,9,20,6,0,24.65,13.7,963.38,85,0.85,10000
2025,9,20,7,0,25.79,16.4,963.46,162,0.3,10000
2025,9,20,8,0,26.63,18.2,963.67,237,0.87,10000
2025,9,20,9,0,31.06,14.4,963.71,254,1.72,10000
2025,9,20,10,0,31.2,14.5,963.27,257,2.47,10000
2025,9,20,11,0,32.58,13.9,963.04,278,2.04,10000
2025,9,20,12,0,32.65,13.7,962.41,273,2.51,10000
2025,9,20,13,0,32.86,13.5,962.02,270,3.05,10000
2025,9,20,14,0,32.86,13.1,961.85,270,3.4,10000
2025,9,20,15,0,31.2,14.1,961.89,269,3.51,10000
2025,9,20,16,0,30.45,14.2,961.84,268,2.58,10000
2025,9,20,17,0,29.29,14.6,962.13,265,2.11,10000
2025,9,20,18,0,25.04,19.9,962.4,263,2.1,10000
2025,9,20,19,0,23.71,21.6,962.91,264,2.28,10000
2025,9,20,20,0,24.91,20.2,962.89,271,2.51,10000
2025,9,20,21,0,25.18,20.4,963.06,296,1.15,10000
2025,9,20,22,0,24.1,21.5,962.56,83,0.26,10000
2025,9,20,23,0,20.68,24.3,963.01,79,1.11,10000
2025,9,20,24,0,20.67,23,962.48,84,1.36,10000
2025,9,21,1,0,19.63,23.9,962.49,83,1.74,10000
2025,9,21,2,0,19.14,23.9,962.29,81,1.86,10000
2025,9,21,3,0,18.13,25.3,962.77,82,2.14,10000
2025,9,21,4,0,18.73,24.6,962.78,83,2.41,10000
2025,9,21,5,0,20.22,23.5,962.8,86,3.02,10000
2025,9,21,6,0,26.1,18.7,963.34,101,2.47,10000
2025,9,21,7,0,27.83,18.1,963.23,136,2.25,10000
2025,9,21,8,0,28.57,18.1,963.48,178,2.48,10000
2025,9,21,9,0,32.52,14.3,963.19,205,3.27,10000
2025,9,21,10,0,32.71,14.4,962.79,221,3.68,10000
2025,9,21,11,0,33.61,13.6,962.19,232,3.67,10000
2025,9,21,12,0,33.68,13.7,961.81,235,4.01,10000
2025,9,21,13,0,33.78,12.8,961.34,237,4.26,10000
2025,9,21,14,0,33.62,11.9,961.19,241,4.26,10000
2025,9,21,15,0,31.77,13.4,961.32,247,4,10000
2025,9,21,16,0,30.89,13.4,961.09,251,2.49,10000
2025,9,21,17,0,28.84,15,961.82,246,2.08,10000
2025,9,21,18,0,24.78,19.2,962.05,238,2.29,10000
2025,9,21,19,0,24.94,18.3,962.52,217,2.33,10000
2025,9,21,20,0,24.18,18.9,962.59,189,2.12,10000
2025,9,21,21,0,22.74,19.5,962.73,170,1.79,10000
2025,9,21,22,0,22.71,18.4,962.81,156,1.45,10000
2025,9,21,23,0,21.77,18,962.91,120,1.17,10000
2025,9,21,24,0,21.05,18.3,963.07,76,2.43,10000
2025,9,22,1,0,20.08,23,963.11,67,3.91,10000
2025,9,22,2,0,20.01,27.4,963.49,66,5.43,10000
2025,9,22,3,0,20.15,31.8,963.56,68,5.94,10000
2025,9,22,4,0,20.96,33.8,964.11,69,6.11,10000
2025,9,22,5,0,21.41,35,964.69,71,6.49,10000
2025,9,22,6,0,25.17,30.8,965.2,73,6.87,10000
2025,9,22,7,0,26.32,27.8,965.92,75,6.7,10000
2025,9,22,8,0,27.38,24.8,966.22,81,6.28,10000
2025,9,22,9,0,31.14,18.2,966.22,91,5.15,10000
2025,9,22,10,0,31.5,16,966.09,95,3.54,10000
2025,9,22,11,0,32.83,14,965.57,82,3.46,10000
2025,9,22,12,0,32.99,14.5,965.25,73,3.2,10000
2025,9,22,13,0,33.11,14.7,964.98,61,3.27,10000
2025,9,22,14,0,33.05,14.9,964.94,47,3.63,10000
2025,9,22,15,0,31.18,16.7,965.05,34,4.28,10000
2025,9,22,16,0,30.45,17,964.99,25,4.6,10000
2025,9,22,17,0,29.21,18.9,965.87,32,5.5,10000
2025,9,22,18,0,25.91,23.5,966.47,43,5.6,10000
2025,9,22,19,0,25.44,24.8,967.1,52,5.48,10000
2025,9,22,20,0,24.88,25.3,967.52,54,5.37,10000
2025,9,22,21,0,23.75,27.1,967.59,54,5.25,10000
2025,9,22,22,0,23.14,27.1,967.51,55,5.34,10000
2025,9,22,23,0,21.41,30.8,967.11,53,5.28,10000
2025,9,22,24,0,21.54,29.4,967.14,52,5.23,10000
2025,9,23,1,0,21.19,30.3,967.07,51,5.16,10000
2025,9,23,2,0,21.05,30.8,967.05,50,4.91,10000
2025,9,23,3,0,20.3,32,967.45,49,4.81,10000
2025,9,23,4,0,21.17,29.8,967.58,50,4.85,10000
2025,9,23,5,0,21.97,29.5,968.32,50,5.1,10000
2025,9,23,6,0,25.58,25.5,968.47,53,5.47,10000
2025,9,23,7,0,26.2,25,969.08,55,5.55,10000
2025,9,23,8,0,26.88,24.9,969.02,54,5.03,10000
2025,9,23,9,0,30.6,20.2,968.84,49,4.09,10000
2025,9,23,10,0,31.26,18.5,968.48,29,3.02,10000
2025,9,23,11,0,32.4,15.9,967.88,352,3.21,10000
2025,9,23,12,0,32.54,15.7,967.21,343,3.44,10000
2025,9,23,13,0,32.64,15.1,966.82,338,3.44,10000
2025,9,23,14,0,32.72,14.9,966.3,333,3.43,10000
2025,9,23,15,0,31.12,15.4,966.36,329,3.35,10000
2025,9,23,16,0,30.63,14.2,966.1,318,2.28,10000
2025,9,23,17,0,29.43,15.1,966.4,319,2.26,10000
2025,9,23,18,0,25.99,17.7,966.79,328,2.34,10000
2025,9,23,19,0,25.64,17.4,967.15,345,2.23,10000
2025,9,23,20,0,25.1,17.6,967.23,3,2.12,10000
2025,9,23,21,0,23.71,19,967.15,18,2.27,10000
2025,9,23,22,0,22.93,20.4,967.06,31,2.51,10000
2025,9,23,23,0,20.64,26.8,966.53,43,2.67,10000
2025,9,23,24,0,20.42,28.1,966.67,49,2.76,10000
2025,9,24,1,0,20.13,30.2,966.52,53,3.04,10000
2025,9,24,2,0,19.75,30.3,966.45,55,3.25,10000
2025,9,24,3,0,19.42,30.7,966.67,54,3.39,10000
2025,9,24,4,0,19.93,29,966.89,55,3.51,10000
2025,9,24,5,0,21.45,27.1,966.96,53,3.88,10000
2025,9,24,6,0,25.21,24.8,967.46,52,3.42,10000
2025,9,24,7,0,26.62,22.9,967.51,51,3.34,10000
2025,9,24,8,0,27.39,21.7,967.49,45,2.76,10000
2025,9,24,9,0,31.77,16.2,967.1,11,2.23,10000
2025,9,24,10,0,32.04,15.7,966.28,335,2.81,10000
2025,9,24,11,0,33.66,12.8,965.01,321,2.98,10000
2025,9,24,12,0,33.78,12.5,964.29,315,3.18,10000
2025,9,24,13,0,33.89,12.2,963.84,312,3.08,10000
2025,9,24,14,0,33.95,12,963.37,311,2.95,10000
2025,9,24,15,0,32.21,12.8,963.05,310,2.72,10000
2025,9,24,16,0,30.24,14,962.73,304,2.08,10000
2025,9,24,17,0,28.64,14.9,962.84,309,2.22,10000
2025,9,24,18,0,24.81,18.6,963.18,323,2.37,10000
2025,9,24,19,0,24.32,18.7,963.31,344,2.24,10000
2025,9,24,20,0,24.07,18.1,963.54,9,1.94,10000
2025,9,24,21,0,22.93,18.3,963.4,31,2.12,10000
2025,9,24,22,0,22.68,18.6,962.77,41,2.35,10000
2025,9,24,23,0,21.01,20.9,962.42,46,2.63,10000
2025,9,24,24,0,20.77,20.5,962.16,48,2.91,10000
2025,9,25,1,0,21.06,20.5,961.71,50,3.18,10000
2025,9,25,2,0,20.28,21,961.67,53,3.39,10000
2025,9,25,3,0,19.46,22.1,961.94,55,3.46,10000
2025,9,25,4,0,19.87,19.7,961.84,56,3.59,10000
2025,9,25,5,0,21.82,18.3,962.38,55,3.99,10000
2025,9,25,6,0,26.6,15.5,962.52,53,3.8,10000
2025,9,25,7,0,28.79,14.9,962.59,54,3.76,10000
2025,9,25,8,0,29.74,15.5,962.3,57,3.61,10000
2025,9,25,9,0,33.88,11.3,961.96,47,2.66,10000
2025,9,25,10,0,34.3,11,960.93,34,1.97,10000
2025,9,25,11,0,35.51,9.3,960,36,1.29,10000
2025,9,25,12,1,35.76,8.9,959.27,1,0.79,10000
2025,9,25,13,2,36.01,8.4,958.94,300,1.26,10000
2025,9,25,14,2,36.13,8.5,958.75,299,1.87,10000
2025,9,25,15,1,33.97,9.8,958.94,310,1.88,10000
2025,9,25,16,0,31.87,11.1,958.53,312,1.97,10000
2025,9,25,17,0,30.21,12.3,959.12,313,2.03,10000
2025,9,25,18,0,26.12,14.5,959.48,324,2.26,10000
2025,9,25,19,1,25.62,14.4,959.83,346,2.27,10000
2025,9,25,20,1,25.71,13.6,960.14,6,2.03,10000
2025,9,25,21,1,25.52,12.7,960.1,19,2.15,10000
2025,9,25,22,2,25.42,12.7,959.86,29,2.31,10000
2025,9,25,23,5,23.67,14.6,959.51,37,2.6,10000
2025,9,25,24,3,23.66,13.2,959.39,41,2.91,10000
2025,9,26,1,3,23.62,12.8,959.52,48,3.22,10000
2025,9,26,2,4,23.81,11.4,959.45,51,3.67,10000
2025,9,26,3,3,22.74,11.6,959.66,54,4.08,10000
2025,9,26,4,3,23.21,10.2,959.4,60,3.81,10000
2025,9,26,5,4,23.72,11.3,960.13,65,3.76,10000
2025,9,26,6,3,27.59,11,960.48,68,3.48,10000
2025,9,26,7,3,29.56,11.3,960.61,71,2.99,10000
2025,9,26,8,2,30.84,11,960.76,85,2.72,10000
2025,9,26,9,2,35.27,6.9,960.58,114,2.2,10000
2025,9,26,10,3,35.23,7.8,959.95,134,1.68,10000
2025,9,26,11,5,36.76,6.4,959.67,161,2.25,10000
2025,9,26,12,3,36.96,6.5,959.13,177,2.29,10000
2025,9,26,13,1,36.86,6.7,958.91,186,1.92,10000
2025,9,26,14,0,36.49,7.2,958.96,207,1.58,10000
2025,9,26,15,0,34.76,7.6,959.05,230,1.32,10000
2025,9,26,16,0,32.2,9.1,959.38,232,2.24,10000
2025,9,26,17,0,32.01,8.8,959.67,220,2.38,10000
2025,9,26,18,1,30.1,11.5,960.32,194,2.01,10000
2025,9,26,19,1,28.85,11.9,960.67,167,1.7,10000
2025,9,26,20,1,26.17,13.1,961.1,147,1.63,10000
2025,9,26,21,0,24.78,12.8,961.46,138,2.47,10000
2025,9,26,22,0,24.97,13.9,961.44,134,2.88,10000
2025,9,26,23,0,22.75,24.1,961.64,126,2.8,10000
2025,9,26,24,0,22.61,25.6,961.76,117,2.59,10000
2025,9,27,1,0,22.73,25.1,961.74,106,2.53,10000
2025,9,27,2,0,22.68,24.6,962.02,98,2.56,10000
2025,9,27,3,0,22.04,25.6,962.62,94,2.56,10000
2025,9,27,4,0,22.72,24.1,962.83,95,2.76,10000
2025,9,27,5,0,23.5,22.4,963.67,101,3.18,10000
2025,9,27,6,0,27.94,17.7,964.15,118,2.9,10000
2025,9,27,7,0,29.55,16.4,964.76,151,3.04,10000
2025,9,27,8,0,29.97,17.1,964.97,178,3.31,10000
2025,9,27,9,0,34.27,13,965.21,197,3.38,10000
2025,9,27,10,0,34.48,12.8,965.04,220,3.61,10000
2025,9,27,11,0,35.88,9.7,964.68,243,4.21,10000
2025,9,27,12,0,35.97,9.8,964.43,256,4.61,10000
2025,9,27,13,0,35.78,10,964.67,257,4.57,10000
2025,9,27,14,0,35.53,10.6,964.67,255,4.25,10000
2025,9,27,15,0,33.29,12.5,964.92,253,3.7,10000
2025,9,27,16,0,32.58,13.2,965.09,252,2.23,10000
2025,9,27,17,0,31.17,14.4,965.72,253,2.16,10000
2025,9,27,18,0,27.09,19.1,966.33,255,2.22,10000
2025,9,27,19,0,25.94,20.9,966.54,254,2.31,10000
2025,9,27,20,0,26.43,20.5,967.05,251,2.68,10000
2025,9,27,21,0,26.07,21.2,967.16,247,2.06,10000
2025,9,27,22,0,26.01,21.6,967.24,197,0.46,10000
2025,9,27,23,0,23.74,25.6,967.36,131,0.18,10000
2025,9,27,24,0,21.73,28.4,967.33,67,0.42,10000
2025,9,28,1,0,21.62,28.8,967.44,73,0.94,10000
2025,9,28,2,0,21.29,29.2,967.45,72,1.05,10000
2025,9,28,3,0,19.69,32.1,968.07,76,1.23,10000
2025,9,28,4,0,20.16,30.7,968.06,74,1.58,10000
2025,9,28,5,0,21.15,29.7,968.62,74,2.4,10000
2025,9,28,6,0,27.07,23.1,969.25,79,1.93,10000
2025,9,28,7,0,28.78,20.7,969.47,109,0.76,10000
2025,9,28,8,0,29.43,21.4,969.78,267,1.03,10000
2025,9,28,9,0,33.8,18,969.33,276,2.45,10000
2025,9,28,10,0,33.78,18.2,969.23,280,3.36,10000
2025,9,28,11,0,35.03,15.9,968.58,286,3.99,10000
2025,9,28,12,0,34.99,16.6,968.08,289,4.48,10000
2025,9,28,13,0,35.06,16.6,968.02,293,4.59,10000
2025,9,28,14,0,34.85,16.9,967.68,296,4.42,10000
2025,9,28,15,0,32.56,19.7,967.64,297,3.91,10000
2025,9,28,16,0,32.11,20.1,967.62,296,2.41,10000
2025,9,28,17,0,30.39,21.9,968.23,302,2.2,10000
2025,9,28,18,0,26.8,25.9,968.34,315,2.21,10000
2025,9,28,19,0,26.44,26.1,968.45,332,2.4,10000
2025,9,28,20,0,27.48,24.6,968.5,355,2.29,10000
2025,9,28,21,0,26.29,25.2,968.55,21,1.98,10000
2025,9,28,22,0,24.44,28,968.19,42,1.46,10000
2025,9,28,23,0,22.01,32.1,968.19,63,1.65,10000
2025,9,28,24,0,21.47,32.8,968.18,63,2.22,10000
2025,9,29,1,0,20.92,33.6,967.9,65,2.6,10000
2025,9,29,2,0,20.72,33.8,968.18,66,2.8,10000
2025,9,29,3,0,20.25,34.3,968.34,65,3.01,10000
2025,9,29,4,0,20.34,32.6,968.45,64,3.11,10000
2025,9,29,5,0,21.56,32,968.64,63,3.45,10000
2025,9,29,6,0,27.28,26.5,968.95,64,3.02,10000
2025,9,29,7,0,29.34,24.2,968.82,62,2.3,10000
2025,9,29,8,0,30.22,23,968.66,34,1.87,10000
2025,9,29,9,0,34.29,17,968.23,337,2.13,10000
2025,9,29,10,0,34.65,16.5,967.6,315,2.83,10000
2025,9,29,11,0,36.09,14.3,966.38,311,3.14,10000
2025,9,29,12,0,36.17,13.8,965.63,308,3.53,10000
2025,9,29,13,0,36.28,13.3,965.29,306,3.66,10000
2025,9,29,14,0,36.14,13.5,964.87,303,3.65,10000
2025,9,29,15,0,33.57,15.7,964.76,299,3.11,10000
2025,9,29,16,0,32.61,16.4,964.4,297,1.98,10000
2025,9,29,17,0,30.92,18.5,964.81,306,2.17,10000
2025,9,29,18,0,27.21,21.9,964.82,320,2.45,10000
2025,9,29,19,0,27.18,21.7,964.83,341,2.09,10000
2025,9,29,20,0,26.63,21.8,964.69,5,1.79,10000
2025,9,29,21,0,24.5,23.8,964.52,29,1.56,10000
2025,9,29,22,0,24.24,23.4,964.04,47,1.37,10000
2025,9,29,23,0,22.69,24.9,963.83,57,1.42,10000
2025,9,29,24,0,21.73,26.7,963.83,58,1.74,10000
2025,9,30,1,0,20.48,28.7,963.51,56,1.87,10000
2025,9,30,2,0,19.52,30.1,963.52,59,1.83,10000
2025,9,30,3,0,18.46,31.4,963.28,61,1.8,10000
2025,9,30,4,0,18.32,30.9,963.66,63,1.8,10000
2025,9,30,5,0,18.98,29.5,963.64,63,2.23,10000
2025,9,30,6,0,22.63,25.6,964.02,65,1.72,10000
2025,9,30,7,0,27.26,20.7,963.98,41,0.38,10000
2025,9,30,8,0,30.12,18.2,963.77,288,1.94,10000
2025,9,30,9,0,32.79,15.4,963.61,293,3.62,10000
2025,9,30,10,0,33.77,14.7,963.21,295,4.37,10000
2025,9,30,11,0,35.41,13.4,962.51,300,4.69,10000
2025,9,30,12,0,35.48,13.5,961.9,300,4.9,10000
2025,9,30,13,0,35.48,13.5,961.67,299,4.94,10000
2025,9,30,14,0,35.29,13.8,961.5,296,4.84,10000
2025,9,30,15,0,33.04,16.5,961.54,292,4.28,10000
2025,9,30,16,0,32.51,16.3,961.61,286,3.22,10000
2025,9,30,17,0,31.49,17.2,961.98,284,3.19,10000
2025,9,30,18,0,28.47,22.5,962.34,286,3.29,10000
2025,9,30,19,0,27.52,25.1,962.46,290,3.4,10000
2025,9,30,20,0,26.95,27.8,962.69,294,3.16,10000
2025,9,30,21,0,25.32,33.2,962.44,301,2.77,10000
2025,9,30,22,0,24.52,35.7,962.25,309,2.49,10000
2025,9,30,23,0,22.94,41.1,962.28,320,2.39,10000
2025,9,30,24,0,22.36,42.2,962.02,334,2.29,10000
2025,10,1,1,0,21.7,44.3,961.65,350,2.21,10000
2025,10,1,2,0,21.69,44.3,961.63,6,1.82,10000
2025,10,1,3,0,20.64,47.5,961.96,16,1.56,10000
2025,10,1,4,0,21.2,47.3,962.05,21,1.35,10000
2025,10,1,5,0,22.15,44.1,962.6,22,1.45,10000
2025,10,1,6,0,25.5,39.7,962.9,6,1.38,10000
2025,10,1,7,0,27,37.4,962.96,342,1.9,10000
2025,10,1,8,0,27.94,35.9,962.78,324,2.58,10000
2025,10,1,9,0,31.71,27.9,962.5,310,3.56,10000
2025,10,1,10,0,32.12,25.8,961.96,302,4.06,10000
2025,10,1,11,0,33.21,21.9,961.34,296,4.22,10000
2025,10,1,12,0,33.31,21,960.53,291,4.25,10000
2025,10,1,13,0,33.25,20.8,960.37,287,4.2,10000
2025,10,1,14,0,33.18,20.5,960.42,284,4.02,10000
2025,10,1,15,0,31.28,22.4,960.23,280,3.81,10000
2025,10,1,16,0,30.53,22.5,960.34,271,2.87,10000
2025,10,1,17,0,29.09,25.1,960.78,268,2.58,10000
2025,10,1,18,0,26.22,29.7,961.01,273,2.34,10000
2025,10,1,19,0,25.09,32,961.09,288,2.11,10000
2025,10,1,20,0,24.51,33.5,961.42,303,2.47,10000
2025,10,1,21,0,24.02,34.8,961.19,325,2.13,10000
2025,10,1,22,0,23.55,35.9,961.11,351,1.85,10000
2025,10,1,23,0,21.78,40.1,961.32,359,1.85,10000
2025,10,1,24,0,21.17,40.6,961.21,17,1.64,10000
2025,10,2,1,0,20.96,40.2,960.68,26,1.32,10000
2025,10,2,2,0,20.49,40.3,960.61,38,1.27,10000
2025,10,2,3,0,19.16,43.1,960.78,40,1.21,10000
2025,10,2,4,0,19.3,40.8,961.14,38,1.27,10000
2025,10,2,5,0,20.25,37.5,961.5,46,1.92,10000
2025,10,2,6,0,25.55,27.5,962.11,34,1.56,10000
2025,10,2,7,0,27.48,25.7,962.42,9,1.64,10000
2025,10,2,8,0,28.25,26.7,962.49,359,1.78,10000
2025,10,2,9,0,32.09,20.9,962.24,339,1.88,10000
2025,10,2,10,0,32.42,21.2,961.98,322,1.99,10000
2025,10,2,11,0,33.55,21.1,961.47,302,2.32,10000
2025,10,2,12,0,34.17,19.8,961.21,294,2.6,10000
2025,10,2,13,0,32.53,20.8,961.09,288,2.87,10000
2025,10,2,14,0,32.63,19.9,961.11,284,3.03,10000
2025,10,2,15,0,32.08,19.9,961.17,280,3.25,10000
2025,10,2,16,0,31.19,20.8,961.53,272,3.01,10000
2025,10,2,17,0,30.02,22,962.25,275,3.13,10000
2025,10,2,18,0,26.52,27.2,962.74,281,2.93,10000
2025,10,2,19,0,25.97,28.5,963.08,290,2.74,10000
2025,10,2,20,0,25.35,29.3,963.36,301,2.51,10000
2025,10,2,21,0,23.68,31.9,963.86,314,2.35,10000
2025,10,2,22,0,23.06,33.2,963.62,333,2.4,10000
2025,10,2,23,0,20.95,37.3,964.17,342,2.4,10000
2025,10,2,24,0,21.09,36.5,964.33,4,2.12,10000
2025,10,3,1,0,20.7,36.2,964.19,20,1.61,10000
2025,10,3,2,0,20.33,36.4,963.94,36,1.53,10000
2025,10,3,3,0,18.86,38.7,964.18,42,1.66,10000
2025,10,3,4,0,19.27,36.2,964.78,46,1.92,10000
2025,10,3,5,0,20.66,32.7,965.51,51,2.61,10000
2025,10,3,6,0,25.63,26.1,965.94,51,2.37,10000
2025,10,3,7,0,27.83,24.8,966.34,46,2.02,10000
2025,10,3,8,0,28.78,24.4,966.2,53,1.44,10000
2025,10,3,9,0,32.36,19.7,966.3,336,0.35,10000
2025,10,3,10,0,33.01,19.8,965.9,273,1.16,10000
2025,10,3,11,0,34.24,16.8,965.48,276,1.59,10000
2025,10,3,12,0,34.57,16.4,965.51,269,2.1,10000
2025,10,3,13,0,34.57,16.4,965.05,269,2.6,10000
2025,10,3,14,0,34.44,16.7,965.26,272,3.03,10000
2025,10,3,15,0,33.84,17.1,965.39,275,3.29,10000
2025,10,3,16,0,29.28,21.4,965.57,276,2.76,10000
2025,10,3,17,0,27.16,23.2,966.48,282,2.77,10000
2025,10,3,18,0,25.95,24.9,966.87,293,2.71,10000
2025,10,3,19,0,25.13,24.9,967.4,306,2.71,10000
2025,10,3,20,0,24.5,24.9,967.75,322,2.58,10000
2025,10,3,21,0,23.88,25.5,967.89,335,2.35,10000
2025,10,3,22,0,23.29,26.7,967.9,348,2.33,10000
2025,10,3,23,0,20.61,30.6,968.31,6,2.08,10000
2025,10,3,24,0,20.46,30,968.5,22,1.82,10000
2025,10,4,1,0,20.01,30.4,968.27,31,1.79,10000
2025,10,4,2,0,19.5,30.8,968.28,37,1.73,10000
2025,10,4,3,0,18.52,32.2,968.5,39,1.89,10000
2025,10,4,4,0,19.03,31.5,969.13,40,1.95,10000
2025,10,4,5,0,19.98,30.2,969.4,42,2.53,10000
2025,10,4,6,0,24.98,23.8,969.73,38,2.22,10000
2025,10,4,7,0,26.79,23.1,969.78,17,1.67,10000
2025,10,4,8,0,27.84,23.7,969.48,350,2.04,10000
2025,10,4,9,0,33.19,17.4,969.24,335,2.52,10000
2025,10,4,10,0,33.66,16.3,968.86,324,2.61,10000
2025,10,4,11,0,35.78,12.3,968.1,316,3.04,10000
2025,10,4,12,0,35.93,11.7,967.56,314,3.42,10000
2025,10,4,13,0,35.99,11.5,967.15,314,3.55,10000
2025,10,4,14,0,35.91,11,966.96,312,3.61,10000
2025,10,4,15,0,33.75,11.6,967.16,305,3.21,10000
2025,10,4,16,0,31.74,13.6,967.01,302,3,10000
2025,10,4,17,0,30.61,13.8,967.55,312,3.09,10000
2025,10,4,18,0,27,16.3,967.84,326,2.9,10000
2025,10,4,19,0,26.27,16.5,968.13,345,2.78,10000
2025,10,4,20,0,25.7,15.3,967.95,4,2.76,10000
2025,10,4,21,0,24.4,15.7,967.81,17,2.68,10000
2025,10,4,22,0,23.3,16.6,967.25,25,2.53,10000
2025,10,4,23,0,21.28,19.8,966.97,37,2.12,10000
2025,10,4,24,0,20.89,19.9,967.08,41,2.29,10000
2025,10,5,1,0,20.23,20.2,966.47,43,2.66,10000
2025,10,5,2,0,20.52,19,966.31,44,2.97,10000
2025,10,5,3,0,19.39,21.1,966.27,44,3.23,10000
2025,10,5,4,0,20.19,21.5,966.21,46,3.41,10000
2025,10,5,5,0,21.04,22.2,966.46,48,3.76,10000
2025,10,5,6,0,25.84,19.7,966.39,46,3.53,10000
2025,10,5,7,0,28.02,18.7,966.44,40,2.93,10000
2025,10,5,8,0,30.72,17.8,966.28,35,2.83,10000
2025,10,5,9,0,35.44,11.9,965.86,28,2.25,10000
2025,10,5,10,0,35.94,11.4,965.4,357,1.87,10000
2025,10,5,11,0,37.78,8.8,964.2,339,2.31,10000
2025,10,5,12,0,38.11,8.6,963.65,327,2.55,10000
2025,10,5,13,0,37.96,8.4,963.34,318,2.85,10000
2025,10,5,14,0,37.98,8.1,962.79,313,3.22,10000
2025,10,5,15,0,35.19,9,962.69,303,2.95,10000
2025,10,5,16,0,32.26,10.2,962.74,304,3.08,10000
2025,10,5,17,0,30.87,10.8,963.29,315,3.04,10000
2025,10,5,18,0,27.21,13.6,963.57,332,2.85,10000
2025,10,5,19,0,26.41,13.4,963.61,350,2.7,10000
2025,10,5,20,0,26.03,13.4,963.61,7,2.41,10000
2025,10,5,21,0,24.99,14.3,963.5,19,2.27,10000
2025,10,5,22,0,24.25,15,963.34,26,2.09,10000
2025,10,5,23,0,22.13,16.9,963.72,34,1.9,10000
2025,10,5,24,0,20.8,18.1,963.82,38,1.8,10000
2025,10,6,1,0,20.48,17.5,963.68,38,1.67,10000
2025,10,6,2,0,19.69,18.3,963.39,38,1.79,10000
2025,10,6,3,0,18.77,19.7,963.87,37,1.95,10000
2025,10,6,4,0,19.53,17.4,964.04,39,2.15,10000
2025,10,6,5,0,19.93,16.4,964.37,42,2.64,10000
2025,10,6,6,0,25.35,13.6,964.45,38,2.65,10000
2025,10,6,7,0,27.53,13.4,964.77,20,1.96,10000
2025,10,6,8,0,29.29,14.1,964.63,354,2.27,10000
2025,10,6,9,0,34.91,10.2,964.68,337,2.84,10000
2025,10,6,10,0,35.87,10.6,963.96,325,3.46,10000
2025,10,6,11,0,37.13,8,963.24,318,3.82,10000
2025,10,6,12,0,37.39,8.1,962.89,316,4.2,10000
2025,10,6,13,0,37.48,8.2,962.69,316,4.48,10000
2025,10,6,14,0,37.26,8.6,962.7,317,4.62,10000
2025,10,6,15,0,34.98,11.1,962.84,313,3.58,10000
2025,10,6,16,0,32.8,13.7,963.02,311,2.72,10000
2025,10,6,17,0,31.42,15.8,963.59,316,2.68,10000
2025,10,6,18,0,30.77,17.1,963.83,325,2.7,10000
2025,10,6,19,0,25.92,23.5,964.13,334,2.69,10000
2025,10,6,20,0,25.57,25.1,964.42,340,2.68,10000
2025,10,6,21,0,24.87,26.3,964.64,350,2.61,10000
2025,10,6,22,0,24.56,27.4,964.55,2,2.4,10000
2025,10,6,23,0,22.91,29.8,964.74,23,1.97,10000
2025,10,6,24,0,22.35,29.9,965.08,40,1.9,10000
2025,10,7,1,0,21.59,30.6,964.67,49,1.91,10000
2025,10,7,2,0,20.91,30.8,964.73,57,2.02,10000
2025,10,7,3,0,19.86,31.4,964.86,60,2.2,10000
2025,10,7,4,0,20.36,28.2,965.1,63,2.47,10000
2025,10,7,5,0,21.37,26.6,965.27,63,2.96,10000
2025,10,7,6,0,26.13,22.3,965.75,63,2.7,10000
2025,10,7,7,0,28.09,21.8,966.11,59,1.63,10000
2025,10,7,8,0,29.64,22,966.02,45,0.98,10000
2025,10,7,9,0,34.9,15.7,965.87,342,0.98,10000
2025,10,7,10,0,35.66,14.6,965.45,316,2.03,10000
2025,10,7,11,0,36.9,12.4,964.98,316,2.9,10000
2025,10,7,12,0,37.47,12.1,964.4,312,3.47,10000
2025,10,7,13,0,35.24,14.4,964.08,310,3.76,10000
2025,10,7,14,0,34.86,14.8,963.72,307,3.78,10000
2025,10,7,15,0,34.35,15.2,963.74,301,3.05,10000
2025,10,7,16,0,32.52,16.5,963.9,297,2.5,10000
2025,10,7,17,0,31.23,18.1,964.26,307,2.4,10000
2025,10,7,18,0,28.04,21.8,964.51,321,2.33,10000
2025,10,7,19,0,27.14,22.7,964.7,343,2.51,10000
2025,10,7,20,0,26.72,23.7,964.86,17,2.06,10000
2025,10,7,21,0,24.57,25.7,964.91,46,1.65,10000
2025,10,7,22,0,24.2,26,964.85,62,1.82,10000
2025,10,7,23,0,22.11,28.8,964.92,66,2.09,10000
2025,10,7,24,0,22.09,28.5,964.9,67,2.34,10000
2025,10,8,1,0,21.5,29.1,964.5,70,2.54,10000
2025,10,8,2,0,21.43,28.6,964.48,73,2.77,10000
2025,10,8,3,0,20.9,30.1,964.83,77,3.02,10000
2025,10,8,4,0,21.7,29.4,965.06,81,3.21,10000
2025,10,8,5,0,22.44,28.4,965.3,84,3.38,10000
2025,10,8,6,0,27.78,23.6,965.87,91,2.86,10000
2025,10,8,7,0,29.74,22,965.73,121,1.74,10000
2025,10,8,8,0,30.95,21.4,965.99,188,2.13,10000
2025,10,8,9,0,35.26,15.9,965.88,219,2.99,10000
2025,10,8,10,0,35.54,15.5,965.55,229,3.28,10000
2025,10,8,11,0,36.94,13.2,964.45,232,3.28,10000
2025,10,8,12,0,36.93,13.3,963.9,232,3.4,10000
2025,10,8,13,0,36.89,13.3,963.83,231,3.38,10000
2025,10,8,14,0,36.89,13.4,963.51,228,3.21,10000
2025,10,8,15,0,33.91,15.3,963.7,223,2.28,10000
2025,10,8,16,0,31.74,17,963.79,222,2.11,10000
2025,10,8,17,0,30.53,18,964.23,218,2.16,10000
2025,10,8,18,0,27.81,21.7,964.75,214,2.29,10000
2025,10,8,19,0,27.99,21.4,964.89,215,2.35,10000
2025,10,8,20,0,29.14,19.6,965.52,200,1.21,10000
2025,10,8,21,0,27.93,20,965.48,117,0.51,10000
2025,10,8,22,0,24.7,23.7,965.65,84,1.03,10000
2025,10,8,23,0,22.9,26.3,965.86,79,1.08,10000
2025,10,8,24,0,22.02,27.5,965.78,76,1.46,10000
2025,10,9,1,0,20.56,29.1,965.58,79,1.89,10000
2025,10,9,2,0,20.88,28.8,965.59,88,2.02,10000
2025,10,9,3,0,20.3,30,965.79,91,1.79,10000
2025,10,9,4,0,20.9,27.7,966.12,87,1.51,10000
2025,10,9,5,0,21.83,26.3,966.34,91,1.48,10000
2025,10,9,6,0,25.94,22.3,967.19,102,1.07,10000
2025,10,9,7,0,26.92,21.7,967.16,193,0.58,10000
2025,10,9,8,0,27.95,22.1,967.48,245,1.19,10000
2025,10,9,9,0,32.16,17.6,967.35,263,2,10000
2025,10,9,10,0,32.69,18,967.21,265,2.67,10000
2025,10,9,11,0,33.67,18.6,966.57,268,3.22,10000
2025,10,9,12,0,33.82,19.2,966.04,264,3.77,10000
2025,10,9,13,0,33.76,19.5,966.05,264,4.31,10000
2025,10,9,14,0,33.56,19.7,966.03,266,4.51,10000
2025,10,9,15,0,31.01,22.6,966.04,267,4.3,10000
2025,10,9,16,0,30.64,22.1,966.34,266,3.86,10000
2025,10,9,17,0,30.08,21.7,967.14,270,4.05,10000
2025,10,9,18,0,27.06,26.5,967.82,276,4.16,10000
2025,10,9,19,0,26.7,26,968.14,283,4.1,10000
2025,10,9,20,0,26.09,26.9,968.77,290,3.91,10000
2025,10,9,21,0,24.56,29.2,969.07,298,3.49,10000
2025,10,9,22,0,23.69,31.2,969.25,312,2.99,10000
2025,10,9,23,0,22.09,35.8,969.18,326,3.02,10000
2025,10,9,24,0,21.66,36.3,969.46,343,2.95,10000
2025,10,10,1,0,21.37,36.7,969.39,350,2.87,10000
2025,10,10,2,0,20.47,38.3,969.47,351,2.28,10000
2025,10,10,3,0,19.58,41.6,969.82,344,1.95,10000
2025,10,10,4,0,20.61,39.7,970.14,341,2.11,10000
2025,10,10,5,0,20.58,42.2,970.27,344,1.56,10000
2025,10,10,6,0,23.83,39.7,970.83,326,1.78,10000
2025,10,10,7,0,25.2,38.5,970.81,311,2.54,10000
2025,10,10,8,0,26.08,35.6,970.89,293,3.28,10000
2025,10,10,9,0,28.85,27.4,970.74,282,4.14,10000
2025,10,10,10,0,29,27.2,970.18,276,5,10000
2025,10,10,11,0,29.48,22,969.15,275,5.63,10000
2025,10,10,12,0,29.34,21.5,969.05,274,5.8,10000
2025,10,10,13,0,29.33,20.6,968.73,278,5.64,10000
2025,10,10,14,0,29.04,20.6,968.72,281,5.22,10000
2025,10,10,15,0,26.77,22.5,968.34,280,4.43,10000
2025,10,10,16,0,26.08,22.9,968.28,274,3.38,10000
2025,10,10,17,0,25.61,23.1,968.48,273,3.11,10000
2025,10,10,18,0,22.73,27.5,968.82,274,2.95,10000
2025,10,10,19,0,21.95,28.9,969.15,277,2.79,10000
2025,10,10,20,0,21.35,30.4,968.97,281,2.56,10000
2025,10,10,21,0,19.78,33.1,969.14,284,2.4,10000
2025,10,10,22,0,18.75,34.3,968.64,288,2.23,10000
2025,10,10,23,0,17.63,33.6,968.54,306,2.42,10000
2025,10,10,24,0,17.44,34.6,968.49,328,2.27,10000
2025,10,11,1,0,17.14,33.7,968.41,346,1.88,10000
2025,10,11,2,0,16.43,35.2,968.44,1,1.68,10000
2025,10,11,3,0,15.18,36.3,968.74,22,1.48,10000
2025,10,11,4,0,17.15,33.1,968.71,35,1.14,10000
2025,10,11,5,0,17.97,31.9,968.78,55,1.01,10000
2025,10,11,6,0,20.46,29.4,969.44,39,0.7,10000
2025,10,11,7,0,21.86,28,969.61,307,0.93,10000
2025,10,11,8,0,22.88,27.3,969.32,291,2.01,10000
2025,10,11,9,0,26.76,20.9,969.02,291,3.05,10000
2025,10,11,10,0,26.96,20.4,968.7,295,3.79,10000
2025,10,11,11,0,27.88,18.3,967.92,306,4.19,10000
2025,10,11,12,0,28.12,17.5,967.33,303,4.16,10000
2025,10,11,13,0,28.16,16.8,967.05,299,4.07,10000
2025,10,11,14,0,28.08,16.7,966.83,297,3.88,10000
2025,10,11,15,0,26.24,19.2,967.07,291,3.31,10000
2025,10,11,16,0,25.05,20.1,966.96,281,2.21,10000
2025,10,11,17,0,23.68,22,967.27,280,2,10000
2025,10,11,18,0,19.94,28.6,967.59,286,2.08,10000
2025,10,11,19,0,19.47,29.6,967.62,298,2.32,10000
2025,10,11,20,0,20.04,28.5,967.62,313,2.53,10000
2025,10,11,21,0,19.65,28.1,967.67,334,2.2,10000
2025,10,11,22,0,19.31,28.6,967.62,2,1.97,10000
2025,10,11,23,0,16.74,32.3,967.81,28,1.7,10000
2025,10,11,24,0,16.61,32,967.7,48,1.73,10000
2025,10,12,1,0,16.35,31.5,967.72,55,1.94,10000
2025,10,12,2,0,15.89,31.7,967.34,60,2.12,10000
2025,10,12,3,0,14.69,34.7,967.69,61,2.19,10000
2025,10,12,4,0,15.36,31.4,967.64,61,2.26,10000
2025,10,12,5,0,16.15,30.5,967.92,61,2.62,10000
2025,10,12,6,0,21.34,24.7,968.18,59,2.29,10000
2025,10,12,7,0,23.12,24.2,968.13,58,1.69,10000
2025,10,12,8,0,24.43,24.4,967.87,56,1.22,10000
2025,10,12,9,0,28.32,18,967.58,32,1.07,10000
2025,10,12,10,0,29.17,16.6,966.97,15,1.18,10000
2025,10,12,11,0,31.05,15.9,965.84,24,1.28,10000
2025,10,12,12,0,31.16,17.4,964.93,31,1.21,10000
2025,10,12,13,0,31.24,18.7,964.44,50,0.92,10000
2025,10,12,14,0,31.37,18.7,963.98,100,0.81,10000
2025,10,12,15,0,29.81,20.8,963.61,120,1.18,10000
2025,10,12,16,0,28.56,21.7,963.59,134,1.56,10000
2025,10,12,17,0,27.32,23,963.46,147,1.92,10000
2025,10,12,18,0,24.2,27.7,963.91,147,1.83,10000
2025,10,12,19,0,23.65,29.8,963.8,136,2.11,10000
2025,10,12,20,0,23.79,28.1,964.04,127,2.55,10000
2025,10,12,21,0,23.3,27.1,963.52,121,3.17,10000
2025,10,12,22,0,23.53,26,963.2,122,3.94,10000
2025,10,12,23,0,22.99,22.7,962.62,123,4.48,10000
2025,10,12,24,0,22.94,20.3,962.51,127,5.13,10000
2025,10,13,1,0,23.41,18.2,962.41,140,5.28,10000
2025,10,13,2,0,23.78,15.1,962.82,159,5.14,10000
2025,10,13,3,0,22.73,16.5,963.37,167,4.9,10000
2025,10,13,4,0,22.69,15.3,963.96,170,4.29,10000
2025,10,13,5,0,22.62,17,964.65,177,3.63,10000
2025,10,13,6,0,24.09,22.5,965.54,200,3.06,10000
2025,10,13,7,0,24.24,31.2,966.2,236,2.8,10000
2025,10,13,8,0,24.56,34.2,966.37,245,2.96,10000
2025,10,13,9,0,27.15,28.4,966.65,244,3.53,10000
2025,10,13,10,0,27.49,26.9,966.75,242,4.14,10000
2025,10,13,11,0,28.03,25.3,966.3,243,4.17,10000
2025,10,13,12,0,27.93,25.3,966.47,247,4.5,10000
2025,10,13,13,0,27.64,24.9,966.7,251,4.53,10000
2025,10,13,14,0,27.28,24.3,967.07,256,4.35,10000
2025,10,13,15,0,24.85,26.7,967.7,265,3.76,10000
2025,10,13,16,0,24.27,27.4,968.13,273,2.6,10000
2025,10,13,17,0,23.38,29.2,968.79,279,2.07,10000
2025,10,13,18,0,20.3,34.8,969.42,286,1.96,10000
2025,10,13,19,0,19.2,37.3,969.91,298,2.06,10000
2025,10,13,20,0,19.36,36.7,970,317,2.29,10000
2025,10,13,21,0,18.02,38.1,970.26,344,2,10000
2025,10,13,22,0,17.03,40.5,970.13,15,1.73,10000
2025,10,13,23,0,15.04,44.6,970.03,31,1.41,10000
2025,10,13,24,0,14.95,43.9,970.22,42,1.34,10000
2025,10,14,1,0,14.54,44.2,970,44,1.23,10000
2025,10,14,2,0,14.29,44.6,970.11,44,1.12,10000
2025,10,14,3,0,13.1,46.4,970.34,45,1.21,10000
2025,10,14,4,0,14.04,44.6,970.56,47,1.44,10000
2025,10,14,5,0,14.64,43.3,970.77,48,2.15,10000
2025,10,14,6,0,19.5,36.5,971.43,45,1.85,10000
2025,10,14,7,0,21.06,35.1,971.41,19,1.25,10000
2025,10,14,8,0,21.85,34.1,971.32,330,0.99,10000
2025,10,14,9,0,26.13,26.7,971.14,285,1.11,10000
2025,10,14,10,0,26.79,24.3,970.57,270,1.7,10000
2025,10,14,11,0,28.66,19.4,969.87,275,2.23,10000
2025,10,14,12,0,28.89,18.6,969.34,279,2.74,10000
2025,10,14,13,0,28.97,18.2,969.16,281,3.07,10000
2025,10,14,14,0,28.78,18,969.14,283,3.18,10000
2025,10,14,15,0,26.3,21.4,968.86,282,2.79,10000
2025,10,14,16,0,24.39,24.9,969.09,279,2.29,10000
2025,10,14,17,0,22.95,28.2,969.3,286,2.19,10000
2025,10,14,18,0,19.85,33.7,969.65,296,2.15,10000
2025,10,14,19,0,19.1,35.3,969.66,314,2.49,10000
2025,10,14,20,0,19.16,35.3,969.54,342,2.3,10000
2025,10,14,21,0,17.78,38,969.52,12,1.98,10000
2025,10,14,22,0,17.42,37.5,969.24,26,1.67,10000
2025,10,14,23,0,16.46,35.6,969.22,42,1.55,10000
2025,10,14,24,0,16.03,35.6,969.31,52,1.77,10000
2025,10,15,1,0,15.54,36.1,969.09,52,2.05,10000
2025,10,15,2,0,15.11,36.4,968.71,53,2.1,10000
2025,10,15,3,0,13.96,38.5,969.22,53,2.12,10000
2025,10,15,4,0,14.26,36.1,969.17,52,2.23,10000
2025,10,15,5,0,15.46,34,969.31,54,2.9,10000
2025,10,15,6,0,20.58,27.7,969.61,53,3.13,10000
2025,10,15,7,0,22.48,26.5,969.5,46,2.6,10000
2025,10,15,8,0,23.8,25.2,969.42,34,2.55,10000
2025,10,15,9,0,28.64,18.1,969.01,12,2.2,10000
2025,10,15,10,0,29.38,16.6,968.6,345,2.28,10000
2025,10,15,11,0,31.33,14.9,967.67,326,2.67,10000
2025,10,15,12,0,31.44,15.8,967.29,316,2.62,10000
2025,10,15,13,0,31.41,16.7,966.97,305,2.44,10000
2025,10,15,14,0,31.11,17.2,966.89,294,2.24,10000
2025,10,15,15,0,28.77,19.6,966.74,280,1.76,10000
2025,10,15,16,0,26.37,22.5,967.08,276,2.31,10000
2025,10,15,17,0,24.79,25,967.52,283,2.29,10000
2025,10,15,18,0,21.73,29.1,967.86,299,2.25,10000
2025,10,15,19,0,21.69,28.7,968.02,327,2.42,10000
2025,10,15,20,0,21.92,27.5,968.16,2,2.05,10000
2025,10,15,21,0,20.67,28.6,967.93,27,1.53,10000
2025,10,15,22,0,19.86,29.4,967.89,41,1.6,10000
2025,10,15,23,0,17.76,31.7,967.89,49,1.62,10000
2025,10,15,24,0,17.6,32.2,968.14,58,1.89,10000
2025,10,16,1,0,17.96,31.5,967.89,61,2.09,10000
2025,10,16,2,0,17.25,32.1,967.73,64,2.37,10000
2025,10,16,3,0,16.77,33.7,967.95,66,2.58,10000
2025,10,16,4,0,17.42,30.7,968.06,67,2.7,10000
2025,10,16,5,0,17.84,29.7,968.45,67,2.99,10000
2025,10,16,6,0,22.8,24.7,969.04,70,2.83,10000
2025,10,16,7,0,24.92,24.1,969.16,79,1.83,10000
2025,10,16,8,0,26.08,24.3,969.22,115,0.98,10000
2025,10,16,9,0,30.35,19.8,968.88,203,0.43,10000
2025,10,16,10,0,30.73,19.1,968.62,248,1.29,10000
2025,10,16,11,0,32.1,17.4,968.29,255,2.2,10000
2025,10,16,12,0,32.07,17.5,967.65,256,2.67,10000
2025,10,16,13,0,32.18,17.2,967.69,255,2.86,10000
2025,10,16,14,0,31.89,17.7,967.77,254,2.92,10000
2025,10,16,15,0,28.98,21.6,968.06,254,2.07,10000
2025,10,16,16,0,26.62,24.6,968.22,257,2.17,10000
2025,10,16,17,0,25.3,27.2,968.88,269,2.58,10000
2025,10,16,18,0,24,28.6,969.47,283,2.37,10000
2025,10,16,19,0,24.66,26.8,969.7,318,1.82,10000
2025,10,16,20,0,23.99,27,969.99,7,1.34,10000
2025,10,16,21,0,20.68,33.1,969.91,41,1.34,10000
2025,10,16,22,0,20.33,32.8,969.99,58,1.39,10000
2025,10,16,23,0,17.41,37.3,970.06,62,1.83,10000
2025,10,16,24,0,17.04,37.7,970.64,63,2.11,10000
2025,10,17,1,0,16.74,37.8,970.2,63,2.28,10000
2025,10,17,2,0,16.86,36.5,970.44,66,2.39,10000
2025,10,17,3,1,16.4,36,970.47,66,2.54,10000
2025,10,17,4,1,16.96,32.6,970.83,68,2.69,10000
2025,10,17,5,2,17.54,30.3,971.21,69,2.97,10000
2025,10,17,6,2,22.79,25.9,971.78,72,2.87,10000
2025,10,17,7,5,24.7,26,972.21,83,1.84,10000
2025,10,17,8,5,25.85,25.8,972.15,145,1.01,10000
2025,10,17,9,4,30.84,18.4,972.02,232,1.47,10000
2025,10,17,10,2,31.28,16.2,971.45,257,2.44,10000
2025,10,17,11,0,32.75,15,970.85,265,2.77,10000
2025,10,17,12,0,32.75,15.2,970.67,271,3.11,10000
2025,10,17,13,0,32.64,15.6,970.33,276,3.18,10000
2025,10,17,14,0,32.29,15.7,970.47,278,3.07,10000
2025,10,17,15,0,29.32,18.5,970.6,279,2.08,10000
2025,10,17,16,0,26.98,21.8,970.92,283,2.12,10000
2025,10,17,17,0,25.07,24.6,971.21,296,2.23,10000
2025,10,17,18,0,22.58,27.8,971.57,318,2.39,10000
2025,10,17,19,0,22.68,27.1,971.83,350,2.23,10000
2025,10,17,20,0,22.58,26.4,971.73,20,1.77,10000
2025,10,17,21,0,21.07,26.7,971.82,39,1.85,10000
2025,10,17,22,0,20.1,27.9,971.55,46,1.98,10000
2025,10,17,23,0,18.47,29.5,971.69,55,2.14,10000
2025,10,17,24,0,18.18,29.4,971.72,56,2.29,10000
2025,10,18,1,0,18.09,29.7,971.34,57,2.47,10000
2025,10,18,2,0,18.09,29.5,971.02,60,2.66,10000
2025,10,18,3,0,17.32,31.6,971.27,62,2.73,10000
2025,10,18,4,1,17.78,29.2,971.44,61,2.74,10000
2025,10,18,5,4,17.86,28.4,971.54,60,3.02,10000
2025,10,18,6,8,22.6,23.7,972.08,57,3.07,10000
2025,10,18,7,8,24.58,23.7,972.27,51,2.27,10000
2025,10,18,8,5,25.99,23,972,38,1.87,10000
2025,10,18,9,0,31,16.2,971.66,4,1.69,10000
2025,10,18,10,0,31.55,14.8,970.88,333,1.99,10000
2025,10,18,11,0,33.15,13.7,969.79,315,2.34,10000
2025,10,18,12,0,33.16,13.6,969.4,308,2.7,10000
2025,10,18,13,0,33.11,14.5,968.83,310,2.82,10000
2025,10,18,14,0,32.61,14.5,968.52,314,2.78,10000
2025,10,18,15,0,29.56,16.9,968.24,320,1.79,10000
2025,10,18,16,1,27.36,19.4,968.08,333,2.05,10000
2025,10,18,17,3,26.27,20.6,968.3,347,1.92,10000
2025,10,18,18,2,25.66,20.9,968.51,21,1.83,10000
2025,10,18,19,1,22.61,23.2,968.37,40,1.88,10000
2025,10,18,20,2,22.38,22.7,968.32,49,1.8,10000
2025,10,18,21,4,21.64,23.8,968.57,52,1.7,10000
2025,10,18,22,5,22.13,23.4,968.26,51,1.76,10000
2025,10,18,23,6,20.06,27.2,968.37,49,1.99,10000
2025,10,18,24,5,20.31,26.3,968.13,49,2.23,10000
2025,10,19,1,3,20.21,25.8,967.8,51,2.51,10000
2025,10,19,2,3,20.2,25.3,967.75,54,2.67,10000
2025,10,19,3,1,19.39,26.9,967.54,56,2.78,10000
2025,10,19,4,0,18.98,26.6,968.03,59,2.71,10000
2025,10,19,5,0,18.92,26.4,968.04,60,2.9,10000
2025,10,19,6,0,23.68,22.8,968.53,62,2.77,10000
2025,10,19,7,0,25.73,21.8,968.58,64,1.72,10000
2025,10,19,8,0,27.07,19.5,968.38,72,0.55,10000
2025,10,19,9,0,31.29,15.1,968.04,267,1.3,10000
2025,10,19,10,0,31.45,15.8,967.28,266,2.79,10000
2025,10,19,11,0,32.36,14.6,966.45,271,3.85,10000
2025,10,19,12,0,32.4,14.1,965.69,270,4.17,10000
2025,10,19,13,0,32.26,13.6,965.58,271,4.29,10000
2025,10,19,14,0,32.03,13.5,965.24,274,4.44,10000
2025,10,19,15,0,31.4,13.4,965.2,279,3.42,10000
2025,10,19,16,0,25.86,19.3,965.26,284,2.81,10000
2025,10,19,17,0,24.57,21.5,965.53,286,2.69,10000
2025,10,19,18,0,23.33,24.2,965.93,290,2.66,10000
2025,10,19,19,0,22.6,26.5,965.87,294,2.37,10000
2025,10,19,20,0,21.69,29,966.32,299,2.33,10000
2025,10,19,21,0,20.27,33.2,966.49,307,2.48,10000
2025,10,19,22,0,20.78,32.6,966.21,322,2.24,10000
2025,10,19,23,0,19.2,36.1,966.17,337,1.78,10000
2025,10,19,24,0,19.27,35.5,965.86,14,1.03,10000
2025,10,20,1,0,18.8,36.2,965.68,36,0.63,10000
2025,10,20,2,0,18.13,37,965.33,77,0.55,10000
2025,10,20,3,0,16.35,41,965.72,100,0.65,10000
2025,10,20,4,0,16.66,41.8,965.8,117,0.93,10000
2025,10,20,5,1,16.68,40.6,965.93,131,0.72,10000
2025,10,20,6,2,20.41,36.5,966.5,141,0.68,10000
2025,10,20,7,1,21.07,38.3,966.89,208,0.99,10000
2025,10,20,8,2,22.44,36.7,966.87,227,1.78,10000
2025,10,20,9,3,26.89,29.2,966.95,235,2.62,10000
2025,10,20,10,5,27.32,28.4,966.67,245,3.41,10000
2025,10,20,11,5,28.55,25.3,966.36,257,4.05,10000
2025,10,20,12,1,28.63,24.9,965.99,261,4.12,10000
2025,10,20,13,1,28.54,25.5,965.82,263,3.92,10000
2025,10,20,14,1,28.37,25.8,965.91,266,3.69,10000
2025,10,20,15,1,26.3,30.1,965.85,266,2.83,10000
2025,10,20,16,1,25.32,31.7,966.22,258,1.8,10000
2025,10,20,17,1,24.79,33,966.65,250,1.92,10000
2025,10,20,18,1,21.64,41.1,967,240,1.9,10000
2025,10,20,19,1,21.37,42.5,967.37,240,2,10000
2025,10,20,20,1,21.13,43.9,967.64,239,2.05,10000
2025,10,20,21,1,21.25,44.5,967.93,237,2.18,10000
2025,10,20,22,1,22.26,41.5,967.77,227,1.19,10000
2025,10,20,23,1,22.22,41.8,967.73,225,1.06,10000
2025,10,20,24,1,19.9,47.9,968.01,146,0.73,10000
2025,10,21,1,1,19.26,48.4,967.86,125,0.98,10000
2025,10,21,2,3,18.71,48.8,967.69,106,1.08,10000
2025,10,21,3,2,17.98,50.4,968.14,94,1.55,10000
2025,10,21,4,1,18.53,50.1,968.06,94,2,10000
2025,10,21,5,3,19.01,48.3,968.48,101,2.4,10000
2025,10,21,6,2,22.9,42.3,968.89,121,2.26,10000
2025,10,21,7,4,23.9,41.4,969.33,165,2.08,10000
2025,10,21,8,5,24.46,40.8,969.48,205,2.45,10000
2025,10,21,9,6,27.33,36,969.68,222,2.92,10000
2025,10,21,10,8,27.65,35.2,969.27,230,3.5,10000
2025,10,21,11,8,28.35,34,968.77,241,4.59,10000
2025,10,21,12,7,28.67,33,968.28,252,4.45,10000
2025,10,21,13,2,28.44,33,968.28,252,4.15,10000
2025,10,21,14,1,28.38,32.4,968.04,256,3.95,10000
2025,10,21,15,1,26.33,36.4,968.27,260,3,10000
2025,10,21,16,2,25.78,36.8,968.63,264,1.89,10000
2025,10,21,17,2,25.15,38,969.2,276,1.91,10000
2025,10,21,18,0,22.72,42.6,969.44,292,2.11,10000
2025,10,21,19,1,23.08,41.6,969.73,335,1.43,10000
2025,10,21,20,1,22.75,42.3,970.06,34,1.26,10000
2025,10,21,21,2,21.27,46.6,970.19,61,1.04,10000
2025,10,21,22,3,20.57,49.9,970.43,71,1.45,10000
2025,10,21,23,4,19.02,51.2,970.22,87,1.19,10000
2025,10,21,24,3,18.79,51.8,970.34,89,1.33,10000
2025,10,22,1,2,18.71,52.1,970.29,85,1.47,10000
2025,10,22,2,1,18.9,51,970.14,89,1.92,10000
2025,10,22,3,0,18.54,52,970.23,89,2.2,10000
2025,10,22,4,0,18.85,51.6,970.56,89,2.36,10000
2025,10,22,5,0,18.9,51.7,971.2,84,2.74,10000
2025,10,22,6,0,22.62,43.9,971.87,91,2.82,10000
2025,10,22,7,0,24.39,42.9,972.25,111,2.11,10000
2025,10,22,8,1,25.08,41.1,972.31,167,1.15,10000
2025,10,22,9,1,28.73,30.1,972.24,243,1.06,10000
2025,10,22,10,0,28.8,29.6,971.97,241,1.46,10000
2025,10,22,11,1,30.17,26,970.92,235,2.84,10000
2025,10,22,12,1,30.01,26.9,970.63,242,3.18,10000
2025,10,22,13,2,30.02,26.6,970.68,241,3.3,10000
2025,10,22,14,1,29.88,26.6,970.68,236,2.96,10000
2025,10,22,15,3,27.23,31.4,970.73,238,1.57,10000
2025,10,22,16,1,27.73,29.7,970.86,213,1.1,10000
2025,10,22,17,0,25.91,32.4,971.16,102,0.96,10000
2025,10,22,18,0,22.56,38.4,971.25,93,1.52,10000
2025,10,22,19,0,21.71,39.3,971.24,88,1.93,10000
2025,10,22,20,0,21.66,37.9,971.37,84,2.1,10000
2025,10,22,21,0,20.41,39.7,971.36,81,2.12,10000
2025,10,22,22,0,20.01,40.2,971.46,80,2.05,10000
2025,10,22,23,0,18.6,41.1,971.5,83,2.41,10000
2025,10,22,24,1,18.81,40.7,971.71,83,2.7,10000
2025,10,23,1,1,18.96,40,971.43,83,2.84,10000
2025,10,23,2,1,18.88,38.5,971.37,84,2.89,10000
2025,10,23,3,0,18.28,38.5,971.27,83,2.86,10000
2025,10,23,4,0,18.79,35,971.42,82,2.76,10000
2025,10,23,5,0,19.24,35.2,971.45,79,2.88,10000
2025,10,23,6,0,23.47,30.7,971.75,79,2.7,10000
2025,10,23,7,0,24.92,31.6,971.88,92,1.65,10000
2025,10,23,8,0,25.77,34.3,971.51,177,1.14,10000
2025,10,23,9,1,29.67,27.9,971.45,231,2.1,10000
2025,10,23,10,1,30.2,26.9,970.71,245,2.77,10000
2025,10,23,11,3,31.5,23.3,969.78,258,2.84,10000
2025,10,23,12,2,31.62,23,969.31,272,2.97,10000
2025,10,23,13,2,31.45,23.1,968.92,285,2.91,10000
2025,10,23,14,0,31.11,23.5,968.64,299,2.64,10000
2025,10,23,15,0,28.33,26.5,968.69,307,1.76,10000
2025,10,23,16,0,26.53,29.5,968.78,317,1.97,10000
2025,10,23,17,0,25.32,31.4,969.14,327,2,10000
2025,10,23,18,0,22.48,35.6,969.4,348,2.02,10000
2025,10,23,19,0,22.44,34.6,969.46,11,1.75,10000
2025,10,23,20,0,22.01,35.4,969.76,33,1.6,10000
2025,10,23,21,0,20.48,37.3,969.73,47,1.7,10000
2025,10,23,22,0,19.72,38,969.67,52,1.77,10000
2025,10,23,23,0,17.83,40.3,969.39,55,1.86,10000
2025,10,23,24,0,17.2,41,969.64,57,2.06,10000
2025,10,24,1,0,16.69,42.3,969.37,57,2.22,10000
2025,10,24,2,0,16.38,42.1,969.64,59,2.32,10000
2025,10,24,3,0,16.15,43,969.82,62,2.52,10000
2025,10,24,4,0,16.92,41.8,969.79,65,2.68,10000
2025,10,24,5,0,17.22,40.8,969.9,67,3.14,10000
2025,10,24,6,0,21.62,33.9,970.17,67,3.12,10000
2025,10,24,7,0,23.77,32.5,970.74,70,2.05,10000
2025,10,24,8,0,25.1,31.1,970.49,83,1.03,10000
2025,10,24,9,0,29.61,22.9,970.2,356,0.25,10000
2025,10,24,10,0,30.22,20.9,969.76,296,0.82,10000
2025,10,24,11,0,31.44,17,968.96,295,1.45,10000
2025,10,24,12,2,31.55,16.6,968.54,301,1.68,10000
2025,10,24,13,6,31.59,16.1,968.11,302,1.64,10000
2025,10,24,14,8,31.21,16.5,967.97,293,1.45,10000
2025,10,24,15,9,28.55,20.4,967.89,291,1.32,10000
2025,10,24,16,6,27.97,20.7,967.96,321,1.54,10000
2025,10,24,17,7,26.73,22.6,968.12,32,1.44,10000
2025,10,24,18,6,24.02,25.7,968.01,63,1.26,10000
2025,10,24,19,5,23.46,25.6,967.94,66,1.65,10000
2025,10,24,20,5,22.72,25.9,967.99,65,2.08,10000
2025,10,24,21,5,22.34,25.8,967.82,69,2.38,10000
2025,10,24,22,5,22.55,26.5,967.65,70,3.02,10000
2025,10,24,23,0,21.46,28.8,967.32,75,3.35,10000
2025,10,24,24,1,21.41,28,967.31,78,3.42,10000
2025,10,25,1,3,21.43,27.8,966.9,77,3.41,10000
2025,10,25,2,5,21.4,26.8,966.95,75,3.49,10000
2025,10,25,3,5,20.75,27.7,966.77,75,3.73,10000
2025,10,25,4,3,21.04,27.6,966.73,76,3.77,10000
2025,10,25,5,1,20.89,27.6,966.83,78,3.89,10000
2025,10,25,6,1,23.99,25.3,966.99,81,4.03,10000
2025,10,25,7,0,25.56,26,966.96,91,3.21,10000
2025,10,25,8,0,26.69,24.8,966.72,124,2.89,10000
2025,10,25,9,0,31.37,17.9,966.36,182,2.97,10000
2025,10,25,10,0,31.71,17.1,966.14,210,3.45,10000
2025,10,25,11,1,33.33,15.1,965.1,223,3.77,10000
2025,10,25,12,0,33.14,15.6,964.78,230,3.77,10000
2025,10,25,13,0,32.88,15.5,964.34,238,3.7,10000
2025,10,25,14,0,32.55,15.5,964.52,251,3.62,10000
2025,10,25,15,0,29.63,18.2,964.54,264,2.49,10000
2025,10,25,16,0,27.52,20.7,964.65,269,2.21,10000
2025,10,25,17,0,26.1,23,964.95,274,2.21,10000
2025,10,25,18,0,23.23,27.3,965.08,278,2.32,10000
2025,10,25,19,0,22.87,27.5,965.23,280,2.43,10000
2025,10,25,20,0,22.72,27.1,965.53,283,2.59,10000
2025,10,25,21,0,21.57,28.2,965.98,290,2.51,10000
2025,10,25,22,0,21.12,29.4,966.05,301,2.49,10000
2025,10,25,23,0,19.11,33.9,966.54,314,2.63,10000
2025,10,25,24,0,19.64,32.4,966.38,337,1.92,10000
2025,10,26,1,0,19.32,32.9,966.35,346,1.29,10000
2025,10,26,2,0,19.38,32.4,966.36,353,1.04,10000
2025,10,26,3,2,17.95,36.8,966.63,1,0.71,10000
2025,10,26,4,0,18.34,36.6,966.86,3,0.58,10000
2025,10,26,5,0,16.79,41.1,967.63,29,0.49,10000
2025,10,26,6,0,20.85,35,968.13,69,0.3,10000
2025,10,26,7,0,21.72,36.3,968.33,243,0.36,10000
2025,10,26,8,0,22.78,37.1,968.25,239,1.21,10000
2025,10,26,9,0,26.93,34.5,968.37,250,2.82,10000
2025,10,26,10,0,27.24,34.3,968.26,254,4.17,10000
2025,10,26,11,0,28.1,31.9,967.52,259,4.44,10000
2025,10,26,12,0,28.27,31.9,967.04,262,4.58,10000
2025,10,26,13,0,28.11,32,967.06,269,4.95,10000
2025,10,26,14,0,27.86,32.9,966.84,269,4.63,10000
2025,10,26,15,1,25.68,37.1,966.95,268,3.66,10000
2025,10,26,16,3,25.5,37.3,967.62,267,2.73,10000
2025,10,26,17,2,24.66,38.9,968.09,263,1.89,10000
2025,10,26,18,1,22.35,43.5,968.21,245,1.78,10000
2025,10,26,19,1,22.07,44,968.45,235,1.83,10000
2025,10,26,20,1,21.66,43.2,968.47,234,1.8,10000
2025,10,26,21,1,20.36,45,968.84,238,2.14,10000
2025,10,26,22,2,20.33,43.1,968.55,232,1.56,10000
2025,10,26,23,2,20.62,41,968.77,236,0.3,10000
2025,10,26,24,2,20,42.3,968.94,55,0.55,10000
2025,10,27,1,1,19.5,42.9,968.49,79,0.87,10000
2025,10,27,2,1,18.79,45.9,968.78,79,1.17,10000
2025,10,27,3,0,16.89,51.6,968.96,75,1.19,10000
2025,10,27,4,0,16.83,51.7,969.44,78,1.24,10000
2025,10,27,5,0,17.52,49.7,969.95,82,1.37,10000
2025,10,27,6,0,22.02,40.9,970.6,96,1.32,10000
2025,10,27,7,0,23.19,39.1,970.97,161,0.63,10000
2025,10,27,8,0,23.88,39.8,971.22,248,0.99,10000
2025,10,27,9,0,27.82,34.5,971.01,270,2.06,10000
2025,10,27,10,0,27.98,35.1,970.54,278,2.9,10000
2025,10,27,11,0,28.94,31.2,969.84,288,3.68,10000
2025,10,27,12,0,29.12,30.3,969.52,291,3.85,10000
2025,10,27,13,0,29.03,29.7,969.44,294,3.87,10000
2025,10,27,14,0,26.31,37.1,969.22,296,3.69,10000
2025,10,27,15,0,26.62,35,969.5,294,2.5,10000
2025,10,27,16,0,23.55,40.2,969.74,293,1.97,10000
2025,10,27,17,0,22.54,41.8,970.16,297,2.03,10000
2025,10,27,18,0,21.82,43.9,970.39,310,2.16,10000
2025,10,27,19,0,21.42,44.3,970.35,330,2.31,10000
2025,10,27,20,0,21.33,43.9,970.49,353,2.14,10000
2025,10,27,21,0,20.13,45.7,970.54,14,1.77,10000
2025,10,27,22,0,19.97,45.8,970.27,28,1.62,10000
2025,10,27,23,0,18.13,48.1,970.03,36,1.52,10000
2025,10,27,24,0,17.7,48.9,970.42,46,1.54,10000
2025,10,28,1,0,17.13,51,969.68,51,1.59,10000
2025,10,28,2,0,16.67,53.2,969.72,56,1.64,10000
2025,10,28,3,0,16.16,55.1,969.94,57,1.76,10000
2025,10,28,4,0,16.96,52.7,970.02,57,1.89,10000
2025,10,28,5,0,17.02,51.4,970.22,56,2.38,10000
2025,10,28,6,0,21.26,43.5,970.58,55,2.42,10000
2025,10,28,7,0,22.68,41.8,970.71,43,1.57,10000
2025,10,28,8,0,23.58,40.9,970.7,358,1.72,10000
2025,10,28,9,0,27.81,33.4,970.52,328,2.45,10000
2025,10,28,10,0,28.09,32.2,970.01,315,2.89,10000
2025,10,28,11,0,29.47,26.4,968.79,313,3.52,10000
2025,10,28,12,0,29.72,25,968.73,307,3.51,10000
2025,10,28,13,0,29.58,25.1,968.49,304,3.5,10000
2025,10,28,14,0,29.4,25.3,968.25,302,3.39,10000
2025,10,28,15,0,26.92,28.4,968.46,297,2.26,10000
2025,10,28,16,0,24.94,31.6,968.4,299,2.07,10000
2025,10,28,17,0,23.72,34.8,969.02,310,2.13,10000
2025,10,28,18,0,20.46,40.2,969.07,332,2.42,10000
2025,10,28,19,0,20.41,40.4,968.87,8,2.15,10000
2025,10,28,20,0,20.35,39.7,968.89,38,1.51,10000
2025,10,28,21,0,18.86,41.5,968.94,55,1.41,10000
2025,10,28,22,0,18.3,42.9,968.83,61,1.62,10000
2025,10,28,23,0,16.63,45.5,968.75,61,1.93,10000
2025,10,28,24,0,16.52,45.5,969.01,60,2.29,10000
2025,10,29,1,0,16.37,46.5,968.74,57,2.43,10000
2025,10,29,2,0,16.16,45.8,968.76,58,2.51,10000
2025,10,29,3,0,15.42,47.1,968.67,58,2.65,10000
2025,10,29,4,0,16.16,44.9,969.03,61,2.77,10000
2025,10,29,5,0,16.25,44.4,968.89,63,3.06,10000
2025,10,29,6,0,21.01,37.1,969.37,65,3,10000
2025,10,29,7,0,22.74,36.5,969.61,68,1.98,10000
2025,10,29,8,0,24.45,33.9,969.2,89,1.24,10000
2025,10,29,9,2,28.71,25.6,969.09,129,0.59,10000
2025,10,29,10,3,29.39,23.9,968.35,213,0.66,10000
2025,10,29,11,5,30.88,19.8,967.28,250,1.71,10000
2025,10,29,12,8,30.94,19.6,966.68,252,1.96,10000
2025,10,29,13,9,31.08,19,966.52,249,1.99,10000
2025,10,29,14,10,30.83,18.8,966.19,236,1.87,10000
2025,10,29,15,9,27.25,23.4,966.08,223,1.66,10000
2025,10,29,16,6,26.35,24.4,966.28,216,2.2,10000
2025,10,29,17,1,26.55,23.3,966.6,220,2.21,10000
2025,10,29,18,0,24.64,26.1,966.93,236,1.89,10000
2025,10,29,19,0,24.01,26.5,966.99,271,1.2,10000
2025,10,29,20,0,22.47,28.2,967.18,7,0.72,10000
2025,10,29,21,0,20.93,30.1,967.1,33,1.11,10000
2025,10,29,22,0,20.46,30.9,967,54,1.19,10000
2025,10,29,23,0,18.43,34.9,967.18,66,1.31,10000
2025,10,29,24,0,17.33,38.2,967.15,66,1.69,10000
2025,10,30,1,0,16.09,40.6,967.24,66,1.84,10000
2025,10,30,2,0,15.94,40,967.01,66,1.84,10000
2025,10,30,3,0,15.01,43.4,967.42,65,1.86,10000
2025,10,30,4,0,15.33,42.2,967.65,65,1.86,10000
2025,10,30,5,0,15.57,41.5,968.07,63,2.04,10000
2025,10,30,6,0,20.03,33.5,968.69,58,2.15,10000
2025,10,30,7,0,22.48,30,969.17,43,1.24,10000
2025,10,30,8,0,24.05,28.8,969,339,1.27,10000
2025,10,30,9,0,28.38,24.1,968.93,308,1.99,10000
2025,10,30,10,0,28.8,22.5,968.51,299,2.21,10000
2025,10,30,11,0,30.12,17.4,968.1,297,2.67,10000
2025,10,30,12,0,30.19,16.9,967.69,295,3.04,10000
2025,10,30,13,0,30.17,16.5,967.74,294,3.33,10000
2025,10,30,14,0,29.62,17.2,967.95,296,3.39,10000
2025,10,30,15,0,26.52,19.9,968.15,292,2.4,10000
2025,10,30,16,0,24.56,22.3,968.57,294,2.41,10000
2025,10,30,17,0,23.45,23.7,968.94,305,2.39,10000
2025,10,30,18,0,20.43,27.7,969.46,326,2.28,10000
2025,10,30,19,0,20.01,27.3,969.65,353,2.15,10000
2025,10,30,20,0,19.74,26.5,970.04,18,1.85,10000
2025,10,30,21,0,18.06,27.4,970.11,35,1.85,10000
2025,10,30,22,0,17.4,27.8,970.18,44,1.95,10000
2025,10,30,23,0,16.35,32,970.06,52,2.19,10000
2025,10,30,24,0,15.95,31.8,970.14,54,2.85,10000
2025,10,31,1,0,16.32,30.4,970.1,54,3.34,10000
2025,10,31,2,0,16.49,30.9,970.19,55,3.68,10000
2025,10,31,3,0,16.15,32.9,970.18,56,3.95,10000
2025,10,31,4,0,16.31,34.3,970.37,56,4.1,10000
2025,10,31,5,0,16.38,33.5,970.79,56,4.42,10000
2025,10,31,6,0,20.68,28.7,971.43,57,4.69,10000
2025,10,31,7,0,22.13,27.5,971.71,59,4.2,10000
2025,10,31,8,0,23.99,25.5,971.37,63,3.9,10000
2025,10,31,9,0,28.03,20,971.28,69,3.21,10000
2025,10,31,10,0,28.51,18.3,970.5,70,1.98,10000
2025,10,31,11,0,30.55,14.4,969.68,35,0.86,10000
2025,10,31,12,0,30.67,13.7,969.35,344,0.94,10000
2025,10,31,13,0,30.64,13.3,969.25,322,1.27,10000
2025,10,31,14,0,30.73,11.9,968.9,317,1.61,10000
2025,10,31,15,0,25.42,17.9,969.07,312,2.05,10000
2025,10,31,16,0,22.87,21.1,969.15,321,2.22,10000
2025,10,31,17,0,22.18,22.1,969.4,337,2.17,10000
2025,10,31,18,0,18.46,24.2,969.96,352,2.02,10000
2025,10,31,19,0,18.05,23.7,969.98,5,1.81,10000
2025,10,31,20,0,17.91,22.5,970.14,19,1.54,10000
2025,10,31,21,0,16.66,22.8,969.81,30,1.21,10000
2025,10,31,22,0,15.79,23.8,969.65,40,1.28,10000
2025,10,31,23,0,13.88,25.1,969.78,53,1.67,10000
2025,10,31,24,0,12.89,25,969.98,59,2.01,10000
2025,11,1,1,0,11.85,26.7,969.63,60,2.28,10000
2025,11,1,2,0,11.8,26.3,969.92,62,2.43,10000
2025,11,1,3,0,11.82,26.4,969.89,64,2.64,10000
2025,11,1,4,0,12.2,26.8,970.19,68,2.85,10000
2025,11,1,5,0,12.49,26.6,970.58,68,3.01,10000
2025,11,1,6,0,17.2,22.8,970.94,67,3,10000
2025,11,1,7,0,19.23,22.7,971.31,74,1.75,10000
2025,11,1,8,0,21.54,21.7,971.06,113,0.9,10000
2025,11,1,9,0,26.25,17.6,970.7,200,0.89,10000
2025,11,1,10,0,26.77,17.6,970.13,233,1.68,10000
2025,11,1,11,0,28.87,13.6,969.4,247,2.21,10000
2025,11,1,12,0,29.02,12.9,968.89,247,2.43,10000
2025,11,1,13,0,28.81,13,969.16,249,2.65,10000
2025,11,1,14,0,28.6,13.1,969.01,255,2.87,10000
2025,11,1,15,0,24.22,17.1,969.54,255,2.05,10000
2025,11,1,16,0,21.68,20.5,969.61,258,2.23,10000
2025,11,1,17,0,20.32,22.4,970.07,264,2.67,10000
2025,11,1,18,0,18.92,23.4,970.42,273,2.54,10000
2025,11,1,19,0,19.77,22.6,970.69,297,1.52,10000
2025,11,1,20,0,19.69,21.9,970.94,6,0.6,10000
2025,11,1,21,1,17.02,26.1,970.85,53,0.84,10000
2025,11,1,22,3,15.13,29.9,970.83,72,0.97,10000
2025,11,1,23,1,13.86,30.3,970.86,81,1.24,10000
2025,11,1,24,0,12.96,33.6,970.87,78,1.5,10000
2025,11,2,1,0,12.31,33.5,970.8,76,1.5,10000
2025,11,2,2,0,11.53,34.8,971.08,74,1.49,10000
2025,11,2,3,0,10.15,36.7,970.76,73,1.64,10000
2025,11,2,4,0,10.69,35.2,971.11,75,1.95,10000
2025,11,2,5,0,11.02,33.9,971.45,75,2.42,10000
2025,11,2,6,0,17.5,24.3,971.94,77,2.83,10000
2025,11,2,7,0,19.31,23.2,972.34,84,1.91,10000
2025,11,2,8,0,21.48,21.6,972.36,117,0.89,10000
2025,11,2,9,0,25.77,17.1,972.06,229,0.81,10000
2025,11,2,10,0,26.12,17,971.72,260,1.7,10000
2025,11,2,11,0,28.12,12.7,970.97,276,2.48,10000
2025,11,2,12,0,28.38,12.2,970.61,277,2.79,10000
2025,11,2,13,0,27.95,12.3,970.5,278,2.92,10000
2025,11,2,14,0,27.7,12.2,970.43,277,2.9,10000
2025,11,2,15,0,23.84,15,970.45,269,2.17,10000
2025,11,2,16,0,21.06,17.9,970.8,270,2.33,10000
2025,11,2,17,0,19.65,19.1,971.2,281,2.29,10000
2025,11,2,18,0,16.75,22.3,972.04,299,2.67,10000
2025,11,2,19,0,17.49,20.9,972.13,331,2.49,10000
2025,11,2,20,0,16.95,21.4,972.71,12,2.08,10000
2025,11,2,21,1,15.99,21,972.86,38,1.61,10000
2025,11,2,22,2,14.21,23.2,972.5,54,1.86,10000
2025,11,2,23,1,12.27,27.5,972.16,61,2.11,10000
2025,11,2,24,0,11.91,27.4,972.14,62,2.52,10000
2025,11,3,1,0,11.91,28.1,972.2,64,2.57,10000
2025,11,3,2,0,11.9,27.2,972.12,63,2.57,10000
2025,11,3,3,0,11.94,25,972.48,61,2.73,10000
2025,11,3,4,0,12.63,23.2,972.83,59,2.97,10000
2025,11,3,5,0,12.65,22.2,973.26,58,3.23,10000
2025,11,3,6,0,17.84,18.4,973.79,55,3.53,10000
2025,11,3,7,0,19.33,18.9,974.04,49,2.72,10000
2025,11,3,8,1,22.14,20,973.96,39,2.46,10000
2025,11,3,9,2,26.83,15,973.75,38,2.72,10000
2025,11,3,10,1,27.53,15.1,973.03,32,2.43,10000
2025,11,3,11,1,29.68,12.5,972.08,20,2.32,10000
2025,11,3,12,1,29.95,11.9,971.68,1,2.26,10000
2025,11,3,13,0,29.91,12,971.56,349,2.43,10000
2025,11,3,14,0,29.85,10.6,971.42,334,2.54,10000
2025,11,3,15,0,24.4,18,971.65,322,2.5,10000
2025,11,3,16,0,23.11,18.2,971.61,329,2.77,10000
2025,11,3,17,0,22.34,18,971.98,343,2.83,10000
2025,11,3,18,0,19.19,19,972.1,357,2.85,10000
2025,11,3,19,0,18.64,18.8,972.37,8,2.79,10000
2025,11,3,20,0,18.63,16.9,972.22,20,2.8,10000
2025,11,3,21,0,17.18,17.2,971.85,30,3.01,10000
2025,11,3,22,1,16.64,17.3,971.51,39,3.27,10000
2025,11,3,23,0,15.82,17,971.25,44,3.29,10000
2025,11,3,24,0,15.28,17.1,971.29,47,3.51,10000
2025,11,4,1,0,14.86,18.1,970.84,49,3.65,10000
2025,11,4,2,0,14.33,18.8,970.8,50,3.73,10000
2025,11,4,3,0,13.77,21.1,970.76,51,3.81,10000
2025,11,4,4,0,14.11,22.5,970.77,52,3.85,10000
2025,11,4,5,0,14.41,22.2,971.3,54,4.02,10000
2025,11,4,6,0,18.9,17.9,971.34,53,4.16,10000
2025,11,4,7,0,20.64,19.2,971.76,51,3.33,10000
2025,11,4,8,0,22.84,18.3,971.61,48,2.75,10000
2025,11,4,9,0,27.67,12.4,971.19,45,2.17,10000
2025,11,4,10,0,28.14,12.1,970.77,28,1.39,10000
2025,11,4,11,0,30,9.7,970.07,345,0.87,10000
2025,11,4,12,0,30.1,9.3,969.45,317,1.35,10000
2025,11,4,13,0,30.04,9.1,969.57,309,1.75,10000
2025,11,4,14,0,29.92,8.1,969.37,301,2.06,10000
2025,11,4,15,0,27.04,10.7,969.52,296,2.19,10000
2025,11,4,16,0,19.92,17.3,970.05,307,2.34,10000
2025,11,4,17,0,17.96,17.9,970.14,336,2.47,10000
2025,11,4,18,0,17.93,18.3,970.47,13,1.96,10000
2025,11,4,19,0,17.39,19.8,970.66,35,1.58,10000
2025,11,4,20,0,17.17,18.7,970.98,45,1.47,10000
2025,11,4,21,0,16.15,19.4,971.07,48,1.48,10000
2025,11,4,22,0,15.7,19.1,971.05,52,1.63,10000
2025,11,4,23,0,14.5,18.8,971.25,58,2.22,10000
2025,11,4,24,0,14.31,18.1,971.23,62,2.69,10000
2025,11,5,1,0,14.48,16.6,970.79,64,3.05,10000
2025,11,5,2,1,14.74,15.1,970.71,65,3.15,10000
2025,11,5,3,1,13.82,16.1,970.77,66,3.15,10000
2025,11,5,4,0,14.52,14.3,970.91,66,2.99,10000
2025,11,5,5,0,14.9,14.4,971.43,68,3.04,10000
2025,11,5,6,1,19.03,12.3,971.73,70,3.18,10000
2025,11,5,7,3,20.92,14.7,972.23,75,2.22,10000
2025,11,5,8,4,22.89,15.2,972.09,98,1.39,10000
2025,11,5,9,8,27.2,11.8,972.15,170,0.56,10000
2025,11,5,10,8,27.8,12,971.46,248,1.17,10000
2025,11,5,11,7,29.57,10.3,970.58,263,1.62,10000
2025,11,5,12,0,29.85,10.4,970.1,270,2.05,10000
2025,11,5,13,0,29.69,10.8,970.09,273,2.27,10000
2025,11,5,14,0,29.39,11,969.81,274,2.35,10000
2025,11,5,15,0,24.46,16.2,970.2,270,2.18,10000
2025,11,5,16,0,21.63,19.9,970.18,275,2.28,10000
2025,11,5,17,0,19.97,21.4,970.66,287,2.67,10000
2025,11,5,18,0,18.12,23.7,970.89,308,2.61,10000
2025,11,5,19,0,18.7,23,971.04,351,2.08,10000
2025,11,5,20,0,18.11,23.2,971.25,30,1.65,10000
2025,11,5,21,0,17.64,22.8,971.2,55,1.51,10000
2025,11,5,22,0,16.28,25.3,970.86,64,1.76,10000
2025,11,5,23,0,13.62,29.5,970.78,69,1.96,10000
2025,11,5,24,0,13.18,29.8,970.76,66,2.05,10000
2025,11,6,1,0,12.94,30.8,970.65,65,2.05,10000
2025,11,6,2,0,12.35,31.3,970.59,63,2.09,10000
2025,11,6,3,0,12.16,30.7,970.86,64,2.32,10000
2025,11,6,4,0,13.27,28.2,971.09,66,2.62,10000
2025,11,6,5,0,13.77,25.9,971.28,65,3,10000
2025,11,6,6,0,18.36,22.9,971.71,64,3.38,10000
2025,11,6,7,0,20.15,22.2,972,63,2.55,10000
2025,11,6,8,0,22.48,21.6,971.9,63,1.74,10000
2025,11,6,9,0,27.46,16.2,971.84,34,0.82,10000
2025,11,6,10,0,27.85,16.5,971.33,309,1.31,10000
2025,11,6,11,0,29.77,13.8,970.52,306,2.11,10000
2025,11,6,12,0,29.73,13.7,970.08,307,2.44,10000
2025,11,6,13,0,29.75,13.6,969.68,308,2.52,10000
2025,11,6,14,0,29.57,13.4,969.77,303,2.51,10000
2025,11,6,15,0,24.04,19.9,969.79,299,2.18,10000
2025,11,6,16,0,22.64,21.4,970.06,309,2.33,10000
2025,11,6,17,0,21.57,21.6,970.49,329,2.29,10000
2025,11,6,18,0,19.26,24.3,970.8,358,2.17,10000
2025,11,6,19,0,19.09,23.8,971.03,25,1.77,10000
2025,11,6,20,0,18.85,23.5,971.26,43,1.74,10000
2025,11,6,21,0,17.62,25,971.42,52,1.78,10000
2025,11,6,22,0,16.83,26.7,971.26,52,1.88,10000
2025,11,6,23,0,14.85,29,971.51,54,2.09,10000
2025,11,6,24,0,15.04,27.9,971.61,55,2.35,10000
2025,11,7,1,0,15.23,27.7,971.52,58,2.62,10000
2025,11,7,2,0,15.4,27.3,971.21,60,2.86,10000
2025,11,7,3,0,14.54,28.2,971.45,60,3.04,10000
2025,11,7,4,0,15.34,26.3,971.52,59,3.12,10000
2025,11,7,5,0,15.27,25.6,972.07,59,3.28,10000
2025,11,7,6,0,19.31,21.6,972.69,58,3.51,10000
2025,11,7,7,0,20.74,23.7,972.97,56,2.62,10000
2025,11,7,8,0,22.86,22.6,973.02,49,2.05,10000
2025,11,7,9,0,27.9,16.4,972.79,37,1.69,10000
2025,11,7,10,0,28.41,16.7,972.36,7,1.71,10000
2025,11,7,11,0,30.65,14.4,971.62,2,2.05,10000
2025,11,7,12,0,30.76,14.6,971.01,352,2.51,10000
2025,11,7,13,0,30.79,14.6,970.98,346,2.74,10000
2025,11,7,14,0,30.58,13.5,970.9,335,2.58,10000
2025,11,7,15,0,24.88,22.3,971.14,327,2.15,10000
2025,11,7,16,0,22.57,25.3,971.59,332,2.26,10000
2025,11,7,17,0,21.89,26.1,972.02,343,2.24,10000
2025,11,7,18,0,19.78,25.9,972.54,357,2.25,10000
2025,11,7,19,1,19.98,25.5,972.65,15,2.24,10000
2025,11,7,20,3,19.79,25,972.96,32,2.35,10000
2025,11,7,21,6,18.67,26.1,972.95,45,2.44,10000
2025,11,7,22,6,18.21,27.2,972.97,52,2.44,10000
2025,11,7,23,4,17.07,27.4,973.22,57,2.75,10000
2025,11,7,24,2,16.76,27.4,973.2,60,2.96,10000
2025,11,8,1,1,16.5,27.9,973.04,61,3.09,10000
2025,11,8,2,0,16.19,27.2,972.99,61,3.16,10000
2025,11,8,3,0,15.14,28.8,973.02,60,3.21,10000
2025,11,8,4,0,15.78,27,973.66,59,3.31,10000
2025,11,8,5,0,15.79,26.1,973.54,59,3.48,10000
2025,11,8,6,0,19.58,22.7,974.34,58,3.7,10000
2025,11,8,7,0,21.24,23.7,974.69,54,2.85,10000
2025,11,8,8,0,23.38,23.4,974.73,48,2.09,10000
2025,11,8,9,0,28.53,18.5,974.4,44,1.52,10000
2025,11,8,10,0,29.34,17.6,973.86,7,1.13,10000
2025,11,8,11,0,31.55,14.2,973.09,349,1.58,10000
2025,11,8,12,0,31.55,14,972.53,344,1.93,10000
2025,11,8,13,0,31.27,13.9,972.44,340,2,10000
2025,11,8,14,0,30.54,12.7,972.29,326,1.75,10000
2025,11,8,15,0,25.46,19.4,972.44,314,2.05,10000
2025,11,8,16,0,23.9,21.4,972.9,323,2.23,10000
2025,11,8,17,0,23.35,21.4,973.14,343,2.26,10000
2025,11,8,18,0,21.14,21.1,973.65,3,2.22,10000
2025,11,8,19,0,21.13,21.2,973.91,20,2.27,10000
2025,11,8,20,0,21.04,20.3,974.21,31,2.33,10000
2025,11,8,21,0,19.44,21.8,974.08,38,2.27,10000
2025,11,8,22,0,18.74,24.1,974.01,42,2.2,10000
2025,11,8,23,0,17.43,25.4,974.02,46,2.32,10000
2025,11,8,24,0,17.21,25.1,974.03,48,2.53,10000
2025,11,9,1,0,16.91,23.9,973.98,51,2.74,10000
2025,11,9,2,0,17,22.2,973.95,54,2.86,10000
2025,11,9,3,0,15.83,23.5,973.97,56,3,10000
2025,11,9,4,0,15.88,24.1,974.18,57,3.1,10000
2025,11,9,5,0,16.14,23.2,974.46,57,3.3,10000
2025,11,9,6,0,20.05,19.5,974.77,56,3.65,10000
2025,11,9,7,0,22.02,20.9,975.17,51,2.8,10000
2025,11,9,8,0,24.04,21.9,975.06,41,2.23,10000
2025,11,9,9,0,28.58,16.6,974.52,31,2.13,10000
2025,11,9,10,0,28.7,17,974.06,8,2.19,10000
2025,11,9,11,0,30.99,12.8,972.93,353,2.87,10000
2025,11,9,12,0,30.95,12.7,972.46,345,3.25,10000
2025,11,9,13,0,30.78,12.5,972.24,342,3.18,10000
2025,11,9,14,0,30.62,11.2,971.97,335,2.85,10000
2025,11,9,15,0,25.76,17.3,972.29,327,2.29,10000
2025,11,9,16,0,23.97,19.4,972.33,331,2.39,10000
2025,11,9,17,0,23.08,19.4,972.59,342,2.38,10000
2025,11,9,18,0,20.62,20.3,972.69,358,2.24,10000
2025,11,9,19,0,20.66,19.2,972.95,14,2.2,10000
2025,11,9,20,0,20.41,18.4,973.17,28,2.35,10000
2025,11,9,21,1,19.02,19.4,973.19,36,2.37,10000
2025,11,9,22,1,18.15,21.6,972.93,41,2.31,10000
2025,11,9,23,1,16.63,23.9,972.71,44,2.49,10000
2025,11,9,24,3,16.14,24.3,972.52,43,2.69,10000
2025,11,10,1,4,15.8,25.3,972.55,43,2.92,10000
2025,11,10,2,5,15.54,25.2,972.51,43,3.14,10000
2025,11,10,3,5,15.14,25.7,972.28,44,3.36,10000
2025,11,10,4,3,15.36,23.9,972.7,45,3.52,10000
2025,11,10,5,1,15.88,24.1,972.71,46,3.75,10000
2025,11,10,6,1,19.49,22.8,973.01,46,4.11,10000
2025,11,10,7,0,21.28,23.9,973.05,42,3.55,10000
2025,11,10,8,0,24.48,22.5,972.85,39,3.57,10000
2025,11,10,9,0,28.67,15.6,972.45,41,3.94,10000
2025,11,10,10,0,29.33,13.7,971.82,43,3.65,10000
2025,11,10,11,0,30.9,9.9,970.62,27,3.38,10000
2025,11,10,12,0,30.81,9.8,970.26,16,3.35,10000
2025,11,10,13,0,30.7,9.6,969.95,10,3.33,10000
2025,11,10,14,0,30.36,7.4,969.86,359,2.85,10000
2025,11,10,15,0,24.94,14.2,970.09,348,2.33,10000
2025,11,10,16,0,23.45,15.7,970.23,354,2.5,10000
2025,11,10,17,0,22.86,15.2,970.44,3,2.58,10000
2025,11,10,18,0,19.85,17,970.71,12,2.61,10000
2025,11,10,19,0,19.63,17.3,970.92,21,2.67,10000
2025,11,10,20,0,19.45,17.2,971.11,30,2.66,10000
2025,11,10,21,0,18.35,17.2,971.18,37,2.7,10000
2025,11,10,22,0,17.37,17.5,970.89,42,2.7,10000
2025,11,10,23,0,16.32,19,970.88,48,2.76,10000
2025,11,10,24,0,15.94,19.3,970.8,53,2.98,10000
2025,11,11,1,0,15.81,20.8,970.59,55,3.16,10000
2025,11,11,2,0,15.49,21.6,970.6,57,3.27,10000
2025,11,11,3,0,14.36,24.9,970.48,59,3.3,10000
2025,11,11,4,0,14.71,23.8,970.96,60,3.34,10000
2025,11,11,5,0,14.65,23.7,971.14,62,3.44,10000
2025,11,11,6,0,18.53,21,971.53,64,3.56,10000
2025,11,11,7,0,20.29,21.8,971.79,68,2.72,10000
2025,11,11,8,0,21.78,20,971.65,82,1.89,10000
2025,11,11,9,1,26.69,14.7,971.15,125,1.45,10000
2025,11,11,10,5,26.99,14.4,970.74,172,1.13,10000
2025,11,11,11,7,29.09,12.8,969.8,231,1,10000
2025,11,11,12,9,29.32,12,969.62,248,1.24,10000
2025,11,11,13,9,29.13,11.6,969.31,251,1.52,10000
2025,11,11,14,9,28.99,10.5,969.36,254,1.78,10000
2025,11,11,15,8,23.03,18.6,969.74,250,2.13,10000
2025,11,11,16,6,20.2,22,970.22,255,2.34,10000
2025,11,11,17,3,20.99,21.3,970.51,266,2.6,10000
2025,11,11,18,3,20.71,21,970.87,303,1.45,10000
2025,11,11,19,3,20.53,20.4,970.91,34,0.9,10000
2025,11,11,20,3,17.91,22.9,971.14,63,1.12,10000
2025,11,11,21,3,16.26,24.4,971.19,75,1.49,10000
2025,11,11,22,2,14.73,26.4,971.17,74,1.9,10000
2025,11,11,23,0,12.96,28.1,971.25,74,2.09,10000
2025,11,11,24,0,13.51,29.1,971.29,77,2.38,10000
2025,11,12,1,0,14.27,27.6,971.27,80,2.63,10000
2025,11,12,2,1,14.03,26.3,971.1,82,2.74,10000
2025,11,12,3,4,13.85,25.6,971.19,84,2.74,10000
2025,11,12,4,8,13.96,23.9,971.71,85,2.73,10000
2025,11,12,5,8,14.38,22.5,972.41,87,2.78,10000
2025,11,12,6,5,17.9,20.7,972.77,90,3.26,10000
2025,11,12,7,1,19.8,21.6,973.28,101,2.59,10000
2025,11,12,8,0,20.91,22.1,973.4,138,2.22,10000
2025,11,12,9,0,25.61,17.2,973.07,174,2.31,10000
2025,11,12,10,0,26.16,16.5,973.06,196,2.38,10000
2025,11,12,11,0,27.79,14.8,971.84,216,2.38,10000
2025,11,12,12,0,27.7,14.4,971.41,228,2.42,10000
2025,11,12,13,0,27.58,14.3,971.63,233,2.38,10000
2025,11,12,14,0,27.26,14.2,971.56,238,2.29,10000
2025,11,12,15,0,25.15,16.9,972.1,237,2.12,10000
2025,11,12,16,0,20.67,24.1,972.26,234,2.53,10000
2025,11,12,17,1,20.54,22.9,972.95,217,1.84,10000
2025,11,12,18,0,20.17,23.2,973.2,154,1.07,10000
2025,11,12,19,0,16.61,27.2,973.64,106,0.89,10000
2025,11,12,20,0,16.27,26.2,973.86,90,1.2,10000
2025,11,12,21,10,14.51,28.5,974.04,82,1.56,10000
2025,11,12,22,10,14.22,28.2,974.19,78,2.07,10000
2025,11,12,23,10,13.06,33,974.16,78,2.49,10000
2025,11,12,24,5,13.67,31.6,974.33,81,2.9,10000
2025,11,13,1,8,14.14,30.5,974.27,82,3.01,10000
2025,11,13,2,10,14.56,29.7,974.15,82,3.12,10000
2025,11,13,3,10,13.69,30.3,974.43,83,3.21,10000
2025,11,13,4,10,14.13,29.9,974.44,83,3.25,10000
2025,11,13,5,10,14.29,29,975.12,81,3.25,10000
2025,11,13,6,10,17.26,25.8,975.44,82,3.48,10000
2025,11,13,7,9,18.48,27.3,975.58,86,2.82,10000
2025,11,13,8,10,20.47,26.2,975.42,103,2.29,10000
2025,11,13,9,10,24.74,20.5,975.11,139,2.48,10000
2025,11,13,10,9,25.24,19.8,974.3,160,2.88,10000
2025,11,13,11,10,26.66,16.6,973.86,155,2.59,10000
2025,11,13,12,9,26.79,15.6,972.75,160,2.78,10000
2025,11,13,13,9,26.76,15.1,972.64,166,3.16,10000
2025,11,13,14,9,26.39,14.5,972.41,175,2.98,10000
2025,11,13,15,9,22.15,19.3,972.21,181,2.04,10000
2025,11,13,16,9,20.15,21.9,972.55,173,2.04,10000
2025,11,13,17,8,19.69,21.8,972.69,158,2.01,10000
2025,11,13,18,9,17.87,23.5,972.86,135,2.01,10000
2025,11,13,19,10,17.89,22.3,972.8,115,2.08,10000
2025,11,13,20,8,18.12,21.2,972.82,103,2.4,10000
2025,11,13,21,7,16.98,22.2,972.72,98,2.74,10000
2025,11,13,22,4,17.31,21.2,972.51,95,2.96,10000
2025,11,13,23,3,15.23,24.6,972.45,94,3.29,10000
2025,11,13,24,2,15.4,23.9,972.28,92,3.5,10000
2025,11,14,1,3,15.54,23.6,971.95,91,3.61,10000
2025,11,14,2,2,15.53,23.7,971.7,90,3.63,10000
2025,11,14,3,0,15.22,24.7,971.53,89,3.74,10000
2025,11,14,4,0,15.41,24.9,971.66,88,3.88,10000
2025,11,14,5,0,15.47,24.9,971.84,90,4,10000
2025,11,14,6,0,18.33,23.2,972.3,96,4.29,10000
2025,11,14,7,0,19.62,23.8,972.33,108,3.92,10000
2025,11,14,8,0,20.88,23.5,972.18,133,4.76,10000
2025,11,14,9,0,25.29,20.5,971.66,152,5.79,10000
2025,11,14,10,0,25.43,21.4,970.73,155,5.83,10000
2025,11,14,11,0,26.21,20.4,969.57,154,5.89,10000
2025,11,14,12,0,26.22,20.2,968.8,157,5.71,10000
2025,11,14,13,0,26.16,19.8,968.61,162,5.68,10000
2025,11,14,14,1,25.78,19.6,968.41,162,5,10000
2025,11,14,15,2,23.9,21.9,968.41,149,3.71,10000
2025,11,14,16,4,22.76,23.6,968.46,139,3.7,10000
2025,11,14,17,10,22.18,24.5,968.55,136,3.96,10000
2025,11,14,18,10,21.22,28,968.56,135,4.15,10000
2025,11,14,19,8,21.18,29.8,969,133,3.83,10000
2025,11,14,20,8,21.03,31.9,968.93,125,3.31,10000
2025,11,14,21,7,19.94,39.3,969.21,115,3.31,10000
2025,11,14,22,8,19.78,40.3,969.15,100,3.08,10000
2025,11,14,23,9,18.78,42.1,968.56,103,2.66,10000
2025,11,14,24,9,19,40.4,968.21,79,1.95,10000
2025,11,15,1,9,18.02,47.8,968.16,64,2.45,10000
2025,11,15,2,9,17.14,55.8,967.68,89,3.4,10000
2025,11,15,3,8,16.86,63.6,967.79,129,4.77,10000
2025,11,15,4,9,16.98,65.1,967.97,142,6.17,10000
2025,11,15,5,9,16.53,70.6,968.51,131,6.48,10000
2025,11,15,6,9,16,77.5,968.56,129,6.73,10000
2025,11,15,7,9,15.64,82.4,968.94,136,7.11,10000
2025,11,15,8,10,15.72,82.9,969.22,139,7.11,10000
2025,11,15,9,9,17.07,76.1,969.11,141,7.63,10000
2025,11,15,10,10,18.04,66,968.61,146,8.13,10000
2025,11,15,11,7,17.82,70,968.74,148,6.79,10000
2025,11,15,12,9,17.83,71.3,968.18,148,6.98,10000
2025,11,15,13,9,17.16,75.4,968.26,141,5.4,10000
2025,11,15,14,10,16.82,78.6,968.72,139,4.77,10000
2025,11,15,15,10,15.77,81.2,969.09,141,5.16,10000
2025,11,15,16,10,16.1,79.4,969.45,143,5.03,10000
2025,11,15,17,10,16.1,80.2,969.76,143,4.76,10000
2025,11,15,18,10,15.29,84.7,970.25,145,4.64,10000
2025,11,15,19,10,14.82,87.1,970.39,147,4.56,10000
2025,11,15,20,10,15.07,85.9,970.6,144,4.48,10000
2025,11,15,21,6,15,86.2,970.67,136,4.42,10000
2025,11,15,22,4,13.99,86.5,970.41,129,4.4,10000
2025,11,15,23,5,14.38,83.1,970.27,128,3.83,10000
2025,11,15,24,8,14.48,80.6,970.67,132,3.43,10000
2025,11,16,1,8,13.91,83,970.78,132,3.35,10000
2025,11,16,2,7,14,84.3,970.78,132,3.53,10000
2025,11,16,3,7,14.02,84.5,971.1,129,3.72,10000
2025,11,16,4,8,14.53,82.4,971.45,129,4,10000
2025,11,16,5,7,14.69,80.8,972.22,124,4.17,10000
2025,11,16,6,6,15.16,81,972.52,122,4.53,10000
2025,11,16,7,3,15.42,81.1,972.94,121,4.66,10000
2025,11,16,8,4,15.76,79.5,973.31,130,5.07,10000
2025,11,16,9,6,17.85,74,973.54,149,4.77,10000
2025,11,16,10,6,17.89,77.1,973.18,167,4.69,10000
2025,11,16,11,6,18.39,74.7,972.65,171,3.9,10000
2025,11,16,12,6,18.56,74.7,972.55,176,3.74,10000
2025,11,16,13,4,18.54,75.2,972.11,183,3.42,10000
2025,11,16,14,4,18.1,77.9,972.52,195,2.39,10000
2025,11,16,15,3,16.79,81.7,972.25,187,1.83,10000
2025,11,16,16,8,16.56,81.8,972.74,149,1.28,10000
2025,11,16,17,9,15.79,85,973.8,52,0.94,10000
2025,11,16,18,10,14.38,92.4,974.45,52,1.59,10000
2025,11,16,19,10,14.19,93.6,975.17,90,0.86,10000
2025,11,16,20,10,14.34,93.6,975.65,215,1.39,10000
2025,11,16,21,8,13.85,96.7,975.83,222,1.87,10000
2025,11,16,22,5,13.56,96.6,976.27,234,1.4,10000
2025,11,16,23,2,12.68,95.4,976.44,305,1.13,10000
2025,11,16,24,1,12.76,94.2,976.85,16,0.8,10000
2025,11,17,1,1,12.04,96.9,976.54,82,0.86,10000
2025,11,17,2,2,11.84,97.1,976.62,120,0.98,10000
2025,11,17,3,5,11.03,98.1,976.89,129,1.09,10000
2025,11,17,4,10,10.92,96,977.74,121,0.7,10000
2025,11,17,5,10,10.89,95.1,978.33,56,0.33,10000
2025,11,17,6,10,12.06,91.5,978.96,47,0.48,10000
2025,11,17,7,9,12.17,92,979.64,19,0.62,10000
2025,11,17,8,4,12.31,90.4,980.08,330,0.98,10000
2025,11,17,9,2,15.61,74.4,980.35,315,1.1,10000
2025,11,17,10,1,16.33,66.4,979.59,301,0.78,10000
2025,11,17,11,0,17.65,58,978.98,233,0.28,10000
2025,11,17,12,0,18.14,54.4,978.26,227,0.58,10000
2025,11,17,13,0,18.47,52.7,978.27,252,0.95,10000
2025,11,17,14,0,18.54,53.6,978.37,273,1.58,10000
2025,11,17,15,0,15.05,69.2,978.53,276,1.93,10000
2025,11,17,16,0,14.27,72.9,979.17,288,2.03,10000
2025,11,17,17,0,13.38,77.9,979.23,310,1.81,10000
2025,11,17,18,0,11.84,83.6,979.61,341,1.8,10000
2025,11,17,19,0,12.1,82.8,979.72,10,1.48,10000
2025,11,17,20,0,12.32,81.9,979.82,30,1.26,10000
2025,11,17,21,0,11.68,82.5,979.59,36,1.43,10000
2025,11,17,22,0,11.5,84.3,979.42,35,1.67,10000
2025,11,17,23,0,11.01,85.2,979.38,35,1.72,10000
2025,11,17,24,0,10.98,83,979.09,39,2.03,10000
2025,11,18,1,0,10.63,82.5,978.91,44,2.2,10000
2025,11,18,2,0,10.37,82.2,978.48,47,2.25,10000
2025,11,18,3,0,9.74,82.8,978.43,50,2.27,10000
2025,11,18,4,3,10.04,81.6,978.6,52,2.3,10000
2025,11,18,5,5,10.11,80.5,978.81,53,2.3,10000
2025,11,18,6,6,12.3,76.3,979.25,53,2.65,10000
2025,11,18,7,4,13.5,74.9,979.7,45,1.84,10000
2025,11,18,8,2,14.4,68.9,979.77,20,1.28,10000
2025,11,18,9,1,18.43,54.3,979.29,356,1.34,10000
2025,11,18,10,1,18.77,53.1,978.38,335,1.46,10000
2025,11,18,11,2,20.56,44.7,977.46,320,1.19,10000
2025,11,18,12,3,20.74,44.6,976.93,305,1.43,10000
2025,11,18,13,3,20.32,47,976.83,303,1.92,10000
2025,11,18,14,3,19.9,50,976.7,295,1.99,10000
2025,11,18,15,3,16,68.5,976.48,301,2.32,10000
2025,11,18,16,2,14.9,73.8,976.57,320,2.4,10000
2025,11,18,17,2,14.51,74.9,976.6,341,2.33,10000
2025,11,18,18,2,12.95,80,976.88,3,2.07,10000
2025,11,18,19,3,13.1,78.3,976.68,22,1.92,10000
2025,11,18,20,3,13.17,77,976.69,34,1.83,10000
2025,11,18,21,3,12.05,79.3,976.42,37,1.76,10000
2025,11,18,22,2,11.38,81.7,976.34,37,1.69,10000
2025,11,18,23,0,10.77,82.7,976.16,41,1.82,10000
2025,11,18,24,0,10.53,82.1,976.09,44,1.89,10000
2025,11,19,1,0,10.27,82,975.83,48,2.1,10000
2025,11,19,2,0,9.99,80.5,975.62,51,2.26,10000
2025,11,19,3,0,9.41,80.3,975.4,53,2.4,10000
2025,11,19,4,0,10.05,75.8,975.82,54,2.5,10000
2025,11,19,5,0,10.18,74.3,975.87,55,2.59,10000
2025,11,19,6,0,12.48,69,976.23,53,2.84,10000
2025,11,19,7,0,13.82,67.9,976.94,49,2.19,10000
2025,11,19,8,0,15.48,64.8,976.79,33,1.52,10000
2025,11,19,9,0,19.22,50.5,976.58,14,1.44,10000
2025,11,19,10,0,19.47,49.2,975.69,355,1.39,10000
2025,11,19,11,0,21.73,41,974.85,354,1.59,10000
2025,11,19,12,0,21.88,40.8,974.39,347,1.64,10000
2025,11,19,13,0,21.81,43,974.11,332,1.63,10000
2025,11,19,14,0,21.11,48.8,974.14,301,1.72,10000
2025,11,19,15,0,15.85,66.7,974.31,302,2.21,10000
2025,11,19,16,0,15.24,70.5,974.7,319,2.4,10000
2025,11,19,17,0,15.03,70.3,974.89,341,2.3,10000
2025,11,19,18,0,13.51,73.6,975.19,3,1.97,10000
2025,11,19,19,0,13.07,74.3,975.57,23,1.87,10000
2025,11,19,20,0,12.88,74.5,975.59,38,1.87,10000
2025,11,19,21,0,11.65,76.2,975.76,46,1.77,10000
2025,11,19,22,0,11.39,77.7,975.64,49,1.79,10000
2025,11,19,23,0,10.3,77.1,975.8,56,1.84,10000
2025,11,19,24,0,10.24,76,976.05,52,2.07,10000
2025,11,20,1,0,10.54,74.5,975.97,55,2.27,10000
2025,11,20,2,0,10.11,73.2,976.1,58,2.43,10000
2025,11,20,3,0,9.56,73,976.15,59,2.44,10000
2025,11,20,4,0,10.21,68.5,976.68,57,2.38,10000
2025,11,20,5,0,10.03,68.2,977.17,54,2.49,10000
2025,11,20,6,0,12.47,62.2,977.51,52,3.03,10000
2025,11,20,7,0,13.63,61.4,977.98,50,2.87,10000
2025,11,20,8,0,14.92,60.9,978.02,44,2.32,10000
2025,11,20,9,0,20.33,44.3,977.48,35,2.1,10000
2025,11,20,10,0,20.66,41.1,976.83,18,1.83,10000
2025,11,20,11,0,22.67,35.9,976.2,6,2.08,10000
2025,11,20,12,0,22.77,36.6,976.09,352,2.31,10000
2025,11,20,13,0,22.53,38.7,975.9,344,2.5,10000
2025,11,20,14,0,21.81,44,975.94,327,2.01,10000
2025,11,20,15,0,16.62,62.3,976.2,336,2.47,10000
2025,11,20,16,0,16,65.5,976.32,355,2.41,10000
2025,11,20,17,0,15.47,65.3,976.52,15,2.32,10000
2025,11,20,18,0,13.42,69.1,976.53,27,2.24,10000
2025,11,20,19,0,13.15,68.3,976.74,31,2.33,10000
2025,11,20,20,0,13.33,65.4,976.49,34,2.56,10000
2025,11,20,21,0,12.47,66.2,976.68,40,2.86,10000
2025,11,20,22,0,11.79,66.3,976.42,42,3.06,10000
2025,11,20,23,0,11.43,61.6,976.89,46,3.24,10000
2025,11,20,24,0,12.01,57.2,977.04,47,3.49,10000
2025,11,21,1,0,11.4,55.6,977.05,49,3.62,10000
2025,11,21,2,0,10.83,55,976.51,49,3.68,10000
2025,11,21,3,0,9.78,56.9,977.04,49,3.7,10000
2025,11,21,4,0,10.02,56,977.05,50,3.75,10000
2025,11,21,5,0,9.94,53.8,977.53,51,3.77,10000
2025,11,21,6,0,13.24,46.9,977.83,52,4.09,10000
2025,11,21,7,0,14.57,50.9,978.37,53,3.87,10000
2025,11,21,8,0,15.66,50.5,978.15,52,3.17,10000
2025,11,21,9,0,20.84,40.2,978.06,48,2.64,10000
2025,11,21,10,0,21.36,38.6,977.45,36,2.11,10000
2025,11,21,11,0,23.91,31.6,976.77,22,2.23,10000
2025,11,21,12,0,24.03,31.8,976.75,8,2.41,10000
2025,11,21,13,0,23.59,34.9,976.54,355,2.34,10000
2025,11,21,14,0,22.5,44.6,976.5,344,2.09,10000
2025,11,21,15,0,16.59,62,976.89,356,2.26,10000
2025,11,21,16,0,16.16,61.6,976.9,18,2.32,10000
2025,11,21,17,0,16.15,61.5,977.26,34,2.36,10000
2025,11,21,18,0,12.88,66.5,977.26,43,2.46,10000
2025,11,21,19,0,12.93,65.1,977.55,49,2.66,10000
2025,11,21,20,0,12.98,62.8,977.41,51,2.88,10000
2025,11,21,21,0,11.69,61.9,977.47,53,3.09,10000
2025,11,21,22,0,11.16,61.9,977.2,54,3.32,10000
2025,11,21,23,0,11.12,55.4,977.16,56,3.78,10000
2025,11,21,24,0,11.31,52.3,977.32,58,4.05,10000
2025,11,22,1,0,10.79,51.3,977.16,59,4.14,10000
2025,11,22,2,0,10.49,50.7,977.22,58,4.16,10000
2025,11,22,3,0,10.05,49,977.17,58,4.24,10000
2025,11,22,4,0,10.59,49,977.34,61,4.31,10000
2025,11,22,5,0,10.54,46.5,977.43,63,4.34,10000
2025,11,22,6,0,13.41,41.8,978.02,63,4.38,10000
2025,11,22,7,0,15.46,44.2,978.29,62,4.04,10000
2025,11,22,8,0,17.02,45.6,978.32,60,3.17,10000
2025,11,22,9,0,22,35.6,978.14,58,2.51,10000
2025,11,22,10,0,22.82,33.7,977.44,59,1.94,10000
2025,11,22,11,0,25.4,28.8,976.64,58,1.99,10000
2025,11,22,12,0,25.55,28.3,975.94,57,1.75,10000
2025,11,22,13,0,25.69,29.6,976,35,1.25,10000
2025,11,22,14,0,24.41,45.2,975.75,5,1.56,10000
2025,11,22,15,0,17.49,58.9,975.78,12,2.01,10000
2025,11,22,16,0,16.55,62.1,975.99,34,1.76,10000
2025,11,22,17,0,15.8,63.4,976.2,46,1.98,10000
2025,11,22,18,0,13.34,68.1,976.15,52,2.23,10000
2025,11,22,19,0,13.18,68.1,976.22,57,2.57,10000
2025,11,22,20,0,13,63.2,976.01,60,2.83,10000
2025,11,22,21,0,12.43,59.9,976.11,62,3.07,10000
2025,11,22,22,0,12.01,58.2,975.83,62,3.29,10000
2025,11,22,23,0,10.97,53.8,975.8,65,3.74,10000
2025,11,22,24,0,11.15,49.8,975.73,65,3.93,10000
2025,11,23,1,0,11.22,48.7,975.62,65,3.96,10000
2025,11,23,2,0,10.82,47.5,975.73,64,3.95,10000
2025,11,23,3,0,9.69,48.7,975.71,66,3.93,10000
2025,11,23,4,0,10.55,46.6,975.93,67,3.89,10000
2025,11,23,5,0,10.54,45.6,976.12,68,3.86,10000
2025,11,23,6,0,13.71,40.9,976.21,69,4.01,10000
2025,11,23,7,0,15.56,40.8,976.26,71,3.75,10000
2025,11,23,8,0,16.75,43.3,976.09,74,2.8,10000
2025,11,23,9,0,22.55,33.2,975.75,80,1.89,10000
2025,11,23,10,0,23.02,30.8,975.18,100,1.06,10000
2025,11,23,11,0,25.2,24.9,974.36,115,0.78,10000
2025,11,23,12,0,25.2,25,974.12,145,0.55,10000
2025,11,23,13,0,25.14,28.3,974.01,202,0.57,10000
2025,11,23,14,0,23.71,43.2,973.77,240,1.25,10000
2025,11,23,15,0,18.86,42.3,974.11,245,1.76,10000
2025,11,23,16,0,18.27,42.9,974.25,239,1.04,10000
2025,11,23,17,0,17.02,48.9,974.53,35,0.32,10000
2025,11,23,18,0,13.61,59,974.48,67,1.16,10000
2025,11,23,19,0,12.81,61.2,974.3,71,1.68,10000
2025,11,23,20,0,11.51,65.8,974.4,69,2.03,10000
2025,11,23,21,0,10.05,69.5,974,70,2.24,10000
2025,11,23,22,0,9.9,67.9,974.04,70,2.35,10000
2025,11,23,23,0,9.11,65.3,974.29,70,2.51,10000
2025,11,23,24,0,9.37,64.8,974.35,69,2.62,10000
2025,11,24,1,0,9.47,61.8,974.25,68,2.59,10000
2025,11,24,2,0,9.18,61.4,974.01,68,2.57,10000
2025,11,24,3,0,8.59,63.1,973.92,69,2.61,10000
2025,11,24,4,0,9.2,59.9,974.23,68,2.71,10000
2025,11,24,5,0,9.19,57.7,974.41,70,2.83,10000
2025,11,24,6,0,12.04,49.6,974.6,71,3.16,10000
2025,11,24,7,0,14.27,48.6,974.71,75,2.87,10000
2025,11,24,8,0,15.32,49.3,974.77,82,1.9,10000
2025,11,24,9,0,20.54,33.7,974.4,103,1.13,10000
2025,11,24,10,0,20.75,32.5,973.88,157,0.59,10000
2025,11,24,11,0,23.28,26.3,972.98,109,0.1,10000
2025,11,24,12,0,23.68,25.4,972.55,280,0.32,10000
2025,11,24,13,0,23.43,26.8,972.56,273,0.68,10000
2025,11,24,14,0,22.22,43.5,972.4,272,1.4,10000
2025,11,24,15,0,18.09,43.2,972.73,290,1.77,10000
2025,11,24,16,0,16.19,46.6,972.88,349,1.3,10000
2025,11,24,17,0,14.02,56.9,973.1,38,1.15,10000
2025,11,24,18,0,11.8,58.7,973.36,64,1.21,10000
2025,11,24,19,0,11.35,61.6,973.26,69,1.63,10000
2025,11,24,20,0,11.27,60.5,973.38,69,1.92,10000
2025,11,24,21,0,11.56,56.9,973.29,69,2.14,10000
2025,11,24,22,0,10.5,60.6,973.57,69,2.33,10000
2025,11,24,23,2,9.22,64.3,973.96,67,2.32,10000
2025,11,24,24,4,8.99,62.3,973.97,69,2.65,10000
2025,11,25,1,6,9.6,60.4,973.79,70,2.82,10000
2025,11,25,2,5,9.03,60.2,973.67,70,2.77,10000
2025,11,25,3,5,8.94,60,973.99,71,2.97,10000
2025,11,25,4,2,9.24,58.9,973.72,74,3.25,10000
2025,11,25,5,0,9.07,58.5,974.46,73,2.62,10000
2025,11,25,6,1,12.23,53.6,974.99,73,2.8,10000
2025,11,25,7,3,14.89,47.1,975.14,81,2.94,10000
2025,11,25,8,7,17.33,42,974.92,96,1.96,10000
2025,11,25,9,9,19.53,32.5,974.64,128,1.7,10000
2025,11,25,10,9,20.27,32,974.01,156,1.63,10000
2025,11,25,11,10,21.88,28.7,973.09,158,1.29,10000
2025,11,25,12,10,22.26,27.5,972.65,168,1.22,10000
2025,11,25,13,10,22.22,29.6,972.31,184,1.07,10000
2025,11,25,14,10,20.33,43.8,972.14,208,1.05,10000
2025,11,25,15,9,17.54,46.3,972.15,179,1.01,10000
2025,11,25,16,7,14.6,57.9,972.5,121,1.01,10000
2025,11,25,17,4,13.95,56.2,972.8,110,1.41,10000
2025,11,25,18,4,12.09,59.4,972.96,94,1.41,10000
2025,11,25,19,8,12.26,59.2,972.61,82,1.74,10000
2025,11,25,20,10,11.71,58.1,972.75,78,1.98,10000
2025,11,25,21,10,11.56,57.3,972.69,78,2.2,10000
2025,11,25,22,10,11.59,55.2,972.92,77,2.32,10000
2025,11,25,23,10,12.49,54.9,972.32,76,2.52,10000
2025,11,25,24,10,12.66,53,972.39,74,2.87,10000
2025,11,26,1,10,12.55,52.6,972.14,74,3.19,10000
2025,11,26,2,10,12.51,51.7,971.88,76,3.4,10000
2025,11,26,3,10,12.71,50.9,971.71,78,3.44,10000
2025,11,26,4,8,13.26,49.8,972.44,85,2.91,10000
2025,11,26,5,4,12.77,49.9,972.75,90,2.89,10000
2025,11,26,6,3,13.69,50,973.27,87,3.07,10000
2025,11,26,7,2,15.01,46.8,973.75,89,2.82,10000
2025,11,26,8,1,17.23,44.4,973.5,97,2.39,10000
2025,11,26,9,1,19.28,35.3,973.18,106,2.11,10000
2025,11,26,10,5,19.54,33.4,972.58,133,1.28,10000
2025,11,26,11,4,21.42,31.2,971.5,170,1.24,10000
2025,11,26,12,4,21.03,33.3,971.54,218,0.87,10000
2025,11,26,13,5,20.06,38.5,971.48,276,1.02,10000
2025,11,26,14,4,19.07,43.5,971.67,332,1,10000
2025,11,26,15,3,16.33,58.7,971.96,21,1.51,10000
2025,11,26,16,3,15.23,64.7,972.23,59,2.07,10000
2025,11,26,17,3,15.99,62.8,972.52,73,2.83,10000
2025,11,26,18,2,15.49,64.3,972.61,79,3.05,10000
2025,11,26,19,2,15.52,63,972.77,81,3.04,10000
2025,11,26,20,1,15.07,63.1,972.73,77,2.8,10000
2025,11,26,21,0,14.27,64.7,972.71,73,2.64,10000
2025,11,26,22,0,13.31,66.8,972.95,69,2.58,10000
2025,11,26,23,0,13.36,60.5,972.07,67,2.19,10000
2025,11,26,24,0,12.82,62.4,972.18,66,2.08,10000
2025,11,27,1,0,12.52,64.9,972.31,68,2.12,10000
2025,11,27,2,0,12.16,65.7,971.99,63,2.12,10000
2025,11,27,3,0,11.92,67.2,972.41,59,2.21,10000
2025,11,27,4,0,11.03,71.2,972.64,59,2.35,10000
2025,11,27,5,0,10.61,71.6,973.05,62,2.49,10000
2025,11,27,6,0,12.17,64.8,973.48,63,2.96,10000
2025,11,27,7,0,14.65,57.2,974.02,66,2.39,10000
2025,11,27,8,0,17.11,52,973.9,69,1.59,10000
2025,11,27,9,0,19.5,43.5,973.63,77,1.1,10000
2025,11,27,10,0,20.92,39.2,973.14,99,0.61,10000
2025,11,27,11,0,22.33,34.9,972.21,124,0.39,10000
2025,11,27,12,0,22.49,33.4,972.03,205,0.48,10000
2025,11,27,13,0,22.38,33.7,972.13,248,0.82,10000
2025,11,27,14,0,21.61,39.2,972.25,258,1.38,10000
2025,11,27,15,0,16.64,58.2,972.47,268,1.98,10000
2025,11,27,16,0,15.58,63.1,972.94,281,2.31,10000
2025,11,27,17,0,15.51,61.8,973.49,314,2.07,10000
2025,11,27,18,0,13.76,65.1,973.72,360,1.54,10000
2025,11,27,19,0,13.8,64.1,974.21,37,1.33,10000
2025,11,27,20,0,13.49,65.4,974.31,61,1.21,10000
2025,11,27,21,0,12.08,69.9,974.51,69,1.47,10000
2025,11,27,22,0,11.43,73,974.48,70,1.62,10000
2025,11,27,23,0,10.81,75,974.22,76,1.9,10000
2025,11,27,24,0,10.47,74.2,974.68,76,1.99,10000
2025,11,28,1,0,10.39,72.2,974.5,72,2.02,10000
2025,11,28,2,0,10.14,72.6,974.69,71,2.06,10000
2025,11,28,3,0,9.54,72.4,974.68,68,2.24,10000
2025,11,28,4,0,9.77,71.2,975,66,2.37,10000
2025,11,28,5,0,9.65,70.5,975.31,65,2.36,10000
2025,11,28,6,0,12.2,60,975.9,63,2.72,10000
2025,11,28,7,0,14.29,53.1,976.17,63,2.24,10000
2025,11,28,8,0,16.69,51.7,976.24,60,1.53,10000
2025,11,28,9,0,20.22,40.2,975.97,37,0.95,10000
2025,11,28,10,0,20.49,39,975.19,349,0.81,10000
2025,11,28,11,0,22.26,35.3,974.25,341,1.15,10000
2025,11,28,12,0,22.82,34.1,973.85,334,1.1,10000
2025,11,28,13,0,19.77,40.7,973.68,321,1.28,10000
2025,11,28,14,0,19.06,45.7,973.45,313,1.18,10000
2025,11,28,15,0,15.92,61.1,973.48,316,2.21,10000
2025,11,28,16,0,14.61,65.2,973.63,334,2.23,10000
2025,11,28,17,0,14.44,65.3,974.12,349,2,10000
2025,11,28,18,0,13.24,65.5,974.21,6,1.81,10000
2025,11,28,19,0,13.12,63.7,974.66,21,1.55,10000
2025,11,28,20,0,12.9,64.3,974.37,45,1.75,10000
2025,11,28,21,2,11.96,65.9,974.32,57,1.8,10000
2025,11,28,22,7,11.4,69.2,974.33,61,1.63,10000
2025,11,28,23,8,10.06,73.6,973.95,64,1.58,10000
2025,11,28,24,9,9.69,74.9,974.52,61,1.58,10000
2025,11,29,1,9,9.72,74,974.34,64,2.05,10000
2025,11,29,2,9,10.2,69.7,973.86,68,2.5,10000
2025,11,29,3,9,10.59,64.9,973.64,69,2.63,10000
2025,11,29,4,9,11.17,62,973.82,69,2.66,10000
2025,11,29,5,9,11.2,61.5,973.98,69,2.48,10000
2025,11,29,6,8,12.43,56.6,974.01,69,2.67,10000
2025,11,29,7,6,13.16,56.1,974.43,72,2.31,10000
2025,11,29,8,4,14.52,54.6,974.42,87,1.32,10000
2025,11,29,9,3,19.59,40.3,974.22,129,0.78,10000
2025,11,29,10,2,20.02,38.9,973.4,197,0.67,10000
2025,11,29,11,3,21.6,36.5,972.58,232,0.45,10000
2025,11,29,12,4,21.84,35,972.02,239,0.81,10000
2025,11,29,13,3,21.87,34.4,971.62,250,1,10000
2025,11,29,14,0,21.09,43,971.69,252,1.01,10000
2025,11,29,15,2,15.89,56.9,971.55,265,2.07,10000
2025,11,29,16,2,15.06,58.9,971.92,301,1.42,10000
2025,11,29,17,2,13.7,66.3,971.86,29,0.97,10000
2025,11,29,18,0,12.44,66.8,971.97,56,1.2,10000
2025,11,29,19,2,11.91,69.8,972.08,67,1.33,10000
2025,11,29,20,1,11.97,70.8,972.31,66,1.65,10000
2025,11,29,21,1,11.59,70.6,972.23,66,1.87,10000
2025,11,29,22,0,12.05,67.7,972.44,67,2.2,10000
2025,11,29,23,0,11.49,66.4,972.1,72,2.5,10000
2025,11,29,24,0,11.62,64.1,972.43,69,2.65,10000
2025,11,30,1,1,11.78,61.3,972.01,72,2.88,10000
2025,11,30,2,1,11.7,58.5,971.5,77,3.08,10000
2025,11,30,3,1,10.84,59.7,971.48,76,2.95,10000
2025,11,30,4,1,10.83,59,971.91,74,2.88,10000
2025,11,30,5,0,10.94,58.1,972.28,73,3,10000
2025,11,30,6,0,11.64,57,972.29,74,3.49,10000
2025,11,30,7,0,18.04,41.7,972.63,79,3.29,10000
2025,11,30,8,0,19.3,39.3,972.31,87,2.58,10000
2025,11,30,9,0,20.46,34.3,972.02,110,2.62,10000
2025,11,30,10,1,21.18,30.7,971.13,128,2.63,10000
2025,11,30,11,0,22.77,25.5,970.29,134,2.42,10000
2025,11,30,12,1,23.07,24.6,969.56,141,2.54,10000
2025,11,30,13,2,23.23,23.3,969.43,148,2.62,10000
2025,11,30,14,3,22.26,28.7,969.45,163,1.63,10000
2025,11,30,15,4,18.46,38.4,969.71,160,2.34,10000
2025,11,30,16,5,16.89,43.6,969.57,127,2.12,10000
2025,11,30,17,6,17.12,38.3,969.89,108,1.93,10000
2025,11,30,18,6,16.37,39.3,969.79,100,2.27,10000
2025,11,30,19,5,16.11,37.9,969.8,101,2.81,10000
2025,11,30,20,4,16.09,38.1,969.56,104,2.95,10000
2025,11,30,21,4,15.96,38.7,970.07,108,2.63,10000
2025,11,30,22,3,15.85,39,970.02,104,2.69,10000
2025,11,30,23,5,16.59,37.5,969.53,97,2.68,10000
2025,11,30,24,4,16.5,37.6,969.13,86,2.86,10000
2025,12,1,1,6,15.03,42.7,968.54,83,3.16,10000
2025,12,1,2,4,15.24,41.7,968.43,88,3.29,10000
2025,12,1,3,3,15.29,41,968.19,96,3.31,10000
2025,12,1,4,2,15.09,43.1,968.5,102,3.11,10000
2025,12,1,5,2,15.28,43,969.21,106,2.79,10000
2025,12,1,6,2,16.72,39.6,969.51,115,2.98,10000
2025,12,1,7,0,17.75,38.4,970.02,134,2.91,10000
2025,12,1,8,0,18.48,36.1,970.23,165,3.57,10000
2025,12,1,9,0,22.08,29.7,970.08,183,3.78,10000
2025,12,1,10,0,22.04,29.9,969.69,197,3.34,10000
2025,12,1,11,0,22.47,28.9,968.99,223,2.53,10000
2025,12,1,12,0,22.48,27.5,968.65,243,2.38,10000
2025,12,1,13,0,22.26,28.1,968.87,258,2.44,10000
2025,12,1,14,0,21.93,26.7,968.88,274,2.14,10000
2025,12,1,15,0,17.73,39.7,969.49,275,1.99,10000
2025,12,1,16,0,16.68,44.3,969.74,285,2.02,10000
2025,12,1,17,0,16.17,46.6,970.5,292,2.44,10000
2025,12,1,18,0,15.02,48.1,970.98,298,2.22,10000
2025,12,1,19,0,14.91,48.2,971.38,309,2,10000
2025,12,1,20,0,15.13,45.5,971.77,338,1.59,10000
2025,12,1,21,0,14.55,46.8,972.12,348,1.24,10000
2025,12,1,22,0,13.6,48.9,972.11,345,0.87,10000
2025,12,1,23,1,12.75,48.5,972,3,0.85,10000
2025,12,1,24,1,11.43,54.6,971.92,36,1.17,10000
2025,12,2,1,3,10.16,60.3,971.63,41,1.07,10000
2025,12,2,2,3,10.15,60.3,971.67,43,1.01,10000
2025,12,2,3,3,9.17,63.7,971.67,43,1.02,10000
2025,12,2,4,2,8.94,66.5,972.02,40,1.22,10000
2025,12,2,5,1,8.43,69.7,972.43,43,1.19,10000
2025,12,2,6,0,10.77,62.6,973.03,45,1.39,10000
2025,12,2,7,0,12.98,54.4,973.33,38,0.89,10000
2025,12,2,8,0,14.4,50,973.45,314,1.14,10000
2025,12,2,9,0,19.33,39.1,973.13,304,2.54,10000
2025,12,2,10,0,19.63,39.2,972.48,302,3.41,10000
2025,12,2,11,0,20.66,34.9,971.61,303,3.5,10000
2025,12,2,12,0,20.64,34.3,971.29,299,3.56,10000
2025,12,2,13,0,20.21,34,971.26,298,3.63,10000
2025,12,2,14,0,19.86,32.1,971.4,298,3.16,10000
2025,12,2,15,0,16.53,42,971.75,299,1.94,10000
2025,12,2,16,0,14.6,49.8,971.94,302,2.38,10000
2025,12,2,17,0,14.24,50.6,972.43,317,2.42,10000
2025,12,2,18,0,12.6,54.9,972.51,339,2.18,10000
2025,12,2,19,0,12.38,55.4,972.85,358,1.97,10000
2025,12,2,20,0,12.56,54.8,972.94,19,1.75,10000
2025,12,2,21,0,11.1,59.2,973.29,33,1.38,10000
2025,12,2,22,0,10.27,63.2,973.24,45,1.26,10000
2025,12,2,23,0,9.22,66.3,973.4,63,1.33,10000
2025,12,2,24,0,8.6,70.3,973.42,65,1.29,10000
2025,12,3,1,0,8.25,72.3,973.54,61,1.5,10000
2025,12,3,2,0,8.05,74.2,973.28,58,1.75,10000
2025,12,3,3,0,7.45,75.9,973.48,58,1.99,10000
2025,12,3,4,0,7.96,73.8,973.96,57,2.15,10000
2025,12,3,5,0,8.09,72.8,974.43,57,2.27,10000
2025,12,3,6,0,10.08,65.3,974.95,56,2.74,10000
2025,12,3,7,0,12.2,57.4,975.37,53,2.14,10000
2025,12,3,8,0,13.63,51.4,975.51,35,1.45,10000
2025,12,3,9,0,18.07,40.3,975.39,5,1.69,10000
2025,12,3,10,0,18.51,36.6,974.39,348,1.95,10000
2025,12,3,11,0,19.85,27.2,973.6,340,2.08,10000
2025,12,3,12,0,20.03,26.8,972.98,330,2.18,10000
2025,12,3,13,0,19.9,26.3,973.33,328,2.46,10000
2025,12,3,14,0,19.71,23.9,973,323,2.47,10000
2025,12,3,15,0,15.73,36,973.49,315,2.57,10000
2025,12,3,16,0,14.52,40,973.9,325,2.65,10000
2025,12,3,17,0,13.64,43,974.04,346,2.51,10000
2025,12,3,18,0,10.76,51.1,973.99,5,2.45,10000
2025,12,3,19,0,10.75,52.5,974.26,12,2.18,10000
2025,12,3,20,0,10.52,53.6,974.42,25,2.05,10000
2025,12,3,21,0,10.3,54.8,974.81,35,2.1,10000
2025,12,3,22,0,9.46,58.9,974.46,41,1.97,10000
2025,12,3,23,0,8.62,60.8,974.31,50,1.73,10000
2025,12,3,24,1,8.17,62,974.35,53,1.65,10000
2025,12,4,1,2,7.89,62.6,974.31,55,1.81,10000
2025,12,4,2,3,7.4,62.9,974.12,56,1.99,10000
2025,12,4,3,1,7.33,62.9,974.3,57,2.12,10000
2025,12,4,4,1,8.29,60.1,974.62,58,2.04,10000
2025,12,4,5,0,8.34,57.9,975.38,58,1.93,10000
2025,12,4,6,0,9.1,53.7,975.61,58,2.56,10000
2025,12,4,7,1,11.08,46.5,976.22,55,2.36,10000
2025,12,4,8,3,13.32,42.4,975.88,49,1.87,10000
2025,12,4,9,8,17.69,32.8,975.76,34,1.68,10000
2025,12,4,10,8,18.22,32,974.97,21,1.15,10000
2025,12,4,11,10,19.52,29,973.98,4,0.92,10000
2025,12,4,12,9,19.83,28.1,973.58,351,0.7,10000
2025,12,4,13,10,17.24,35,973.41,327,0.53,10000
2025,12,4,14,10,17.19,32.9,973.23,289,0.87,10000
2025,12,4,15,10,15.34,39.9,973.27,290,1.57,10000
2025,12,4,16,10,14.25,43.8,973.66,309,1.74,10000
2025,12,4,17,10,13.8,45.5,973.57,336,1.75,10000
2025,12,4,18,10,12.03,50.2,973.83,2,1.48,10000
2025,12,4,19,10,11.65,52,973.92,20,1.31,10000
2025,12,4,20,10,11.59,52.3,973.95,38,1.19,10000
2025,12,4,21,10,10.37,56.5,974.09,55,1.17,10000
2025,12,4,22,9,9.84,57.4,974.06,66,1.41,10000
2025,12,4,23,10,9.14,57.5,973.78,75,1.74,10000
2025,12,4,24,10,9.19,56.4,974.19,79,1.76,10000
2025,12,5,1,10,9.43,53.2,974,82,1.77,10000
2025,12,5,2,10,9.2,53.5,973.92,81,1.69,10000
2025,12,5,3,9,8.4,55.6,974.27,80,1.73,10000
2025,12,5,4,5,8.76,53.5,974.49,82,1.83,10000
2025,12,5,5,3,8.69,52.9,974.96,82,1.97,10000
2025,12,5,6,1,10.3,48.2,975.27,82,2.41,10000
2025,12,5,7,0,11.65,46.6,975.9,86,2.14,10000
2025,12,5,8,1,12.94,43.7,975.48,104,1.59,10000
2025,12,5,9,1,17.18,37.1,975.66,120,1.17,10000
2025,12,5,10,1,17.4,36.4,974.54,124,1.24,10000
2025,12,5,11,3,19.48,28.9,973.8,132,0.96,10000
2025,12,5,12,2,19.88,25.6,973.36,163,1.24,10000
2025,12,5,13,3,19.96,24.3,973.26,192,1.31,10000
2025,12,5,14,7,19.71,22.7,973.52,221,1.05,10000
2025,12,5,15,7,16.3,32.7,973.85,247,1.3,10000
2025,12,5,16,2,15.77,34.4,974.16,324,0.81,10000
2025,12,5,17,0,14.12,39.3,974.33,23,0.94,10000
2025,12,5,18,1,12.94,41.7,974.84,59,1.11,10000
2025,12,5,19,3,12.49,43.6,974.98,68,1.14,10000
2025,12,5,20,5,12.36,43.3,975.16,72,1.75,10000
2025,12,5,21,3,12.73,41,974.74,74,2.44,10000
2025,12,5,22,2,12.94,40.1,974.9,77,2.65,10000
2025,12,5,23,5,13.28,40.7,974.31,74,2.52,10000
2025,12,5,24,6,13.6,41,974.82,69,2.91,10000
2025,12,6,1,7,13.4,40.2,975.01,68,3.33,10000
2025,12,6,2,7,13.96,39.4,974.7,70,3.4,10000
2025,12,6,3,9,13.74,42,974.64,71,3.35,10000
2025,12,6,4,10,15.11,43,975.13,74,3.38,10000
2025,12,6,5,10,15.15,44.9,975.15,79,3.47,10000
2025,12,6,6,10,15.1,48,975.37,83,3.38,10000
2025,12,6,7,10,15.07,49.8,975.63,84,3.42,10000
2025,12,6,8,9,15.75,49.4,975.85,90,2.98,10000
2025,12,6,9,8,20.42,41,975.37,100,3.01,10000
2025,12,6,10,4,21.03,39.3,974.3,115,3.45,10000
2025,12,6,11,4,23.27,32.1,973.02,127,3.2,10000
2025,12,6,12,4,23.59,29.8,972.2,130,3.28,10000
2025,12,6,13,0,23.57,28.6,972.16,128,3.04,10000
2025,12,6,14,0,23.7,25.5,971.95,113,1.77,10000
2025,12,6,15,0,19.13,38,972.13,78,1.88,10000
2025,12,6,16,0,18.54,40.7,972.37,74,2.75,10000
2025,12,6,17,2,18.32,42,972.62,77,3.29,10000
2025,12,6,18,10,17.25,45.1,972.78,81,3.52,10000
2025,12,6,19,10,17.09,44.5,972.97,87,3.5,10000
2025,12,6,20,10,17.17,43.6,972.92,90,3.71,10000
2025,12,6,21,10,17.06,41.6,972.76,91,3.5,10000
2025,12,6,22,10,17.11,40.9,972.4,84,3.89,10000
2025,12,6,23,10,17.73,40.4,972.41,86,3.52,10000
2025,12,6,24,10,17.78,39.3,972.06,94,3.8,10000
2025,12,7,1,10,17.57,41,971.8,104,4.38,10000
2025,12,7,2,10,17.45,40.7,971.48,111,4.79,10000
2025,12,7,3,10,17.67,39.6,971.42,119,5.28,10000
2025,12,7,4,10,18.13,38.8,971.1,123,6.04,10000
2025,12,7,5,9,18.8,36.4,971.03,128,6.44,10000
2025,12,7,6,10,19.6,33.9,970.85,136,6.47,10000
2025,12,7,7,10,19.61,33.7,971.19,142,6.35,10000
2025,12,7,8,10,20.25,32.3,970.97,142,5.51,10000
2025,12,7,9,10,21.64,29.6,970.91,157,7.13,10000
2025,12,7,10,10,22.27,28.1,970.29,161,7.44,10000
2025,12,7,11,10,23.25,28.4,968.25,157,8.03,10000
2025,12,7,12,9,23.88,27,967.14,153,8.03,10000
2025,12,7,13,8,23.21,26.7,967.13,153,8.28,10000
2025,12,7,14,5,23.21,26,966.67,148,8.42,10000
2025,12,7,15,7,22.92,26.8,966.87,150,7.32,10000
2025,12,7,16,9,22.35,27.5,967.4,160,6.69,10000
2025,12,7,17,7,22.15,29.5,968.57,166,7.01,10000
2025,12,7,18,8,20.78,38.6,968.82,161,7.1,10000
2025,12,7,19,8,20.14,44.9,968.92,158,6.7,10000
2025,12,7,20,10,19.12,51.4,969.37,154,6.03,10000
2025,12,7,21,9,18.18,56.8,969.17,142,5.95,10000
2025,12,7,22,10,17.62,59.1,968.95,140,6.85,10000
2025,12,7,23,10,18.83,48.8,968.31,144,7.19,10000
2025,12,7,24,10,19.02,50,968.31,147,6.79,10000
2025,12,8,1,10,19.09,50.7,969.02,156,6.78,10000
2025,12,8,2,10,18.07,57.3,969.47,154,6.48,10000
2025,12,8,3,10,15.88,72.9,969.74,150,6.43,10000
2025,12,8,4,10,15.38,79.8,970.15,147,6.44,10000
2025,12,8,5,10,15.21,83.7,970.47,145,6.7,10000
2025,12,8,6,10,14.73,87.6,970.67,148,7.06,10000
2025,12,8,7,10,14.43,89,971.43,152,7.03,10000
2025,12,8,8,10,14.15,90.6,971.42,153,6.89,10000
2025,12,8,9,10,14.49,91.4,971.77,152,6.44,10000
2025,12,8,10,10,14.03,93.2,971.18,149,5.57,10000
2025,12,8,11,10,14.37,93.7,971.12,140,5.67,10000
2025,12,8,12,10,14.61,92.2,970.49,143,6.16,10000
2025,12,8,13,10,14.53,93.9,971,145,5.58,10000
2025,12,8,14,10,14.7,93.2,970.92,141,5.33,10000
2025,12,8,15,10,14.92,92.1,971.04,147,5.56,10000
2025,12,8,16,10,15.17,89.8,971.33,145,4.99,10000
2025,12,8,17,10,15.43,87.1,971.33,137,4.02,10000
2025,12,8,18,10,15.55,84,971.66,127,3.3,10000
2025,12,8,19,10,15.74,83,971.61,120,3.05,10000
2025,12,8,20,10,15.95,81.2,971.38,113,2.99,10000
2025,12,8,21,10,15.79,80.5,971.01,105,3.12,10000
2025,12,8,22,10,15.67,79.7,970.43,107,3.46,10000
2025,12,8,23,8,14.77,81.8,970.58,95,3.54,10000
2025,12,8,24,9,14.35,82.2,970.01,87,3.65,10000
2025,12,9,1,10,14.1,80.6,969.65,81,3.81,10000
2025,12,9,2,10,14.24,78.4,968.97,76,3.69,10000
2025,12,9,3,10,14.38,77.9,968.71,83,3.6,10000
2025,12,9,4,10,14.22,78.4,968.36,89,3.98,10000
2025,12,9,5,8,14.11,79.6,968.28,97,4.45,10000
2025,12,9,6,6,14.1,80.7,968.27,108,4.91,10000
2025,12,9,7,7,14.37,80.8,968.53,118,4.62,10000
2025,12,9,8,10,14.25,82.7,968.53,130,4.07,10000
2025,12,9,9,10,15.07,82,968.72,139,4.06,10000
2025,12,9,10,10,14.89,84,967.96,138,4.54,10000
2025,12,9,11,10,15.14,83.5,967.3,148,3.12,10000
2025,12,9,12,9,14.88,84.7,966.72,148,3.4,10000
2025,12,9,13,9,14.77,87.4,966.68,135,3.02,10000
2025,12,9,14,10,14.77,87.8,967.11,130,2.83,10000
2025,12,9,15,10,14.23,89.6,967.19,131,1.9,10000
2025,12,9,16,10,14.22,91.7,967.73,121,1.54,10000
2025,12,9,17,10,14.13,93.7,967.98,93,1.23,10000
2025,12,9,18,10,14.29,93.9,967.93,74,1.52,10000
2025,12,9,19,10,13.25,98,968.1,71,1.93,10000
2025,12,9,20,10,13.43,97.1,968.18,77,2.42,10000
2025,12,9,21,10,13.41,97.5,967.99,71,2.54,10000
2025,12,9,22,10,13.31,96,967.73,68,2.82,10000
2025,12,9,23,10,12.21,94.3,966.62,73,3.14,10000
2025,12,9,24,10,12.24,92.6,967.34,90,3.23,10000
2025,12,10,1,10,12.27,91.2,966.65,88,3.36,10000
2025,12,10,2,10,12.64,90,965.87,77,2.54,10000
2025,12,10,3,9,12.07,91.1,965.34,71,1.67,10000
2025,12,10,4,10,11.48,90.7,965.06,82,2.17,10000
2025,12,10,5,10,10.96,91.2,966.01,105,2.48,10000
2025,12,10,6,10,11.23,87.9,966.54,133,1.59,10000
2025,12,10,7,10,11.14,88.6,967.39,195,0.35,10000
2025,12,10,8,10,11.14,90.4,967.64,42,0.36,10000
2025,12,10,9,10,11.12,90.7,968.03,69,1.28,10000
2025,12,10,10,10,12.5,84.9,967.54,83,2.09,10000
2025,12,10,11,8,12.74,82.1,967.5,107,3.7,10000
2025,12,10,12,6,12.94,83.6,967.35,126,3.99,10000
2025,12,10,13,6,13.11,83.4,967.92,136,3.58,10000
2025,12,10,14,6,13.17,83.7,968.28,146,2.84,10000
2025,12,10,15,7,12.09,91,968.76,156,1.75,10000
2025,12,10,16,7,12.41,90.4,969.43,165,1.45,10000
2025,12,10,17,6,12.57,90.5,970.06,161,1.22,10000
2025,12,10,18,6,12,92.6,970.49,155,1.43,10000
2025,12,10,19,6,12.25,93.3,970.85,150,1.58,10000
2025,12,10,20,6,12.32,92.7,970.9,145,1.83,10000
2025,12,10,21,4,12.17,93.5,971.19,141,1.88,10000
2025,12,10,22,5,11.78,94.2,971.32,137,1.88,10000
2025,12,10,23,4,11.59,95.6,971.36,148,1.22,10000
2025,12,10,24,5,11.23,96.6,971.36,116,1.29,10000
2025,12,11,1,5,11.2,96.2,971.22,93,1.44,10000
2025,12,11,2,9,11,95.3,970.69,85,2.15,10000
2025,12,11,3,9,10.28,95,970.75,80,2.36,10000
2025,12,11,4,6,9.54,95.2,970.82,77,2.08,10000
2025,12,11,5,6,9.17,94.1,971,74,1.76,10000
2025,12,11,6,4,10.65,89.8,971.05,84,1.99,10000
2025,12,11,7,3,11.74,87.2,971.08,104,1.28,10000
2025,12,11,8,3,12.37,81.1,970.89,139,1.35,10000
2025,12,11,9,3,14.13,74,970.75,157,1.09,10000
2025,12,11,10,5,13.96,74,969.87,198,0.87,10000
2025,12,11,11,5,15.42,69.1,968.78,210,0.96,10000
2025,12,11,12,6,15.1,69.4,968.05,262,0.96,10000
2025,12,11,13,6,14.71,70.2,968.5,285,1.12,10000
2025,12,11,14,6,14.5,73.9,968.11,328,0.67,10000
2025,12,11,15,7,13.66,78.6,968.63,255,0.31,10000
2025,12,11,16,7,12.88,84.3,969.31,201,1.49,10000
2025,12,11,17,3,11.99,87.8,969.43,183,1.03,10000
2025,12,11,18,4,10.35,93.1,969.64,118,0.76,10000
2025,12,11,19,9,10.07,93.4,969.61,94,1.06,10000
2025,12,11,20,10,10.21,92.2,969.63,82,1.48,10000
2025,12,11,21,10,9.99,91.3,969.85,83,1.76,10000
2025,12,11,22,10,10.32,88.6,970.02,90,1.87,10000
2025,12,11,23,10,10.28,87.2,969.72,109,1.96,10000
2025,12,11,24,10,10.63,86,969.68,112,2.16,10000
2025,12,12,1,10,10.5,86.3,969.51,104,2.63,10000
2025,12,12,2,10,10.23,88.7,969.31,90,3.14,10000
2025,12,12,3,10,9.96,91.7,968.9,88,3.19,10000
2025,12,12,4,10,10.67,91.6,969.15,96,2.66,10000
2025,12,12,5,10,10.83,91.5,969.93,113,2.41,10000
2025,12,12,6,10,11.13,92,969.73,137,2.99,10000
2025,12,12,7,10,10.93,94.6,970.56,130,3.3,10000
2025,12,12,8,10,10.77,95.3,970.66,124,3.49,10000
2025,12,12,9,10,11.51,92.5,970.63,123,3.9,10000
2025,12,12,10,10,11.82,93.2,969.82,126,3.91,10000
2025,12,12,11,10,11.81,92.8,969.16,132,4.21,10000
2025,12,12,12,10,11.99,92.7,968.51,137,3.73,10000
2025,12,12,13,8,11.91,93.7,968.29,137,2.95,10000
2025,12,12,14,9,12.02,90.9,968.25,133,3.21,10000
2025,12,12,15,10,11.58,90.8,968.56,131,3.48,10000
2025,12,12,16,10,11.79,89.6,968.83,124,3.2,10000
2025,12,12,17,10,11.86,88.9,969.28,122,3.21,10000
2025,12,12,18,10,11.66,90.1,969.15,128,3.3,10000
2025,12,12,19,10,11.87,89.3,969.15,135,3.4,10000
2025,12,12,20,10,12.16,87.2,968.85,141,3.59,10000
2025,12,12,21,10,12.24,86.3,968.84,145,3.65,10000
2025,12,12,22,9,11.84,86.8,968.59,145,3.48,10000
2025,12,12,23,9,11.83,89.3,968.07,154,3.36,10000
2025,12,12,24,9,11.74,90.2,968.38,153,3.21,10000
2025,12,13,1,10,11.18,93.3,968.11,151,3.36,10000
2025,12,13,2,10,11.34,94.5,968.08,148,3.3,10000
2025,12,13,3,10,11.34,95.9,967.82,148,3.25,10000
2025,12,13,4,10,11.5,95.6,967.79,157,3.37,10000
2025,12,13,5,10,11.25,97.2,968.46,169,3.17,10000
2025,12,13,6,10,10.97,98.2,968.56,184,3.17,10000
2025,12,13,7,10,11.01,99.7,969.15,196,3.19,10000
2025,12,13,8,10,11.09,100,969.54,204,3.48,10000
2025,12,13,9,10,12.02,99.4,969.39,204,3.36,10000
2025,12,13,10,10,11.88,98.2,968.97,201,2.99,10000
2025,12,13,11,6,11.89,93.1,968.77,202,3.66,10000
2025,12,13,12,8,12,93,968.64,211,3.4,10000
2025,12,13,13,7,11.84,93.3,968.67,218,3.3,10000
2025,12,13,14,7,11.86,89.2,968.61,217,3.02,10000
2025,12,13,15,6,10.82,93.3,969.49,221,1.84,10000
2025,12,13,16,6,10.54,93,969.8,221,1.54,10000
2025,12,13,17,9,11.41,88.1,970.11,215,1.27,10000
2025,12,13,18,9,11.04,90.1,970.49,206,1.06,10000
2025,12,13,19,8,11.22,89.3,970.37,189,1.09,10000
2025,12,13,20,7,11.4,88.9,970.71,173,1.13,10000
2025,12,13,21,7,10.83,90.9,970.81,163,1.22,10000
2025,12,13,22,6,10.58,91.4,971.1,158,1.41,10000
2025,12,13,23,6,9.64,92.4,971.22,190,1.21,10000
2025,12,13,24,7,9.04,92.4,971.52,205,1.27,10000
2025,12,14,1,8,9.11,94.7,971.75,195,1.27,10000
2025,12,14,2,9,9.64,94.2,971.64,165,0.9,10000
2025,12,14,3,9,9.65,94,971.77,141,0.69,10000
2025,12,14,4,8,9.73,93.6,972.2,100,0.5,10000
2025,12,14,5,9,9.57,94.8,972.8,100,0.91,10000
2025,12,14,6,7,10.04,92.1,973.15,120,1.78,10000
2025,12,14,7,4,10.56,86,973.75,126,1.82,10000
2025,12,14,8,6,10.46,84.6,973.7,129,1.42,10000
2025,12,14,9,7,11.64,82.8,973.77,167,0.81,10000
2025,12,14,10,8,12.16,79.1,973.11,249,1.16,10000
2025,12,14,11,6,13.28,70.2,973.18,253,0.74,10000
2025,12,14,12,7,13.72,67.9,972.82,270,0.96,10000
2025,12,14,13,7,11.93,75.3,972.84,271,1.43,10000
2025,12,14,14,6,11.95,74.5,973.22,278,1.74,10000
2025,12,14,15,5,11.4,82.9,973.29,279,1.5,10000
2025,12,14,16,2,10.62,87,973.53,287,1.48,10000
2025,12,14,17,1,10.22,88.6,973.94,307,1.44,10000
2025,12,14,18,1,8.84,91.9,974.11,338,1.72,10000
2025,12,14,19,0,9.05,91.6,974.07,6,1.6,10000
2025,12,14,20,0,8.97,91.7,974.09,29,1.51,10000
2025,12,14,21,0,8.23,92.7,973.76,48,1.35,10000
2025,12,14,22,0,7.87,93.5,973.75,60,1.28,10000
2025,12,14,23,2,6.41,94.6,973.55,61,1.27,10000
2025,12,14,24,2,6.15,94.2,973.42,61,1.4,10000
2025,12,15,1,1,6.43,93.9,973.24,62,1.51,10000
2025,12,15,2,1,6.34,93.7,972.37,63,1.53,10000
2025,12,15,3,0,5.81,94.1,972.06,62,1.47,10000
2025,12,15,4,0,5.66,94.1,971.69,50,1.42,10000
2025,12,15,5,1,5.81,92.8,971.83,36,1.43,10000
2025,12,15,6,1,6.46,90.2,971.62,24,1.82,10000
2025,12,15,7,0,9.36,86,972.11,348,1.47,10000
2025,12,15,8,0,10.13,83.1,972.54,290,1.71,10000
2025,12,15,9,1,10.74,79.2,972.45,287,2.19,10000
2025,12,15,10,1,10.91,75.7,971.64,290,1.99,10000
2025,12,15,11,3,12.17,76.1,971.12,313,1.6,10000
2025,12,15,12,4,12.07,75.8,970.48,315,1.52,10000
2025,12,15,13,6,11.94,74.6,970.32,295,1.2,10000
2025,12,15,14,6,11.87,74.9,970.06,273,1.41,10000
2025,12,15,15,2,9.62,88.1,969.75,280,1.6,10000
2025,12,15,16,2,8.37,92.8,969.56,288,1.72,10000
2025,12,15,17,3,8.48,90.5,969.89,286,1.65,10000
2025,12,15,18,3,8.68,87.9,969.76,287,1.7,10000
2025,12,15,19,3,9.17,86.3,970.18,313,1.11,10000
2025,12,15,20,3,9.14,84.9,970.1,29,0.63,10000
2025,12,15,21,4,8.55,87.7,970.3,60,0.77,10000
2025,12,15,22,4,7.97,89.9,969.99,58,0.8,10000
2025,12,15,23,6,7.52,90.9,969.73,49,0.91,10000
2025,12,15,24,4,7.54,89.9,969.46,60,0.87,10000
2025,12,16,1,4,7.05,91.4,969.04,68,1.04,10000
2025,12,16,2,5,6.8,92,968.6,76,1.26,10000
2025,12,16,3,6,7.35,88.8,968.42,82,1.21,10000
2025,12,16,4,7,7.21,88.9,968.74,95,1.02,10000
2025,12,16,5,8,7.4,88.5,968.9,109,1.16,10000
2025,12,16,6,8,7.78,87.3,968.99,117,1.86,10000
2025,12,16,7,6,8.72,85.1,969.45,135,1.73,10000
2025,12,16,8,5,9.01,81.2,969.52,162,1.79,10000
2025,12,16,9,8,10.22,74,969.15,170,1.72,10000
2025,12,16,10,10,10.36,71.4,968.23,164,1.68,10000
2025,12,16,11,10,10.9,70,967.6,150,1.51,10000
2025,12,16,12,10,11.1,68.9,967.21,161,1.07,10000
2025,12,16,13,10,11.16,68.5,967.09,181,0.9,10000
2025,12,16,14,10,10.93,71.9,967.01,217,0.86,10000
2025,12,16,15,10,9.86,78.3,966.8,259,1.17,10000
2025,12,16,16,10,9.19,83.8,967.15,317,0.68,10000
2025,12,16,17,10,8.74,84.2,967.27,19,0.79,10000
2025,12,16,18,10,8.39,85.9,967.45,33,0.91,10000
2025,12,16,19,10,8.17,86,967.23,35,1.27,10000
2025,12,16,20,10,8.46,86.1,967.02,37,1.45,10000
2025,12,16,21,10,8.17,86.9,966.97,35,1.6,10000
2025,12,16,22,10,8.06,87.5,966.77,30,1.86,10000
2025,12,16,23,10,8.62,84.8,966.52,35,2.33,10000
2025,12,16,24,10,8.76,83.7,966.28,32,2.62,10000
2025,12,17,1,10,8.84,81.4,966.45,34,3,10000
2025,12,17,2,10,9.1,77.6,966.01,43,3.6,10000
2025,12,17,3,10,9.43,73.5,966.16,51,4.38,10000
2025,12,17,4,10,9.97,66.1,966.37,55,5.12,10000
2025,12,17,5,10,10.38,63.2,966.9,57,5.74,10000
2025,12,17,6,10,11.17,58,967.48,63,6.04,10000
2025,12,17,7,10,11.21,55,968.2,66,6.33,10000
2025,12,17,8,10,11.56,55.5,968.42,64,6.13,10000
2025,12,17,9,10,14.77,46.1,968.52,61,6.7,10000
2025,12,17,10,10,14.14,49.7,967.87,59,6.76,10000
2025,12,17,11,10,15.69,43.9,967.37,61,6.96,10000
2025,12,17,12,10,15.85,42.8,967.01,62,6.77,10000
2025,12,17,13,10,15.59,42.6,967.5,62,5.69,10000
2025,12,17,14,10,15.17,40,967.93,60,4.87,10000
2025,12,17,15,10,13.39,48.6,968.39,55,4.21,10000
2025,12,17,16,10,13.08,48.7,969.08,48,4.25,10000
2025,12,17,17,0,12.68,48.5,969.84,45,4.47,10000
2025,12,17,18,0,11.67,46.4,970.38,46,4.6,10000
2025,12,17,19,0,11.57,45.6,970.78,48,4.53,10000
2025,12,17,20,0,11.5,45.6,971.18,50,4.46,10000
2025,12,17,21,0,11.05,47.6,971.45,53,4.53,10000
2025,12,17,22,0,10.94,47.7,971.83,56,4.58,10000
2025,12,17,23,1,11.34,44.1,972.09,61,5.15,10000
2025,12,17,24,2,11.44,42.3,972.59,64,5.27,10000
2025,12,18,1,1,10.14,46.4,972.67,65,5.35,10000
2025,12,18,2,1,9.93,47.1,972.87,65,5.09,10000
2025,12,18,3,0,9.54,49.1,973.02,62,4.76,10000
2025,12,18,4,0,9.64,49.7,973.84,56,4.31,10000
2025,12,18,5,0,9.63,51.1,974.64,51,4.14,10000
2025,12,18,6,0,10.04,51.1,975.22,52,4.54,10000
2025,12,18,7,0,10.78,51.8,975.75,54,4.94,10000
2025,12,18,8,0,11.45,49.9,976.13,54,5.09,10000
2025,12,18,9,0,14.74,39.3,975.8,53,5.48,10000
2025,12,18,10,0,15.04,39.1,975.64,51,5.33,10000
2025,12,18,11,0,15.25,39.4,974.99,52,5.24,10000
2025,12,18,12,0,15.45,39.9,974.77,51,5.09,10000
2025,12,18,13,0,14.04,46.4,975.3,50,4.45,10000
2025,12,18,14,0,13.65,47.8,975.17,44,3.23,10000
2025,12,18,15,0,12.84,51.2,975.58,39,2.9,10000
2025,12,18,16,0,12.67,51,975.56,37,3.19,10000
2025,12,18,17,0,12.73,47.5,976.17,37,3.59,10000
2025,12,18,18,0,12.88,45.1,976.05,37,4,10000
2025,12,18,19,0,12.04,44.4,976.12,37,4.22,10000
2025,12,18,20,0,11.38,43.1,976.05,36,4.26,10000
2025,12,18,21,0,10.73,43.7,975.82,33,4.33,10000
2025,12,18,22,0,10.33,44.9,975.38,27,4.47,10000
2025,12,18,23,0,10.03,45.5,974.02,22,4.46,10000
2025,12,18,24,0,9.53,47.5,974.05,28,4.55,10000
2025,12,19,1,0,9.13,49.6,973.74,40,4.3,10000
2025,12,19,2,0,8.3,52.6,973.65,47,4.55,10000
2025,12,19,3,0,8.25,53.2,972.79,42,4.97,10000
2025,12,19,4,0,8.21,51.8,972.43,34,5.16,10000
2025,12,19,5,0,7.73,53,972.34,30,5.02,10000
2025,12,19,6,0,7.75,51.9,972.11,29,4.86,10000
2025,12,19,7,0,9.92,49.5,972.09,23,4.63,10000
2025,12,19,8,0,11.6,46.9,971.88,19,3.97,10000
2025,12,19,9,0,13.6,40.7,971.48,21,3.83,10000
2025,12,19,10,0,14.56,37.4,970.77,23,3.92,10000
2025,12,19,11,0,15.93,35.1,969.02,13,4.09,10000
2025,12,19,12,0,16.3,34,968.7,14,4.66,10000
2025,12,19,13,0,16.34,34,968.53,13,4.31,10000
2025,12,19,14,0,16.15,34.9,968.62,11,3.7,10000
2025,12,19,15,0,14.01,41.6,968.86,14,3.22,10000
2025,12,19,16,0,13.48,42.9,968.85,24,3.14,10000
2025,12,19,17,0,13.22,42.8,969.25,31,3.14,10000
2025,12,19,18,0,11.28,44.7,969.75,34,3.12,10000
2025,12,19,19,0,11.17,45.8,969.78,37,3.16,10000
2025,12,19,20,0,10.9,44.6,969.92,38,3.16,10000
2025,12,19,21,0,10.16,45.8,969.81,39,3.17,10000
2025,12,19,22,0,9.17,46.1,969.68,41,3.19,10000
2025,12,19,23,0,7.94,49.3,969.45,45,3.72,10000
2025,12,19,24,0,7.86,49.7,969.8,46,4.02,10000
2025,12,20,1,0,7.71,50.5,969.93,44,4.22,10000
2025,12,20,2,0,7.59,50.6,969.8,44,4.42,10000
2025,12,20,3,0,6.75,52.3,970.01,45,4.59,10000
2025,12,20,4,0,7.41,50,970.27,50,4.82,10000
2025,12,20,5,0,7.36,48.3,970.7,54,4.94,10000
2025,12,20,6,0,9.24,43.4,971.09,57,5.06,10000
2025,12,20,7,0,10.57,42.4,971.42,57,5.08,10000
2025,12,20,8,0,11.27,42.4,971.9,55,4.37,10000
2025,12,20,9,0,15.9,32.9,972.04,55,4.4,10000
2025,12,20,10,1,16.1,32.8,971.51,54,4.2,10000
2025,12,20,11,1,17.59,27.7,971.49,55,3.93,10000
2025,12,20,12,1,17.84,27.4,971.32,51,3.5,10000
2025,12,20,13,0,17.88,29.8,971.44,48,2.68,10000
2025,12,20,14,0,17.31,37.3,971.29,32,1.55,10000
2025,12,20,15,0,11.49,58.7,971.76,21,2.19,10000
2025,12,20,16,0,10.62,61.3,971.7,29,1.79,10000
2025,12,20,17,0,10.38,60.4,972.51,40,1.53,10000
2025,12,20,18,0,8.6,63.8,972.89,51,1.66,10000
2025,12,20,19,0,8.54,63.2,973.08,60,1.98,10000
2025,12,20,20,0,9,58.6,973.16,66,2.29,10000
2025,12,20,21,0,9,55.9,973.41,69,2.33,10000
2025,12,20,22,0,8.04,60.6,973.56,71,2.31,10000
2025,12,20,23,0,7.83,59.8,973.64,79,2.79,10000
2025,12,20,24,0,7.19,59.3,973.8,77,3.11,10000
2025,12,21,1,0,5.83,59.1,974.17,77,3.14,10000
2025,12,21,2,0,5.55,59.6,974.06,75,3.03,10000
2025,12,21,3,0,5.18,61.6,974.48,73,2.93,10000
2025,12,21,4,0,5.26,61.8,974.58,72,2.97,10000
2025,12,21,5,0,5.06,62.6,975.18,71,3.11,10000
2025,12,21,6,0,6.76,57.8,975.57,72,3.3,10000
2025,12,21,7,0,8.25,56.6,976.12,75,3.22,10000
2025,12,21,8,0,9.92,55.8,976.35,83,2.17,10000
2025,12,21,9,0,14.49,40.5,976.07,105,1.54,10000
2025,12,21,10,1,14.89,37.4,975.36,149,1.42,10000
2025,12,21,11,5,16.29,33.4,974.28,153,1.51,10000
2025,12,21,12,8,16.48,33.7,974.29,166,1.47,10000
2025,12,21,13,6,16.44,35.2,974.32,197,1.49,10000
2025,12,21,14,9,15.78,50.4,974.59,222,1,10000
2025,12,21,15,10,12.68,50.1,974.41,219,0.55,10000
2025,12,21,16,10,12.26,51.1,974.59,182,0.89,10000
2025,12,21,17,10,11.41,57.3,975.06,129,0.89,10000
2025,12,21,18,10,9.62,66,974.83,96,1.15,10000
2025,12,21,19,10,9.46,64.8,975.17,91,1.48,10000
2025,12,21,20,10,9.39,65,975.17,90,1.66,10000
2025,12,21,21,10,9.3,64.1,975.49,91,1.97,10000
2025,12,21,22,10,9.48,61.9,975.33,91,2.47,10000
2025,12,21,23,10,9.22,61.3,975.13,91,2.55,10000
2025,12,21,24,10,9.53,58.6,975.41,89,2.44,10000
2025,12,22,1,7,9.23,58.8,975.37,85,2.29,10000
2025,12,22,2,8,8.41,60.6,975.3,84,2.19,10000
2025,12,22,3,6,7.74,61.2,975.27,81,2.1,10000
2025,12,22,4,5,7.78,61.8,975.35,79,2.08,10000
2025,12,22,5,5,7.62,62.2,975.62,85,2.19,10000
2025,12,22,6,5,8.76,58.1,976.02,91,2.55,10000
2025,12,22,7,4,10.01,55.9,976.26,100,2.7,10000
2025,12,22,8,1,11.21,53.8,976.52,122,2.07,10000
2025,12,22,9,1,15.14,43.2,976.41,148,2.69,10000
2025,12,22,10,1,15.46,43.5,975.5,159,2.94,10000
2025,12,22,11,0,16.48,39.2,974.89,163,2.64,10000
2025,12,22,12,0,16.58,39.7,974.33,163,2.58,10000
2025,12,22,13,0,16.54,41.3,974.26,160,2.7,10000
2025,12,22,14,0,16.33,42.5,974.51,163,1.71,10000
2025,12,22,15,0,12.26,63.2,974.54,156,2.32,10000
2025,12,22,16,0,11.26,65.7,974.96,123,2.06,10000
2025,12,22,17,0,11.2,64,975,97,1.77,10000
2025,12,22,18,10,10.8,66.2,974.99,86,2.02,10000
2025,12,22,19,10,9,71,975.4,83,2.06,10000
2025,12,22,20,10,9.52,67.5,975.43,81,2.12,10000
2025,12,22,21,10,9.36,66.9,975.65,79,2.16,10000
2025,12,22,22,9,9.47,65.2,975.42,77,2.31,10000
2025,12,22,23,9,8.45,70.4,975.39,78,2.25,10000
2025,12,22,24,9,8.24,70.7,975.52,77,2.23,10000
2025,12,23,1,9,8.09,70.7,975.5,74,2.29,10000
2025,12,23,2,9,7.87,70.6,975.08,72,2.4,10000
2025,12,23,3,9,7.24,72.5,974.89,71,2.54,10000
2025,12,23,4,10,7.09,73.3,974.83,71,2.76,10000
2025,12,23,5,9,7.24,72.8,974.89,71,2.92,10000
2025,12,23,6,10,7.97,70.1,974.86,71,3.26,10000
2025,12,23,7,9,9.49,67.2,975.22,72,3.36,10000
2025,12,23,8,9,10.76,65,975.1,74,2.62,10000
2025,12,23,9,9,15.03,48.2,974.47,89,2.6,10000
2025,12,23,10,10,15.17,47.1,973.72,118,2.82,10000
2025,12,23,11,10,16.21,41.8,972.48,124,2.83,10000
2025,12,23,12,9,16.42,39,972.11,126,2.68,10000
2025,12,23,13,9,15.12,43.5,972.27,127,2.31,10000
2025,12,23,14,9,14.54,56.7,972.07,116,1.46,10000
2025,12,23,15,9,13.12,54.4,971.75,84,1.83,10000
2025,12,23,16,3,11.62,60.5,971.75,67,1.54,10000
2025,12,23,17,3,11.49,62,971.93,63,1.53,10000
2025,12,23,18,6,10.06,69.7,972.11,64,1.52,10000
2025,12,23,19,9,10.1,73.2,972.45,65,1.63,10000
2025,12,23,20,7,10.46,71.6,972.74,67,2.11,10000
2025,12,23,21,8,10.48,71.3,972.61,69,2.85,10000
2025,12,23,22,8,11.1,70.2,972.8,69,3.52,10000
2025,12,23,23,8,10.41,70.7,972.04,70,4.09,10000
2025,12,23,24,9,10.42,72.5,972.09,67,4.03,10000
2025,12,24,1,10,10.17,75.4,972.14,59,3.93,10000
2025,12,24,2,10,10.11,76.7,971.81,53,3.62,10000
2025,12,24,3,10,9.38,82,971.75,53,3.43,10000
2025,12,24,4,10,9.45,82.2,972.18,53,3.19,10000
2025,12,24,5,7,9.77,81.3,972.8,51,3.18,10000
2025,12,24,6,8,9.72,81.3,973.42,48,3.1,10000
2025,12,24,7,8,9.21,80.3,973.91,49,3.39,10000
2025,12,24,8,10,8.93,81.2,974.12,54,3.16,10000
2025,12,24,9,9,11.33,73.3,974.02,59,2.9,10000
2025,12,24,10,9,11.87,70.3,973.36,66,2.51,10000
2025,12,24,11,10,12.89,65.3,972.76,68,2.61,10000
2025,12,24,12,9,13.37,62.3,972.98,77,2.19,10000
2025,12,24,13,9,13.52,62.1,972.95,78,2.13,10000
2025,12,24,14,7,13.5,63,972.98,78,1.74,10000
2025,12,24,15,5,12.14,68.6,973.3,63,1.6,10000
2025,12,24,16,4,11.53,75.1,973.45,49,1.35,10000
2025,12,24,17,4,11.68,75.3,973.86,39,1.25,10000
2025,12,24,18,4,10.48,79.5,974.32,37,1.31,10000
2025,12,24,19,4,10.35,80.1,974.45,41,1.41,10000
2025,12,24,20,3,9.95,81.5,974.53,45,1.56,10000
2025,12,24,21,2,9.09,85,974.34,48,1.53,10000
2025,12,24,22,2,8.62,85.7,974.38,51,1.51,10000
2025,12,24,23,4,7.86,88.6,973.95,48,1.34,10000
2025,12,24,24,4,7.58,88.7,974.18,43,1.4,10000
2025,12,25,1,4,7.37,88.7,974.38,39,1.51,10000
2025,12,25,2,4,7.53,87.5,973.96,39,1.58,10000
2025,12,25,3,5,7.22,85.9,973.89,40,1.63,10000
2025,12,25,4,5,7.89,83,974.18,43,1.55,10000
2025,12,25,5,5,7.91,83.6,974.73,46,1.56,10000
2025,12,25,6,4,8.74,79.1,974.99,48,1.86,10000
2025,12,25,7,6,9.02,80.1,975.32,48,1.69,10000
2025,12,25,8,5,9.61,77.5,975.29,35,1.14,10000
2025,12,25,9,6,12.88,65.8,974.92,13,0.88,10000
2025,12,25,10,8,13.03,62.2,973.72,340,0.15,10000
2025,12,25,11,10,14.63,56.1,972.66,285,0.56,10000
2025,12,25,12,10,14.69,55.4,972.31,292,0.79,10000
2025,12,25,13,10,14.29,57.7,971.97,312,0.88,10000
2025,12,25,14,10,14.16,58.9,971.98,302,1.03,10000
2025,12,25,15,9,11.27,74.3,971.75,303,1.71,10000
2025,12,25,16,9,10.1,78.9,971.78,317,2.02,10000
2025,12,25,17,7,9.75,80,971.53,337,2.1,10000
2025,12,25,18,1,8.58,82.2,971.64,355,1.97,10000
2025,12,25,19,0,8.94,80.3,971.72,8,1.75,10000
2025,12,25,20,0,9.11,79.4,971.43,26,1.38,10000
2025,12,25,21,0,8.3,82.1,971.17,44,1.21,10000
2025,12,25,22,0,7.71,84.6,970.97,55,1.28,10000
2025,12,25,23,0,6.89,90.5,970.65,57,1.27,10000
2025,12,25,24,0,6.86,91.2,970.69,60,1.21,10000
2025,12,26,1,0,6.64,91.8,970.45,65,1.2,10000
2025,12,26,2,3,6.51,91.6,969.97,70,1.19,10000
2025,12,26,3,4,5.54,92.2,969.74,76,1.15,10000
2025,12,26,4,5,5.52,91.2,969.85,83,1.15,10000
2025,12,26,5,4,5.55,90.7,970.13,89,1.17,10000
2025,12,26,6,3,6.47,87.7,970.42,92,1.3,10000
2025,12,26,7,2,8.29,84.3,970.81,113,1.35,10000
2025,12,26,8,1,8.96,79.7,970.9,164,1.2,10000
2025,12,26,9,2,12.03,67.6,970.32,198,1.49,10000
2025,12,26,10,2,12.27,66.6,969.54,214,1.91,10000
2025,12,26,11,3,13.3,63.2,968.74,228,1.77,10000
2025,12,26,12,2,13.39,62.5,968.26,238,1.94,10000
2025,12,26,13,2,13.42,60.9,968.22,244,1.95,10000
2025,12,26,14,4,13.29,61.2,967.97,238,1.76,10000
2025,12,26,15,6,11.35,71.7,968.02,229,1.65,10000
2025,12,26,16,8,10.35,75.2,968.24,220,2.2,10000
2025,12,26,17,8,10.31,74.4,968.32,197,2.16,10000
2025,12,26,18,8,9.28,79.1,968.56,174,1.9,10000
2025,12,26,19,8,9.28,79.6,968.46,152,1.5,10000
2025,12,26,20,5,9.29,79.2,968.48,134,1.5,10000
2025,12,26,21,6,8.8,81.8,968.3,128,1.71,10000
2025,12,26,22,8,8.56,81.9,968.19,121,1.88,10000
2025,12,26,23,9,7.55,84.6,967.63,132,2.02,10000
2025,12,26,24,7,7.97,85,967.71,142,2.24,10000
2025,12,27,1,6,8.31,83.6,967.36,139,2.27,10000
2025,12,27,2,7,8.25,84.7,966.8,132,2.42,10000
2025,12,27,3,9,8.24,85.5,966.52,137,2.77,10000
2025,12,27,4,8,8.29,85.7,966.46,146,3.1,10000
2025,12,27,5,9,7.95,87,966.62,148,3.67,10000
2025,12,27,6,9,7.96,87.3,966.84,152,4.05,10000
2025,12,27,7,8,10.69,79.9,966.96,153,4.42,10000
2025,12,27,8,8,10.93,75.1,967.12,160,5.09,10000
2025,12,27,9,9,10.91,75,966.68,165,6.08,10000
2025,12,27,10,7,10.8,75.5,965.72,164,5.92,10000
2025,12,27,11,8,11.23,72.8,964.11,167,6.55,10000
2025,12,27,12,8,11.37,73,963.12,164,6.6,10000
2025,12,27,13,9,11.23,73.8,963.01,162,6.16,10000
2025,12,27,14,10,11.11,74.7,962.6,160,5.89,10000
2025,12,27,15,10,10.44,77.8,962.09,158,5.82,10000
2025,12,27,16,9,10.69,76.2,961.99,157,6.2,10000
2025,12,27,17,9,10.92,74.4,961.73,162,6.54,10000
2025,12,27,18,10,10.46,78.6,961.56,165,6.84,10000
2025,12,27,19,10,10.57,79.3,961.09,167,7.26,10000
2025,12,27,20,10,10.42,80.5,961.02,170,7.49,10000
2025,12,27,21,10,10.28,84,960.59,173,7.72,10000
2025,12,27,22,10,10.27,82.6,960.03,173,7.82,10000
2025,12,27,23,10,10.36,84.4,959.1,179,8.05,10000
2025,12,27,24,10,10.63,83.5,958.87,182,8.65,10000
2025,12,28,1,10,10.28,88.1,958.36,187,8.79,10000
2025,12,28,2,10,10.58,88.9,957.67,191,8.51,10000
2025,12,28,3,10,10.51,89.9,956.93,193,7.69,10000
2025,12,28,4,10,10.61,90.9,956.86,195,7.59,10000
2025,12,28,5,10,10.4,93,956.46,196,7.66,10000
2025,12,28,6,10,10.27,94,956.68,197,7.51,10000
2025,12,28,7,10,10.49,87.6,956.89,196,7.71,10000
2025,12,28,8,10,9.96,89.8,956.79,195,7.64,10000
2025,12,28,9,10,9.87,90.8,956.29,195,7.39,10000
2025,12,28,10,9,9.75,91.8,955.33,204,7.02,10000
2025,12,28,11,8,10.92,83.3,954.02,215,6.18,10000
2025,12,28,12,9,9.84,81.3,955.01,245,6.13,10000
2025,12,28,13,10,6.94,89.7,956.43,274,5.5,10000
2025,12,28,14,8,7.29,84.6,956.95,283,3.81,10000
2025,12,28,15,4,7.57,78.4,957.95,271,3.06,10000
2025,12,28,16,1,6.93,74.6,958.87,260,3.29,10000
2025,12,28,17,1,6.52,72.2,960.03,257,3.29,10000
2025,12,28,18,0,4.8,75.1,961,254,2.54,10000
2025,12,28,19,0,4.33,76,961.32,230,1.77,10000
2025,12,28,20,0,3.95,76,962.81,214,1.95,10000
2025,12,28,21,0,2.87,77.9,963.23,197,1.92,10000
2025,12,28,22,0,2.57,78.6,963.65,162,1.38,10000
2025,12,28,23,0,1.96,80,963.76,131,1.37,10000
2025,12,28,24,0,2.2,79.5,963.83,120,1.83,10000
2025,12,29,1,0,2.09,79.2,963.92,117,2.28,10000
2025,12,29,2,0,2.56,78.3,964.17,119,2.33,10000
2025,12,29,3,0,2.21,79.8,964.33,120,2.34,10000
2025,12,29,4,0,1.89,78.9,964.6,124,2.87,10000
2025,12,29,5,0,2.31,78.1,964.7,128,3.38,10000
2025,12,29,6,3,2.9,77.5,965.21,130,4.13,10000
2025,12,29,7,7,7.06,67.8,964.95,135,4.94,10000
2025,12,29,8,7,7.72,63.4,964.72,145,6,10000
2025,12,29,9,7,8.01,57,963.64,150,6.71,10000
2025,12,29,10,8,7.82,53.2,962.28,154,7.61,10000
2025,12,29,11,10,7.69,55.8,961.09,156,9.03,10000
2025,12,29,12,10,7.03,64.2,959.44,157,9.08,10000
2025,12,29,13,10,5.33,76.3,959.01,160,9.02,10000
2025,12,29,14,10,5.14,82.6,958.46,164,9.41,10000
2025,12,29,15,10,5.29,85.4,958.7,174,9.41,10000
2025,12,29,16,7,5.79,86.1,959.52,178,8.93,10000
2025,12,29,17,9,6.31,85.9,960.04,189,7.43,10000
2025,12,29,18,9,6.13,91.8,961,224,6.54,10000
2025,12,29,19,5,5.39,93.7,962.27,243,6,10000
2025,12,29,20,4,4.32,92.3,963.53,244,5.06,10000
2025,12,29,21,2,2.73,91.1,964.7,236,3.57,10000
2025,12,29,22,1,2.19,90.7,965.32,220,2.67,10000
2025,12,29,23,1,1.72,86,966.53,211,2.28,10000
2025,12,29,24,1,1.92,85.5,966.59,190,2,10000
2025,12,30,1,0,0.98,88.6,966.98,179,1.73,10000
2025,12,30,2,1,0.39,89.5,967.66,185,1.45,10000
2025,12,30,3,2,0.46,88.5,968.51,172,1.45,10000
2025,12,30,4,2,0.22,87.6,969.2,154,1.23,10000
2025,12,30,5,2,-0.02,86.4,970.54,129,1.34,10000
2025,12,30,6,5,0.57,85.6,971.66,113,1.65,10000
2025,12,30,7,7,4.8,71.7,972.7,118,1.69,10000
2025,12,30,8,4,5.31,68.1,973.48,128,1.42,10000
2025,12,30,9,1,5.63,67.5,973.91,143,1.1,10000
2025,12,30,10,0,6.05,63.7,973.78,185,0.7,10000
2025,12,30,11,0,7.53,55.1,973.78,193,0.53,10000
2025,12,30,12,0,7.59,53.9,973.88,231,1.3,10000
2025,12,30,13,0,7.8,52.9,974.15,247,1.93,10000
2025,12,30,14,0,7.75,54.2,974.92,256,1.94,10000
2025,12,30,15,0,4.54,69.1,975.7,263,1.74,10000
2025,12,30,16,0,3.88,69.5,975.73,265,1.92,10000
2025,12,30,17,0,4.15,67.7,976.26,261,1.5,10000
2025,12,30,18,0,3.63,70,976.56,269,1,10000
2025,12,30,19,0,4.08,68.2,977,27,0.67,10000
2025,12,30,20,0,2.63,77.7,977.06,47,0.93,10000
2025,12,30,21,9,1.47,82.2,977.25,62,1.28,10000
2025,12,30,22,10,1.04,86.2,977.01,68,1.63,10000
2025,12,30,23,10,1.01,84,977.05,68,1.82,10000
2025,12,30,24,10,1.06,84.7,977.35,67,1.99,10000
2025,12,31,1,10,1.06,85.3,977.27,68,2.26,10000
2025,12,31,2,7,0.95,84.3,976.51,73,2.63,10000
2025,12,31,3,3,0.55,83.1,976.05,81,2.96,10000
2025,12,31,4,4,0.73,78.6,975.92,84,2.89,10000
2025,12,31,5,7,0.72,75.2,975.68,84,3.01,10000
2025,12,31,6,9,1.43,69.3,975.7,83,3.23,10000
2025,12,31,7,10,5.7,53.5,975.34,85,3.28,10000
2025,12,31,8,10,6.82,44.7,975.1,92,2.79,10000
2025,12,31,9,10,7.04,38.6,974.04,104,2.55,10000
2025,12,31,10,10,7.31,37.8,973.31,126,2.54,10000
2025,12,31,11,10,7.8,38,972.32,146,3.07,10000
2025,12,31,12,10,7.83,40.5,971.58,139,3.32,10000
2025,12,31,13,9,7.86,42.5,970.66,131,3.37,10000
2025,12,31,14,9,7.85,47.8,969.96,135,3.17,10000
2025,12,31,15,9,6.6,53.9,969.69,132,3.3,10000
2025,12,31,16,9,6.93,52.4,969.06,123,4.52,10000
2025,12,31,17,9,7.36,49.3,968.81,124,4.82,10000
2025,12,31,18,8,7.22,47.4,969.05,130,4.66,10000
2025,12,31,19,6,7.16,49.5,969.16,135,4.23,10000
2025,12,31,20,7,7.31,50.6,969.13,139,4.03,10000
2025,12,31,21,5,7.32,51,969.07,137,4.37,10000
2025,12,31,22,3,7.27,50.6,968.22,136,4.97,10000
2025,12,31,23,2,6.74,53.3,967.67,139,5.76,10000
2025,12,31,24,2,6.93,50.8,967.32,143,6.47,10000
